id,start,end,maxspeed
l_id0,n_id0,n_id1,0
l_id1,n_id1,n_id2,0
l_id2,n_id2,n_id3,0
l_id3,n_id3,n_id4,0
l_id4,n_id4,n_id5,0
l_id5,n_id5,n_id6,0
l_id6,n_id6,n_id7,0
l_id7,n_id7,n_id8,0
l_id8,n_id8,n_id9,0
l_id9,n_id2,n_id10,0
l_id10,n_id10,n_id11,0
l_id11,n_id11,n_id12,0
l_id12,n_id12,n_id13,0
l_id13,n_id13,n_id14,0
l_id14,n_id14,n_id15,0
l_id15,n_id15,n_id16,0
l_id16,n_id16,n_id17,0
l_id17,n_id17,n_id18,0
l_id18,n_id18,n_id19,0
l_id19,n_id19,n_id20,0
l_id20,n_id20,n_id21,0
l_id21,n_id21,n_id22,0
l_id22,n_id22,n_id23,0
l_id23,n_id23,n_id24,0
l_id24,n_id24,n_id25,0
l_id25,n_id26,n_id27,0
l_id26,n_id27,n_id28,0
l_id27,n_id28,n_id29,0
l_id28,n_id29,n_id30,0
l_id29,n_id30,n_id31,0
l_id30,n_id31,n_id32,0
l_id31,n_id32,n_id33,0
l_id32,n_id33,n_id34,0
l_id33,n_id34,n_id35,0
l_id34,n_id35,n_id36,0
l_id35,n_id36,n_id37,0
l_id36,n_id37,n_id38,0
l_id37,n_id38,n_id39,0
l_id38,n_id39,n_id40,0
l_id39,n_id40,n_id41,0
l_id40,n_id41,n_id42,0
l_id41,n_id42,n_id43,0
l_id42,n_id43,n_id44,0
l_id43,n_id44,n_id45,0
l_id44,n_id45,n_id46,0
l_id45,n_id46,n_id47,0
l_id46,n_id47,n_id24,0
l_id47,n_id0,n_id48,0
l_id48,n_id48,n_id49,0
l_id49,n_id49,n_id50,0
l_id50,n_id50,n_id51,0
l_id51,n_id51,n_id52,0
l_id52,n_id52,n_id53,0
l_id53,n_id53,n_id54,0
l_id54,n_id54,n_id55,0
l_id55,n_id55,n_id56,0
l_id56,n_id56,n_id57,0
l_id57,n_id57,n_id58,0
l_id58,n_id58,n_id59,0
l_id59,n_id59,n_id60,0
l_id60,n_id60,n_id61,0
l_id61,n_id61,n_id62,0
l_id62,n_id62,n_id63,0
l_id63,n_id63,n_id64,0
l_id64,n_id64,n_id65,0
l_id65,n_id65,n_id66,0
l_id66,n_id66,n_id67,0
l_id67,n_id67,n_id68,0
l_id68,n_id68,n_id69,0
l_id69,n_id69,n_id70,0
l_id70,n_id70,n_id71,0
l_id71,n_id71,n_id72,0
l_id72,n_id72,n_id73,0
l_id73,n_id73,n_id74,0
l_id74,n_id74,n_id75,0
l_id75,n_id75,n_id76,0
l_id76,n_id76,n_id77,0
l_id77,n_id78,n_id79,0
l_id78,n_id79,n_id80,0
l_id79,n_id80,n_id81,0
l_id80,n_id81,n_id82,0
l_id81,n_id82,n_id83,0
l_id82,n_id83,n_id84,0
l_id83,n_id84,n_id85,0
l_id84,n_id85,n_id86,0
l_id85,n_id86,n_id87,0
l_id86,n_id87,n_id88,0
l_id87,n_id88,n_id89,0
l_id88,n_id89,n_id90,0
l_id89,n_id90,n_id91,0
l_id90,n_id91,n_id92,0
l_id91,n_id92,n_id93,0
l_id92,n_id93,n_id94,0
l_id93,n_id94,n_id95,0
l_id94,n_id95,n_id96,0
l_id95,n_id96,n_id97,0
l_id96,n_id97,n_id98,0
l_id97,n_id98,n_id99,0
l_id98,n_id99,n_id100,0
l_id99,n_id100,n_id101,0
l_id100,n_id101,n_id102,0
l_id101,n_id102,n_id103,0
l_id102,n_id103,n_id104,0
l_id103,n_id104,n_id105,0
l_id104,n_id105,n_id106,0
l_id105,n_id106,n_id107,0
l_id106,n_id107,n_id108,0
l_id107,n_id108,n_id109,0
l_id108,n_id109,n_id110,0
l_id109,n_id110,n_id111,0
l_id110,n_id111,n_id112,0
l_id111,n_id112,n_id113,0
l_id112,n_id113,n_id114,0
l_id113,n_id114,n_id115,0
l_id114,n_id115,n_id116,0
l_id115,n_id116,n_id117,0
l_id116,n_id117,n_id118,0
l_id117,n_id118,n_id119,0
l_id118,n_id119,n_id120,0
l_id119,n_id120,n_id121,0
l_id120,n_id121,n_id122,0
l_id121,n_id122,n_id123,0
l_id122,n_id123,n_id124,0
l_id123,n_id124,n_id125,0
l_id124,n_id125,n_id126,0
l_id125,n_id126,n_id127,0
l_id126,n_id127,n_id128,0
l_id127,n_id128,n_id129,0
l_id128,n_id129,n_id130,0
l_id129,n_id130,n_id131,0
l_id130,n_id131,n_id132,0
l_id131,n_id133,n_id134,0
l_id132,n_id134,n_id135,0
l_id133,n_id135,n_id136,0
l_id134,n_id136,n_id137,0
l_id135,n_id137,n_id138,0
l_id136,n_id138,n_id139,0
l_id137,n_id139,n_id140,0
l_id138,n_id140,n_id141,0
l_id139,n_id141,n_id142,0
l_id140,n_id142,n_id143,0
l_id141,n_id143,n_id144,0
l_id142,n_id144,n_id145,0
l_id143,n_id145,n_id146,0
l_id144,n_id146,n_id147,0
l_id145,n_id147,n_id93,0
l_id146,n_id93,n_id148,0
l_id147,n_id148,n_id149,0
l_id148,n_id149,n_id150,0
l_id149,n_id150,n_id151,0
l_id150,n_id151,n_id152,0
l_id151,n_id152,n_id153,0
l_id152,n_id153,n_id154,0
l_id153,n_id154,n_id155,0
l_id154,n_id155,n_id156,0
l_id155,n_id156,n_id157,0
l_id156,n_id157,n_id158,0
l_id157,n_id158,n_id159,0
l_id158,n_id159,n_id160,0
l_id159,n_id160,n_id161,0
l_id160,n_id161,n_id162,0
l_id161,n_id162,n_id42,0
l_id162,n_id42,n_id163,0
l_id163,n_id163,n_id164,0
l_id164,n_id164,n_id165,0
l_id165,n_id165,n_id22,0
l_id166,n_id22,n_id166,0
l_id167,n_id166,n_id167,0
l_id168,n_id167,n_id168,0
l_id169,n_id168,n_id169,0
l_id170,n_id169,n_id170,0
l_id171,n_id170,n_id171,0
l_id172,n_id171,n_id172,0
l_id173,n_id172,n_id7,0
l_id174,n_id7,n_id173,0
l_id175,n_id173,n_id174,0
l_id176,n_id174,n_id175,0
l_id177,n_id175,n_id176,0
l_id178,n_id176,n_id177,0
l_id179,n_id177,n_id178,0
l_id180,n_id178,n_id179,0
l_id181,n_id179,n_id180,0
l_id182,n_id180,n_id181,0
l_id183,n_id181,n_id182,0
l_id184,n_id182,n_id183,0
l_id185,n_id183,n_id184,0
l_id186,n_id184,n_id185,0
l_id187,n_id185,n_id186,0
l_id188,n_id186,n_id187,0
l_id189,n_id187,n_id188,0
l_id190,n_id188,n_id189,0
l_id191,n_id189,n_id190,0
l_id192,n_id190,n_id191,0
l_id193,n_id191,n_id192,0
l_id194,n_id192,n_id77,0
l_id195,n_id77,n_id193,0
l_id196,n_id193,n_id194,0
l_id197,n_id194,n_id195,0
l_id198,n_id195,n_id196,0
l_id199,n_id196,n_id197,0
l_id200,n_id197,n_id198,0
l_id201,n_id198,n_id199,0
l_id202,n_id199,n_id200,0
l_id203,n_id200,n_id201,0
l_id204,n_id201,n_id202,0
l_id205,n_id202,n_id203,0
l_id206,n_id203,n_id204,0
l_id207,n_id204,n_id205,0
l_id208,n_id205,n_id206,0
l_id209,n_id206,n_id207,0
l_id210,n_id207,n_id208,0
l_id211,n_id208,n_id209,0
l_id212,n_id209,n_id210,0
l_id213,n_id210,n_id211,0
l_id214,n_id211,n_id212,0
l_id215,n_id212,n_id213,0
l_id216,n_id213,n_id214,0
l_id217,n_id214,n_id215,0
l_id218,n_id215,n_id216,0
l_id219,n_id216,n_id217,0
l_id220,n_id217,n_id218,0
l_id221,n_id218,n_id219,0
l_id222,n_id219,n_id220,0
l_id223,n_id220,n_id221,0
l_id224,n_id221,n_id222,0
l_id225,n_id222,n_id223,0
l_id226,n_id223,n_id224,0
l_id227,n_id224,n_id225,0
l_id228,n_id225,n_id226,0
l_id229,n_id226,n_id227,0
l_id230,n_id227,n_id228,0
l_id231,n_id228,n_id229,0
l_id232,n_id229,n_id230,0
l_id233,n_id230,n_id231,0
l_id234,n_id231,n_id232,0
l_id235,n_id232,n_id233,0
l_id236,n_id233,n_id234,0
l_id237,n_id234,n_id235,0
l_id238,n_id235,n_id236,0
l_id239,n_id236,n_id237,0
l_id240,n_id237,n_id238,0
l_id241,n_id238,n_id239,0
l_id242,n_id239,n_id240,0
l_id243,n_id240,n_id241,0
l_id244,n_id241,n_id242,0
l_id245,n_id242,n_id243,0
l_id246,n_id243,n_id244,0
l_id247,n_id244,n_id245,0
l_id248,n_id245,n_id246,0
l_id249,n_id246,n_id247,0
l_id250,n_id247,n_id248,0
l_id251,n_id248,n_id249,0
l_id252,n_id249,n_id250,0
l_id253,n_id250,n_id251,0
l_id254,n_id251,n_id252,0
l_id255,n_id252,n_id253,0
l_id256,n_id253,n_id254,0
l_id257,n_id254,n_id255,0
l_id258,n_id255,n_id256,0
l_id259,n_id256,n_id257,0
l_id260,n_id257,n_id258,0
l_id261,n_id258,n_id259,0
l_id262,n_id259,n_id260,0
l_id263,n_id260,n_id261,0
l_id264,n_id261,n_id262,0
l_id265,n_id262,n_id263,0
l_id266,n_id263,n_id264,0
l_id267,n_id264,n_id265,0
l_id268,n_id265,n_id266,0
l_id269,n_id266,n_id267,0
l_id270,n_id267,n_id268,0
l_id271,n_id268,n_id269,0
l_id272,n_id269,n_id270,0
l_id273,n_id270,n_id271,0
l_id274,n_id271,n_id272,0
l_id275,n_id272,n_id273,0
l_id276,n_id273,n_id274,0
l_id277,n_id274,n_id275,0
l_id278,n_id275,n_id276,0
l_id279,n_id276,n_id277,0
l_id280,n_id277,n_id278,0
l_id281,n_id278,n_id279,0
l_id282,n_id279,n_id280,0
l_id283,n_id280,n_id281,0
l_id284,n_id281,n_id282,0
l_id285,n_id282,n_id283,0
l_id286,n_id283,n_id284,0
l_id287,n_id284,n_id285,0
l_id288,n_id285,n_id286,0
l_id289,n_id286,n_id287,0
l_id290,n_id287,n_id288,0
l_id291,n_id288,n_id289,0
l_id292,n_id289,n_id290,0
l_id293,n_id290,n_id291,0
l_id294,n_id291,n_id292,0
l_id295,n_id292,n_id293,0
l_id296,n_id293,n_id294,0
l_id297,n_id294,n_id295,0
l_id298,n_id295,n_id296,0
l_id299,n_id296,n_id297,0
l_id300,n_id297,n_id298,0
l_id301,n_id298,n_id299,0
l_id302,n_id299,n_id300,0
l_id303,n_id301,n_id302,0
l_id304,n_id302,n_id303,0
l_id305,n_id303,n_id304,0
l_id306,n_id304,n_id305,0
l_id307,n_id305,n_id306,0
l_id308,n_id306,n_id307,0
l_id309,n_id307,n_id308,0
l_id310,n_id308,n_id309,0
l_id311,n_id309,n_id310,0
l_id312,n_id310,n_id311,0
l_id313,n_id311,n_id312,0
l_id314,n_id312,n_id313,0
l_id315,n_id313,n_id314,0
l_id316,n_id314,n_id315,0
l_id317,n_id315,n_id316,0
l_id318,n_id316,n_id317,0
l_id319,n_id317,n_id318,0
l_id320,n_id318,n_id319,0
l_id321,n_id319,n_id320,0
l_id322,n_id320,n_id321,0
l_id323,n_id321,n_id237,0
l_id324,n_id237,n_id322,0
l_id325,n_id322,n_id323,0
l_id326,n_id323,n_id324,0
l_id327,n_id324,n_id325,0
l_id328,n_id325,n_id326,0
l_id329,n_id326,n_id327,0
l_id330,n_id327,n_id328,0
l_id331,n_id328,n_id329,0
l_id332,n_id329,n_id330,0
l_id333,n_id330,n_id331,0
l_id334,n_id331,n_id332,0
l_id335,n_id332,n_id333,0
l_id336,n_id333,n_id334,0
l_id337,n_id334,n_id335,0
l_id338,n_id335,n_id336,0
l_id339,n_id336,n_id337,0
l_id340,n_id337,n_id338,0
l_id341,n_id338,n_id339,0
l_id342,n_id339,n_id340,0
l_id343,n_id340,n_id341,0
l_id344,n_id341,n_id342,0
l_id345,n_id342,n_id343,0
l_id346,n_id343,n_id344,0
l_id347,n_id344,n_id345,0
l_id348,n_id345,n_id346,0
l_id349,n_id346,n_id347,0
l_id350,n_id347,n_id348,0
l_id351,n_id348,n_id349,0
l_id352,n_id349,n_id350,0
l_id353,n_id350,n_id351,0
l_id354,n_id351,n_id352,0
l_id355,n_id352,n_id353,0
l_id356,n_id353,n_id354,0
l_id357,n_id354,n_id355,0
l_id358,n_id355,n_id356,0
l_id359,n_id356,n_id357,0
l_id360,n_id357,n_id358,0
l_id361,n_id358,n_id359,0
l_id362,n_id359,n_id360,0
l_id363,n_id360,n_id361,0
l_id364,n_id361,n_id362,0
l_id365,n_id362,n_id363,0
l_id366,n_id363,n_id364,0
l_id367,n_id364,n_id365,0
l_id368,n_id365,n_id366,0
l_id369,n_id366,n_id367,0
l_id370,n_id367,n_id368,0
l_id371,n_id368,n_id369,0
l_id372,n_id369,n_id370,0
l_id373,n_id370,n_id371,0
l_id374,n_id371,n_id372,0
l_id375,n_id372,n_id373,0
l_id376,n_id373,n_id374,0
l_id377,n_id374,n_id375,0
l_id378,n_id375,n_id376,0
l_id379,n_id376,n_id377,0
l_id380,n_id377,n_id378,0
l_id381,n_id378,n_id379,0
l_id382,n_id379,n_id380,0
l_id383,n_id380,n_id381,0
l_id384,n_id381,n_id382,0
l_id385,n_id382,n_id383,0
l_id386,n_id383,n_id384,0
l_id387,n_id384,n_id385,0
l_id388,n_id385,n_id386,0
l_id389,n_id386,n_id387,0
l_id390,n_id387,n_id388,0
l_id391,n_id388,n_id389,0
l_id392,n_id389,n_id390,0
l_id393,n_id390,n_id391,0
l_id394,n_id391,n_id392,0
l_id395,n_id392,n_id393,0
l_id396,n_id393,n_id394,0
l_id397,n_id394,n_id395,0
l_id398,n_id395,n_id396,0
l_id399,n_id396,n_id397,0
l_id400,n_id397,n_id398,0
l_id401,n_id398,n_id399,0
l_id402,n_id399,n_id400,0
l_id403,n_id400,n_id401,0
l_id404,n_id401,n_id402,0
l_id405,n_id402,n_id403,0
l_id406,n_id403,n_id404,0
l_id407,n_id404,n_id405,0
l_id408,n_id405,n_id406,0
l_id409,n_id406,n_id407,0
l_id410,n_id407,n_id408,0
l_id411,n_id408,n_id409,0
l_id412,n_id409,n_id410,0
l_id413,n_id410,n_id411,0
l_id414,n_id411,n_id412,0
l_id415,n_id412,n_id413,0
l_id416,n_id413,n_id414,0
l_id417,n_id414,n_id415,0
l_id418,n_id415,n_id416,0
l_id419,n_id416,n_id417,0
l_id420,n_id417,n_id418,0
l_id421,n_id418,n_id419,0
l_id422,n_id419,n_id420,0
l_id423,n_id420,n_id421,0
l_id424,n_id421,n_id422,0
l_id425,n_id422,n_id423,0
l_id426,n_id423,n_id424,0
l_id427,n_id424,n_id425,0
l_id428,n_id425,n_id426,0
l_id429,n_id426,n_id427,0
l_id430,n_id427,n_id428,0
l_id431,n_id428,n_id429,0
l_id432,n_id429,n_id430,0
l_id433,n_id430,n_id431,0
l_id434,n_id431,n_id432,0
l_id435,n_id432,n_id433,0
l_id436,n_id433,n_id434,0
l_id437,n_id434,n_id435,0
l_id438,n_id435,n_id436,0
l_id439,n_id436,n_id437,0
l_id440,n_id437,n_id438,0
l_id441,n_id438,n_id439,0
l_id442,n_id439,n_id440,0
l_id443,n_id440,n_id441,0
l_id444,n_id441,n_id442,0
l_id445,n_id442,n_id443,0
l_id446,n_id443,n_id444,0
l_id447,n_id444,n_id445,0
l_id448,n_id445,n_id446,0
l_id449,n_id446,n_id447,0
l_id450,n_id447,n_id448,0
l_id451,n_id448,n_id449,0
l_id452,n_id449,n_id450,0
l_id453,n_id450,n_id451,0
l_id454,n_id451,n_id452,0
l_id455,n_id452,n_id453,0
l_id456,n_id453,n_id454,0
l_id457,n_id454,n_id455,0
l_id458,n_id455,n_id456,0
l_id459,n_id456,n_id457,0
l_id460,n_id457,n_id458,0
l_id461,n_id458,n_id459,0
l_id462,n_id459,n_id460,0
l_id463,n_id460,n_id461,0
l_id464,n_id461,n_id462,0
l_id465,n_id462,n_id463,0
l_id466,n_id463,n_id464,0
l_id467,n_id464,n_id465,0
l_id468,n_id465,n_id466,0
l_id469,n_id466,n_id467,0
l_id470,n_id467,n_id468,0
l_id471,n_id468,n_id469,0
l_id472,n_id469,n_id470,0
l_id473,n_id470,n_id471,0
l_id474,n_id471,n_id472,0
l_id475,n_id472,n_id473,0
l_id476,n_id473,n_id474,0
l_id477,n_id474,n_id475,0
l_id478,n_id475,n_id476,0
l_id479,n_id476,n_id477,0
l_id480,n_id477,n_id478,0
l_id481,n_id478,n_id479,0
l_id482,n_id479,n_id480,0
l_id483,n_id480,n_id481,0
l_id484,n_id481,n_id482,0
l_id485,n_id482,n_id483,0
l_id486,n_id483,n_id484,0
l_id487,n_id484,n_id485,0
l_id488,n_id485,n_id486,0
l_id489,n_id486,n_id487,0
l_id490,n_id487,n_id488,0
l_id491,n_id488,n_id489,0
l_id492,n_id489,n_id490,0
l_id493,n_id490,n_id491,0
l_id494,n_id491,n_id492,0
l_id495,n_id492,n_id493,0
l_id496,n_id493,n_id494,0
l_id497,n_id494,n_id495,0
l_id498,n_id495,n_id496,0
l_id499,n_id496,n_id497,0
l_id500,n_id497,n_id498,0
l_id501,n_id498,n_id499,0
l_id502,n_id499,n_id500,0
l_id503,n_id500,n_id501,0
l_id504,n_id501,n_id502,0
l_id505,n_id502,n_id503,0
l_id506,n_id503,n_id504,0
l_id507,n_id504,n_id505,0
l_id508,n_id505,n_id506,0
l_id509,n_id506,n_id507,0
l_id510,n_id507,n_id508,0
l_id511,n_id508,n_id509,0
l_id512,n_id509,n_id510,0
l_id513,n_id510,n_id511,0
l_id514,n_id511,n_id512,0
l_id515,n_id512,n_id513,0
l_id516,n_id513,n_id514,0
l_id517,n_id514,n_id515,0
l_id518,n_id515,n_id516,0
l_id519,n_id516,n_id517,0
l_id520,n_id517,n_id518,0
l_id521,n_id518,n_id519,0
l_id522,n_id519,n_id520,0
l_id523,n_id520,n_id521,0
l_id524,n_id521,n_id522,0
l_id525,n_id522,n_id523,0
l_id526,n_id523,n_id524,0
l_id527,n_id524,n_id525,0
l_id528,n_id525,n_id526,0
l_id529,n_id526,n_id527,0
l_id530,n_id527,n_id528,0
l_id531,n_id528,n_id529,0
l_id532,n_id529,n_id530,0
l_id533,n_id530,n_id531,0
l_id534,n_id531,n_id532,0
l_id535,n_id532,n_id533,0
l_id536,n_id533,n_id534,0
l_id537,n_id534,n_id535,0
l_id538,n_id535,n_id536,0
l_id539,n_id536,n_id537,0
l_id540,n_id537,n_id538,0
l_id541,n_id538,n_id539,0
l_id542,n_id539,n_id540,0
l_id543,n_id540,n_id541,0
l_id544,n_id541,n_id542,0
l_id545,n_id542,n_id543,0
l_id546,n_id543,n_id544,0
l_id547,n_id544,n_id545,0
l_id548,n_id545,n_id546,0
l_id549,n_id546,n_id547,0
l_id550,n_id547,n_id548,0
l_id551,n_id548,n_id549,0
l_id552,n_id549,n_id550,0
l_id553,n_id550,n_id551,0
l_id554,n_id551,n_id552,0
l_id555,n_id552,n_id553,0
l_id556,n_id553,n_id554,0
l_id557,n_id554,n_id555,0
l_id558,n_id555,n_id556,0
l_id559,n_id556,n_id557,0
l_id560,n_id557,n_id558,0
l_id561,n_id558,n_id559,0
l_id562,n_id559,n_id560,0
l_id563,n_id560,n_id561,0
l_id564,n_id561,n_id562,0
l_id565,n_id562,n_id563,0
l_id566,n_id563,n_id564,0
l_id567,n_id564,n_id565,0
l_id568,n_id565,n_id566,0
l_id569,n_id566,n_id567,0
l_id570,n_id567,n_id568,0
l_id571,n_id568,n_id569,0
l_id572,n_id569,n_id570,0
l_id573,n_id570,n_id571,0
l_id574,n_id571,n_id572,0
l_id575,n_id572,n_id573,0
l_id576,n_id573,n_id574,0
l_id577,n_id574,n_id575,0
l_id578,n_id575,n_id576,0
l_id579,n_id576,n_id577,0
l_id580,n_id577,n_id578,0
l_id581,n_id578,n_id579,0
l_id582,n_id579,n_id580,0
l_id583,n_id580,n_id581,0
l_id584,n_id581,n_id582,0
l_id585,n_id582,n_id583,0
l_id586,n_id583,n_id584,0
l_id587,n_id584,n_id585,0
l_id588,n_id585,n_id586,0
l_id589,n_id586,n_id587,0
l_id590,n_id587,n_id588,0
l_id591,n_id588,n_id589,0
l_id592,n_id589,n_id590,0
l_id593,n_id590,n_id591,0
l_id594,n_id591,n_id592,0
l_id595,n_id592,n_id593,0
l_id596,n_id593,n_id594,0
l_id597,n_id594,n_id595,0
l_id598,n_id595,n_id596,0
l_id599,n_id596,n_id597,0
l_id600,n_id597,n_id598,0
l_id601,n_id598,n_id599,0
l_id602,n_id599,n_id600,0
l_id603,n_id600,n_id601,0
l_id604,n_id601,n_id602,0
l_id605,n_id602,n_id603,0
l_id606,n_id603,n_id604,0
l_id607,n_id604,n_id605,0
l_id608,n_id605,n_id606,0
l_id609,n_id606,n_id607,0
l_id610,n_id607,n_id608,0
l_id611,n_id608,n_id609,0
l_id612,n_id609,n_id610,0
l_id613,n_id610,n_id611,0
l_id614,n_id611,n_id612,0
l_id615,n_id612,n_id613,0
l_id616,n_id613,n_id614,0
l_id617,n_id302,n_id615,0
l_id618,n_id615,n_id616,0
l_id619,n_id616,n_id617,0
l_id620,n_id617,n_id618,0
l_id621,n_id618,n_id619,0
l_id622,n_id619,n_id620,0
l_id623,n_id620,n_id621,0
l_id624,n_id621,n_id622,0
l_id625,n_id622,n_id623,0
l_id626,n_id623,n_id624,0
l_id627,n_id624,n_id625,0
l_id628,n_id625,n_id626,0
l_id629,n_id626,n_id627,0
l_id630,n_id627,n_id628,0
l_id631,n_id628,n_id629,0
l_id632,n_id629,n_id630,0
l_id633,n_id630,n_id631,0
l_id634,n_id631,n_id632,0
l_id635,n_id632,n_id633,0
l_id636,n_id633,n_id634,0
l_id637,n_id634,n_id635,0
l_id638,n_id635,n_id636,0
l_id639,n_id636,n_id637,0
l_id640,n_id637,n_id638,0
l_id641,n_id638,n_id639,0
l_id642,n_id639,n_id640,0
l_id643,n_id640,n_id641,0
l_id644,n_id641,n_id642,0
l_id645,n_id642,n_id643,0
l_id646,n_id643,n_id644,0
l_id647,n_id644,n_id645,0
l_id648,n_id645,n_id646,0
l_id649,n_id646,n_id647,0
l_id650,n_id647,n_id648,0
l_id651,n_id648,n_id649,0
l_id652,n_id649,n_id650,0
l_id653,n_id650,n_id651,0
l_id654,n_id651,n_id652,0
l_id655,n_id652,n_id653,0
l_id656,n_id653,n_id654,0
l_id657,n_id654,n_id655,0
l_id658,n_id655,n_id196,0
l_id659,n_id196,n_id656,0
l_id660,n_id656,n_id657,0
l_id661,n_id657,n_id658,0
l_id662,n_id658,n_id659,0
l_id663,n_id659,n_id660,0
l_id664,n_id660,n_id661,0
l_id665,n_id661,n_id662,0
l_id666,n_id662,n_id663,0
l_id667,n_id663,n_id664,0
l_id668,n_id664,n_id665,0
l_id669,n_id665,n_id666,0
l_id670,n_id666,n_id667,0
l_id671,n_id667,n_id668,0
l_id672,n_id668,n_id669,0
l_id673,n_id669,n_id670,0
l_id674,n_id670,n_id671,0
l_id675,n_id671,n_id672,0
l_id676,n_id672,n_id673,0
l_id677,n_id673,n_id674,0
l_id678,n_id674,n_id675,0
l_id679,n_id675,n_id676,0
l_id680,n_id676,n_id677,0
l_id681,n_id677,n_id678,0
l_id682,n_id678,n_id679,0
l_id683,n_id679,n_id680,0
l_id684,n_id680,n_id681,0
l_id685,n_id681,n_id682,0
l_id686,n_id682,n_id683,0
l_id687,n_id683,n_id684,0
l_id688,n_id684,n_id685,0
l_id689,n_id685,n_id686,0
l_id690,n_id686,n_id687,0
l_id691,n_id687,n_id688,0
l_id692,n_id688,n_id689,0
l_id693,n_id689,n_id690,0
l_id694,n_id690,n_id691,0
l_id695,n_id691,n_id692,0
l_id696,n_id692,n_id693,0
l_id697,n_id693,n_id694,0
l_id698,n_id694,n_id695,0
l_id699,n_id695,n_id696,0
l_id700,n_id696,n_id697,0
l_id701,n_id697,n_id698,0
l_id702,n_id698,n_id699,0
l_id703,n_id699,n_id700,0
l_id704,n_id700,n_id701,0
l_id705,n_id701,n_id702,0
l_id706,n_id702,n_id703,0
l_id707,n_id703,n_id704,0
l_id708,n_id704,n_id705,0
l_id709,n_id705,n_id706,0
l_id710,n_id706,n_id707,0
l_id711,n_id707,n_id708,0
l_id712,n_id708,n_id709,0
l_id713,n_id709,n_id710,0
l_id714,n_id710,n_id711,0
l_id715,n_id711,n_id712,0
l_id716,n_id712,n_id713,0
l_id717,n_id713,n_id714,0
l_id718,n_id714,n_id715,0
l_id719,n_id715,n_id716,0
l_id720,n_id716,n_id717,0
l_id721,n_id717,n_id718,0
l_id722,n_id718,n_id719,0
l_id723,n_id719,n_id720,0
l_id724,n_id720,n_id721,0
l_id725,n_id721,n_id722,0
l_id726,n_id722,n_id723,0
l_id727,n_id723,n_id724,0
l_id728,n_id724,n_id725,0
l_id729,n_id725,n_id726,0
l_id730,n_id726,n_id727,0
l_id731,n_id727,n_id728,0
l_id732,n_id728,n_id729,0
l_id733,n_id729,n_id730,0
l_id734,n_id730,n_id731,0
l_id735,n_id731,n_id132,0
l_id736,n_id132,n_id732,0
l_id737,n_id732,n_id733,0
l_id738,n_id733,n_id734,0
l_id739,n_id734,n_id735,0
l_id740,n_id735,n_id736,0
l_id741,n_id736,n_id737,0
l_id742,n_id737,n_id738,0
l_id743,n_id738,n_id739,0
l_id744,n_id739,n_id740,0
l_id745,n_id740,n_id741,0
l_id746,n_id741,n_id742,0
l_id747,n_id742,n_id743,0
l_id748,n_id743,n_id744,0
l_id749,n_id744,n_id745,0
l_id750,n_id745,n_id746,0
l_id751,n_id746,n_id747,0
l_id752,n_id747,n_id748,0
l_id753,n_id748,n_id749,0
l_id754,n_id749,n_id750,0
l_id755,n_id750,n_id751,0
l_id756,n_id751,n_id752,0
l_id757,n_id752,n_id753,0
l_id758,n_id753,n_id754,0
l_id759,n_id754,n_id755,0
l_id760,n_id755,n_id756,0
l_id761,n_id756,n_id757,0
l_id762,n_id757,n_id758,0
l_id763,n_id758,n_id759,0
l_id764,n_id759,n_id760,0
l_id765,n_id760,n_id761,0
l_id766,n_id761,n_id762,0
l_id767,n_id762,n_id763,0
l_id768,n_id763,n_id764,0
l_id769,n_id764,n_id765,0
l_id770,n_id765,n_id766,0
l_id771,n_id766,n_id767,0
l_id772,n_id767,n_id768,0
l_id773,n_id768,n_id769,0
l_id774,n_id769,n_id770,0
l_id775,n_id770,n_id771,0
l_id776,n_id771,n_id772,0
l_id777,n_id772,n_id773,0
l_id778,n_id773,n_id774,0
l_id779,n_id774,n_id775,0
l_id780,n_id775,n_id776,0
l_id781,n_id776,n_id777,0
l_id782,n_id777,n_id778,0
l_id783,n_id778,n_id779,0
l_id784,n_id779,n_id780,0
l_id785,n_id780,n_id781,0
l_id786,n_id781,n_id782,0
l_id787,n_id782,n_id783,0
l_id788,n_id783,n_id784,0
l_id789,n_id784,n_id785,0
l_id790,n_id785,n_id786,0
l_id791,n_id786,n_id787,0
l_id792,n_id787,n_id788,0
l_id793,n_id788,n_id789,0
l_id794,n_id789,n_id790,0
l_id795,n_id790,n_id791,0
l_id796,n_id791,n_id792,0
l_id797,n_id792,n_id793,0
l_id798,n_id793,n_id794,0
l_id799,n_id794,n_id795,0
l_id800,n_id795,n_id796,0
l_id801,n_id796,n_id797,0
l_id802,n_id797,n_id798,0
l_id803,n_id798,n_id799,0
l_id804,n_id799,n_id800,0
l_id805,n_id800,n_id801,0
l_id806,n_id801,n_id802,0
l_id807,n_id802,n_id803,0
l_id808,n_id803,n_id804,0
l_id809,n_id804,n_id805,0
l_id810,n_id805,n_id806,0
l_id811,n_id806,n_id807,0
l_id812,n_id807,n_id808,0
l_id813,n_id808,n_id809,0
l_id814,n_id809,n_id810,0
l_id815,n_id810,n_id811,0
l_id816,n_id811,n_id812,0
l_id817,n_id812,n_id813,0
l_id818,n_id813,n_id814,0
l_id819,n_id814,n_id815,0
l_id820,n_id815,n_id816,0
l_id821,n_id816,n_id817,0
l_id822,n_id817,n_id818,0
l_id823,n_id818,n_id819,0
l_id824,n_id819,n_id820,0
l_id825,n_id820,n_id821,0
l_id826,n_id821,n_id822,0
l_id827,n_id822,n_id823,0
l_id828,n_id823,n_id824,0
l_id829,n_id824,n_id825,0
l_id830,n_id825,n_id826,0
l_id831,n_id826,n_id827,0
l_id832,n_id827,n_id828,0
l_id833,n_id828,n_id829,0
l_id834,n_id829,n_id830,0
l_id835,n_id830,n_id831,0
l_id836,n_id831,n_id832,0
l_id837,n_id832,n_id833,0
l_id838,n_id833,n_id834,0
l_id839,n_id834,n_id835,0
l_id840,n_id835,n_id836,0
l_id841,n_id836,n_id837,0
l_id842,n_id837,n_id838,0
l_id843,n_id838,n_id839,0
l_id844,n_id839,n_id840,0
l_id845,n_id840,n_id841,0
l_id846,n_id841,n_id842,0
l_id847,n_id842,n_id843,0
l_id848,n_id843,n_id844,0
l_id849,n_id844,n_id845,0
l_id850,n_id845,n_id846,0
l_id851,n_id846,n_id847,0
l_id852,n_id847,n_id848,0
l_id853,n_id848,n_id849,0
l_id854,n_id849,n_id850,0
l_id855,n_id850,n_id851,0
l_id856,n_id851,n_id852,0
l_id857,n_id852,n_id853,0
l_id858,n_id853,n_id854,0
l_id859,n_id854,n_id855,0
l_id860,n_id855,n_id856,0
l_id861,n_id856,n_id857,0
l_id862,n_id857,n_id858,0
l_id863,n_id858,n_id859,0
l_id864,n_id859,n_id860,0
l_id865,n_id860,n_id861,0
l_id866,n_id861,n_id862,0
l_id867,n_id862,n_id863,0
l_id868,n_id863,n_id864,0
l_id869,n_id864,n_id865,0
l_id870,n_id865,n_id866,0
l_id871,n_id866,n_id867,0
l_id872,n_id867,n_id868,0
l_id873,n_id868,n_id869,0
l_id874,n_id869,n_id870,0
l_id875,n_id870,n_id871,0
l_id876,n_id871,n_id872,0
l_id877,n_id872,n_id873,0
l_id878,n_id873,n_id874,0
l_id879,n_id874,n_id875,0
l_id880,n_id875,n_id876,0
l_id881,n_id876,n_id877,0
l_id882,n_id877,n_id878,0
l_id883,n_id878,n_id879,0
l_id884,n_id879,n_id880,0
l_id885,n_id880,n_id881,0
l_id886,n_id881,n_id882,0
l_id887,n_id882,n_id883,0
l_id888,n_id883,n_id884,0
l_id889,n_id884,n_id885,0
l_id890,n_id885,n_id886,0
l_id891,n_id886,n_id887,0
l_id892,n_id887,n_id888,0
l_id893,n_id888,n_id889,0
l_id894,n_id889,n_id890,0
l_id895,n_id890,n_id891,0
l_id896,n_id891,n_id892,0
l_id897,n_id892,n_id893,0
l_id898,n_id893,n_id894,0
l_id899,n_id894,n_id895,0
l_id900,n_id895,n_id896,0
l_id901,n_id896,n_id897,0
l_id902,n_id897,n_id898,0
l_id903,n_id898,n_id899,0
l_id904,n_id899,n_id900,0
l_id905,n_id900,n_id901,0
l_id906,n_id901,n_id902,0
l_id907,n_id902,n_id903,0
l_id908,n_id903,n_id904,0
l_id909,n_id904,n_id905,0
l_id910,n_id905,n_id906,0
l_id911,n_id906,n_id907,0
l_id912,n_id907,n_id908,0
l_id913,n_id908,n_id909,0
l_id914,n_id909,n_id910,0
l_id915,n_id910,n_id911,0
l_id916,n_id911,n_id912,0
l_id917,n_id912,n_id913,0
l_id918,n_id913,n_id914,0
l_id919,n_id914,n_id915,0
l_id920,n_id915,n_id916,0
l_id921,n_id916,n_id917,0
l_id922,n_id917,n_id918,0
l_id923,n_id918,n_id919,0
l_id924,n_id919,n_id920,0
l_id925,n_id920,n_id921,0
l_id926,n_id921,n_id922,0
l_id927,n_id922,n_id923,0
l_id928,n_id923,n_id924,0
l_id929,n_id924,n_id925,0
l_id930,n_id925,n_id926,0
l_id931,n_id926,n_id927,0
l_id932,n_id927,n_id928,0
l_id933,n_id928,n_id929,0
l_id934,n_id929,n_id930,0
l_id935,n_id930,n_id931,0
l_id936,n_id931,n_id932,0
l_id937,n_id932,n_id933,0
l_id938,n_id933,n_id934,0
l_id939,n_id934,n_id935,0
l_id940,n_id935,n_id936,0
l_id941,n_id936,n_id937,0
l_id942,n_id937,n_id938,0
l_id943,n_id938,n_id939,0
l_id944,n_id939,n_id940,0
l_id945,n_id940,n_id941,0
l_id946,n_id941,n_id942,0
l_id947,n_id942,n_id943,0
l_id948,n_id943,n_id944,0
l_id949,n_id944,n_id945,0
l_id950,n_id945,n_id946,0
l_id951,n_id946,n_id947,0
l_id952,n_id947,n_id948,0
l_id953,n_id948,n_id949,0
l_id954,n_id949,n_id950,0
l_id955,n_id950,n_id951,0
l_id956,n_id951,n_id952,0
l_id957,n_id952,n_id953,0
l_id958,n_id953,n_id954,0
l_id959,n_id954,n_id955,0
l_id960,n_id955,n_id956,0
l_id961,n_id956,n_id957,0
l_id962,n_id957,n_id958,0
l_id963,n_id958,n_id959,0
l_id964,n_id959,n_id960,0
l_id965,n_id960,n_id961,0
l_id966,n_id961,n_id962,0
l_id967,n_id962,n_id963,0
l_id968,n_id963,n_id964,0
l_id969,n_id964,n_id965,0
l_id970,n_id965,n_id966,0
l_id971,n_id966,n_id967,0
l_id972,n_id967,n_id968,0
l_id973,n_id968,n_id969,0
l_id974,n_id969,n_id970,0
l_id975,n_id970,n_id971,0
l_id976,n_id971,n_id972,0
l_id977,n_id972,n_id973,0
l_id978,n_id973,n_id974,0
l_id979,n_id974,n_id975,0
l_id980,n_id306,n_id976,0
l_id981,n_id976,n_id977,0
l_id982,n_id977,n_id978,0
l_id983,n_id978,n_id979,0
l_id984,n_id979,n_id980,0
l_id985,n_id980,n_id981,0
l_id986,n_id981,n_id982,0
l_id987,n_id982,n_id983,0
l_id988,n_id983,n_id984,0
l_id989,n_id984,n_id985,0
l_id990,n_id985,n_id986,0
l_id991,n_id986,n_id987,0
l_id992,n_id987,n_id988,0
l_id993,n_id988,n_id989,0
l_id994,n_id989,n_id990,0
l_id995,n_id990,n_id991,0
l_id996,n_id991,n_id992,0
l_id997,n_id992,n_id993,0
l_id998,n_id993,n_id994,0
l_id999,n_id994,n_id995,0
l_id1000,n_id995,n_id996,0
l_id1001,n_id996,n_id997,0
l_id1002,n_id997,n_id998,0
l_id1003,n_id998,n_id999,0
l_id1004,n_id999,n_id1000,0
l_id1005,n_id1000,n_id1001,0
l_id1006,n_id1001,n_id1002,0
l_id1007,n_id1002,n_id1003,0
l_id1008,n_id1003,n_id1004,0
l_id1009,n_id1004,n_id1005,0
l_id1010,n_id1005,n_id1006,0
l_id1011,n_id1006,n_id1007,0
l_id1012,n_id1007,n_id1008,0
l_id1013,n_id1008,n_id1009,0
l_id1014,n_id1009,n_id1010,0
l_id1015,n_id1010,n_id1011,0
l_id1016,n_id1011,n_id1012,0
l_id1017,n_id1012,n_id210,0
l_id1018,n_id210,n_id1013,0
l_id1019,n_id1013,n_id1014,0
l_id1020,n_id1014,n_id1015,0
l_id1021,n_id1015,n_id1016,0
l_id1022,n_id1016,n_id1017,0
l_id1023,n_id1017,n_id1018,0
l_id1024,n_id1018,n_id1019,0
l_id1025,n_id1019,n_id1020,0
l_id1026,n_id1020,n_id1021,0
l_id1027,n_id1021,n_id1022,0
l_id1028,n_id1022,n_id1023,0
l_id1029,n_id1023,n_id1024,0
l_id1030,n_id1024,n_id1025,0
l_id1031,n_id1025,n_id1026,0
l_id1032,n_id1026,n_id1027,0
l_id1033,n_id1027,n_id1028,0
l_id1034,n_id1028,n_id1029,0
l_id1035,n_id1029,n_id1030,0
l_id1036,n_id1030,n_id1031,0
l_id1037,n_id1031,n_id1032,0
l_id1038,n_id1032,n_id1033,0
l_id1039,n_id1033,n_id1034,0
l_id1040,n_id1034,n_id1035,0
l_id1041,n_id1035,n_id1036,0
l_id1042,n_id1036,n_id1037,0
l_id1043,n_id1037,n_id1038,0
l_id1044,n_id1038,n_id1039,0
l_id1045,n_id1039,n_id1040,0
l_id1046,n_id1040,n_id1041,0
l_id1047,n_id1041,n_id1042,0
l_id1048,n_id1042,n_id1043,0
l_id1049,n_id1043,n_id1044,0
l_id1050,n_id1044,n_id1045,0
l_id1051,n_id1045,n_id1046,0
l_id1052,n_id1046,n_id1047,0
l_id1053,n_id1047,n_id1048,0
l_id1054,n_id1048,n_id1049,0
l_id1055,n_id1049,n_id1050,0
l_id1056,n_id1050,n_id1051,0
l_id1057,n_id1051,n_id1052,0
l_id1058,n_id1052,n_id1053,0
l_id1059,n_id1053,n_id1054,0
l_id1060,n_id1054,n_id1055,0
l_id1061,n_id1055,n_id1056,0
l_id1062,n_id1056,n_id1057,0
l_id1063,n_id1057,n_id1058,0
l_id1064,n_id1058,n_id1059,0
l_id1065,n_id1059,n_id1060,0
l_id1066,n_id1060,n_id1061,0
l_id1067,n_id1061,n_id1062,0
l_id1068,n_id1062,n_id1063,0
l_id1069,n_id1063,n_id1064,0
l_id1070,n_id1064,n_id1065,0
l_id1071,n_id1065,n_id1066,0
l_id1072,n_id1066,n_id1067,0
l_id1073,n_id1067,n_id1068,0
l_id1074,n_id1068,n_id1069,0
l_id1075,n_id1069,n_id1070,0
l_id1076,n_id1070,n_id1071,0
l_id1077,n_id1071,n_id1072,0
l_id1078,n_id1072,n_id1073,0
l_id1079,n_id89,n_id1074,0
l_id1080,n_id1074,n_id1075,0
l_id1081,n_id1075,n_id1076,0
l_id1082,n_id1076,n_id1077,0
l_id1083,n_id1077,n_id1078,0
l_id1084,n_id1078,n_id1079,0
l_id1085,n_id1079,n_id1080,0
l_id1086,n_id1080,n_id1081,0
l_id1087,n_id1081,n_id1082,0
l_id1088,n_id1082,n_id1083,0
l_id1089,n_id1083,n_id1084,0
l_id1090,n_id1084,n_id1085,0
l_id1091,n_id1085,n_id1086,0
l_id1092,n_id1086,n_id1087,0
l_id1093,n_id1087,n_id1088,0
l_id1094,n_id1088,n_id1089,0
l_id1095,n_id1089,n_id1090,0
l_id1096,n_id1090,n_id1091,0
l_id1097,n_id1091,n_id1092,0
l_id1098,n_id1092,n_id33,0
l_id1099,n_id33,n_id1093,0
l_id1100,n_id1093,n_id1094,0
l_id1101,n_id1094,n_id1095,0
l_id1102,n_id1095,n_id1096,0
l_id1103,n_id1096,n_id1097,0
l_id1104,n_id1097,n_id1098,0
l_id1105,n_id1098,n_id1099,0
l_id1106,n_id1099,n_id1100,0
l_id1107,n_id1100,n_id1101,0
l_id1108,n_id1101,n_id1102,0
l_id1109,n_id1102,n_id1103,0
l_id1110,n_id1103,n_id1104,0
l_id1111,n_id1104,n_id1105,0
l_id1112,n_id1105,n_id1106,0
l_id1113,n_id1106,n_id1107,0
l_id1114,n_id1107,n_id1108,0
l_id1115,n_id1108,n_id1109,0
l_id1116,n_id1109,n_id1110,0
l_id1117,n_id1110,n_id1111,0
l_id1118,n_id1111,n_id1112,0
l_id1119,n_id1112,n_id1113,0
l_id1120,n_id1113,n_id1114,0
l_id1121,n_id1114,n_id1115,0
l_id1122,n_id1115,n_id1116,0
l_id1123,n_id1116,n_id1117,0
l_id1124,n_id1117,n_id11,0
l_id1125,n_id11,n_id1118,0
l_id1126,n_id1118,n_id1119,0
l_id1127,n_id1119,n_id1120,0
l_id1128,n_id1120,n_id1121,0
l_id1129,n_id1121,n_id3,0
l_id1130,n_id3,n_id1122,0
l_id1131,n_id1122,n_id1123,0
l_id1132,n_id1123,n_id1124,0
l_id1133,n_id1124,n_id1125,0
l_id1134,n_id1125,n_id1126,0
l_id1135,n_id1126,n_id1127,0
l_id1136,n_id1127,n_id1128,0
l_id1137,n_id1128,n_id54,0
l_id1138,n_id54,n_id1129,0
l_id1139,n_id1129,n_id1130,0
l_id1140,n_id1130,n_id1131,0
l_id1141,n_id1131,n_id1132,0
l_id1142,n_id1132,n_id1133,0
l_id1143,n_id1133,n_id1134,0
l_id1144,n_id1134,n_id1135,0
l_id1145,n_id1135,n_id1136,0
l_id1146,n_id1136,n_id1137,0
l_id1147,n_id1137,n_id1138,0
l_id1148,n_id1138,n_id1139,0
l_id1149,n_id1139,n_id1140,0
l_id1150,n_id1140,n_id1141,0
l_id1151,n_id1141,n_id1142,0
l_id1152,n_id1142,n_id1143,0
l_id1153,n_id1143,n_id1144,0
l_id1154,n_id1144,n_id1145,0
l_id1155,n_id1145,n_id1146,0
l_id1156,n_id1146,n_id1147,0
l_id1157,n_id1147,n_id1148,0
l_id1158,n_id1148,n_id1149,0
l_id1159,n_id1149,n_id1150,0
l_id1160,n_id1150,n_id1151,0
l_id1161,n_id1151,n_id1152,0
l_id1162,n_id1152,n_id1153,0
l_id1163,n_id1153,n_id1154,0
l_id1164,n_id1154,n_id1155,0
l_id1165,n_id1155,n_id1156,0
l_id1166,n_id1156,n_id1157,0
l_id1167,n_id1157,n_id1158,0
l_id1168,n_id1158,n_id1159,0
l_id1169,n_id1159,n_id1160,0
l_id1170,n_id1160,n_id1161,0
l_id1171,n_id1161,n_id1162,0
l_id1172,n_id1162,n_id1163,0
l_id1173,n_id1163,n_id1164,0
l_id1174,n_id1164,n_id1165,0
l_id1175,n_id1165,n_id1166,0
l_id1176,n_id1166,n_id1167,0
l_id1177,n_id1167,n_id1168,0
l_id1178,n_id1168,n_id1169,0
l_id1179,n_id1169,n_id1170,0
l_id1180,n_id1170,n_id633,0
l_id1181,n_id633,n_id1171,0
l_id1182,n_id1171,n_id1172,0
l_id1183,n_id1172,n_id1173,0
l_id1184,n_id1173,n_id1174,0
l_id1185,n_id1174,n_id1175,0
l_id1186,n_id1175,n_id1176,0
l_id1187,n_id1176,n_id1177,0
l_id1188,n_id1177,n_id1178,0
l_id1189,n_id1178,n_id1179,0
l_id1190,n_id1179,n_id1180,0
l_id1191,n_id1180,n_id1181,0
l_id1192,n_id1181,n_id1182,0
l_id1193,n_id1182,n_id980,0
l_id1194,n_id980,n_id1183,0
l_id1195,n_id1183,n_id1184,0
l_id1196,n_id1184,n_id1185,0
l_id1197,n_id1185,n_id1186,0
l_id1198,n_id1186,n_id1187,0
l_id1199,n_id1187,n_id1188,0
l_id1200,n_id1188,n_id308,0
l_id1201,n_id308,n_id1189,0
l_id1202,n_id1189,n_id1190,0
l_id1203,n_id1190,n_id1191,0
l_id1204,n_id1191,n_id1192,0
l_id1205,n_id1192,n_id1193,0
l_id1206,n_id1193,n_id1194,0
l_id1207,n_id1194,n_id1195,0
l_id1208,n_id1195,n_id1196,0
l_id1209,n_id1196,n_id1197,0
l_id1210,n_id1197,n_id1198,0
l_id1211,n_id1198,n_id1199,0
l_id1212,n_id1199,n_id1200,0
l_id1213,n_id1200,n_id1201,0
l_id1214,n_id1201,n_id1202,0
l_id1215,n_id1202,n_id1203,0
l_id1216,n_id1203,n_id1204,0
l_id1217,n_id1204,n_id1205,0
l_id1218,n_id1205,n_id1206,0
l_id1219,n_id1206,n_id1207,0
l_id1220,n_id1207,n_id1208,0
l_id1221,n_id1208,n_id1209,0
l_id1222,n_id1209,n_id1210,0
l_id1223,n_id1210,n_id1211,0
l_id1224,n_id1211,n_id1212,0
l_id1225,n_id1212,n_id1213,0
l_id1226,n_id1213,n_id1214,0
l_id1227,n_id1214,n_id1215,0
l_id1228,n_id1215,n_id1216,0
l_id1229,n_id1216,n_id1217,0
l_id1230,n_id1217,n_id1218,0
l_id1231,n_id1218,n_id1219,0
l_id1232,n_id1219,n_id1220,0
l_id1233,n_id1220,n_id1221,0
l_id1234,n_id1221,n_id1222,0
l_id1235,n_id1222,n_id1223,0
l_id1236,n_id1223,n_id1224,0
l_id1237,n_id1224,n_id1225,0
l_id1238,n_id1225,n_id1226,0
l_id1239,n_id1226,n_id1227,0
l_id1240,n_id1227,n_id1228,0
l_id1241,n_id1228,n_id1229,0
l_id1242,n_id1229,n_id1230,0
l_id1243,n_id1230,n_id1231,0
l_id1244,n_id1231,n_id1232,0
l_id1245,n_id1232,n_id1233,0
l_id1246,n_id1233,n_id1234,0
l_id1247,n_id1234,n_id1235,0
l_id1248,n_id1235,n_id1236,0
l_id1249,n_id1236,n_id1237,0
l_id1250,n_id1237,n_id1238,0
l_id1251,n_id1238,n_id1239,0
l_id1252,n_id1239,n_id1240,0
l_id1253,n_id1240,n_id1241,0
l_id1254,n_id1241,n_id1242,0
l_id1255,n_id1242,n_id1243,0
l_id1256,n_id1243,n_id1244,0
l_id1257,n_id1244,n_id1245,0
l_id1258,n_id1245,n_id1246,0
l_id1259,n_id1246,n_id1247,0
l_id1260,n_id1247,n_id1248,0
l_id1261,n_id1248,n_id1249,0
l_id1262,n_id1249,n_id1250,0
l_id1263,n_id1250,n_id1251,0
l_id1264,n_id1251,n_id1252,0
l_id1265,n_id1252,n_id1253,0
l_id1266,n_id1253,n_id1254,0
l_id1267,n_id1254,n_id1255,0
l_id1268,n_id1255,n_id1256,0
l_id1269,n_id1256,n_id1257,0
l_id1270,n_id1257,n_id1258,0
l_id1271,n_id1258,n_id1259,0
l_id1272,n_id1259,n_id1260,0
l_id1273,n_id1260,n_id1261,0
l_id1274,n_id1261,n_id1262,0
l_id1275,n_id1262,n_id1263,0
l_id1276,n_id1263,n_id1264,0
l_id1277,n_id1264,n_id1265,0
l_id1278,n_id1265,n_id1266,0
l_id1279,n_id1266,n_id1267,0
l_id1280,n_id1267,n_id1268,0
l_id1281,n_id1268,n_id1269,0
l_id1282,n_id1269,n_id1270,0
l_id1283,n_id1270,n_id1271,0
l_id1284,n_id1271,n_id1272,0
l_id1285,n_id1272,n_id1273,0
l_id1286,n_id1273,n_id1274,0
l_id1287,n_id1274,n_id1275,0
l_id1288,n_id1275,n_id1276,0
l_id1289,n_id1276,n_id1277,0
l_id1290,n_id1277,n_id1278,0
l_id1291,n_id1278,n_id1279,0
l_id1292,n_id1279,n_id1280,0
l_id1293,n_id1280,n_id1281,0
l_id1294,n_id1281,n_id1282,0
l_id1295,n_id1282,n_id1283,0
l_id1296,n_id1283,n_id1284,0
l_id1297,n_id1284,n_id1285,0
l_id1298,n_id1285,n_id1286,0
l_id1299,n_id1286,n_id1287,0
l_id1300,n_id1287,n_id1288,0
l_id1301,n_id1288,n_id1289,0
l_id1302,n_id1289,n_id1290,0
l_id1303,n_id1290,n_id1291,0
l_id1304,n_id1291,n_id1292,0
l_id1305,n_id1292,n_id1293,0
l_id1306,n_id1293,n_id1294,0
l_id1307,n_id1294,n_id269,0
l_id1308,n_id269,n_id1295,0
l_id1309,n_id1295,n_id1296,0
l_id1310,n_id1296,n_id1297,0
l_id1311,n_id1297,n_id1298,0
l_id1312,n_id1298,n_id1299,0
l_id1313,n_id1299,n_id1300,0
l_id1314,n_id1300,n_id1301,0
l_id1315,n_id1301,n_id1302,0
l_id1316,n_id1302,n_id1303,0
l_id1317,n_id1303,n_id1304,0
l_id1318,n_id1304,n_id1305,0
l_id1319,n_id1305,n_id1306,0
l_id1320,n_id1306,n_id1307,0
l_id1321,n_id1307,n_id1308,0
l_id1322,n_id1308,n_id1309,0
l_id1323,n_id1309,n_id1310,0
l_id1324,n_id1310,n_id1311,0
l_id1325,n_id1311,n_id1312,0
l_id1326,n_id1312,n_id1313,0
l_id1327,n_id1313,n_id1314,0
l_id1328,n_id1314,n_id1315,0
l_id1329,n_id1315,n_id1316,0
l_id1330,n_id1316,n_id1317,0
l_id1331,n_id1317,n_id1318,0
l_id1332,n_id1318,n_id1319,0
l_id1333,n_id1319,n_id1320,0
l_id1334,n_id1320,n_id1321,0
l_id1335,n_id1321,n_id1322,0
l_id1336,n_id1322,n_id1323,0
l_id1337,n_id1323,n_id1324,0
l_id1338,n_id1324,n_id1325,0
l_id1339,n_id1325,n_id1326,0
l_id1340,n_id1326,n_id1327,0
l_id1341,n_id1327,n_id1328,0
l_id1342,n_id1328,n_id1329,0
l_id1343,n_id1329,n_id1330,0
l_id1344,n_id1330,n_id1331,0
l_id1345,n_id1331,n_id1332,0
l_id1346,n_id1332,n_id1333,0
l_id1347,n_id1333,n_id1334,0
l_id1348,n_id1334,n_id1335,0
l_id1349,n_id1335,n_id1336,0
l_id1350,n_id1336,n_id1337,0
l_id1351,n_id1337,n_id1338,0
l_id1352,n_id1338,n_id1339,0
l_id1353,n_id1339,n_id1340,0
l_id1354,n_id1340,n_id1341,0
l_id1355,n_id1341,n_id1342,0
l_id1356,n_id1342,n_id1343,0
l_id1357,n_id1343,n_id1344,0
l_id1358,n_id1344,n_id1345,0
l_id1359,n_id1345,n_id1346,0
l_id1360,n_id1346,n_id1347,0
l_id1361,n_id1347,n_id1348,0
l_id1362,n_id1348,n_id1349,0
l_id1363,n_id1349,n_id1350,0
l_id1364,n_id1350,n_id1351,0
l_id1365,n_id1351,n_id1352,0
l_id1366,n_id1352,n_id1353,0
l_id1367,n_id1353,n_id1354,0
l_id1368,n_id1354,n_id1355,0
l_id1369,n_id1355,n_id1356,0
l_id1370,n_id1356,n_id1357,0
l_id1371,n_id1357,n_id1358,0
l_id1372,n_id1358,n_id1359,0
l_id1373,n_id1359,n_id1360,0
l_id1374,n_id1360,n_id1361,0
l_id1375,n_id1361,n_id1362,0
l_id1376,n_id1362,n_id1363,0
l_id1377,n_id1363,n_id1364,0
l_id1378,n_id1364,n_id1365,0
l_id1379,n_id1365,n_id1366,0
l_id1380,n_id1366,n_id1367,0
l_id1381,n_id1367,n_id1368,0
l_id1382,n_id1368,n_id1369,0
l_id1383,n_id1369,n_id1370,0
l_id1384,n_id1370,n_id1371,0
l_id1385,n_id1371,n_id1372,0
l_id1386,n_id1372,n_id1373,0
l_id1387,n_id1373,n_id1374,0
l_id1388,n_id1374,n_id1375,0
l_id1389,n_id1375,n_id1376,0
l_id1390,n_id1376,n_id1377,0
l_id1391,n_id1377,n_id1378,0
l_id1392,n_id1378,n_id1379,0
l_id1393,n_id1379,n_id1380,0
l_id1394,n_id1380,n_id1381,0
l_id1395,n_id1381,n_id1382,0
l_id1396,n_id1382,n_id1383,0
l_id1397,n_id1383,n_id1384,0
l_id1398,n_id1384,n_id1385,0
l_id1399,n_id1385,n_id1386,0
l_id1400,n_id1386,n_id1387,0
l_id1401,n_id1387,n_id1388,0
l_id1402,n_id1388,n_id1389,0
l_id1403,n_id1389,n_id1390,0
l_id1404,n_id1390,n_id1391,0
l_id1405,n_id1391,n_id1392,0
l_id1406,n_id1392,n_id1393,0
l_id1407,n_id1393,n_id1394,0
l_id1408,n_id1394,n_id1395,0
l_id1409,n_id1395,n_id1396,0
l_id1410,n_id1396,n_id1397,0
l_id1411,n_id1397,n_id1398,0
l_id1412,n_id1398,n_id1399,0
l_id1413,n_id1399,n_id1400,0
l_id1414,n_id1400,n_id1401,0
l_id1415,n_id1401,n_id1402,0
l_id1416,n_id1402,n_id1403,0
l_id1417,n_id1403,n_id1404,0
l_id1418,n_id1404,n_id1405,0
l_id1419,n_id1405,n_id1406,0
l_id1420,n_id1406,n_id1407,0
l_id1421,n_id1407,n_id1408,0
l_id1422,n_id1408,n_id1409,0
l_id1423,n_id1409,n_id1410,0
l_id1424,n_id1410,n_id1411,0
l_id1425,n_id1411,n_id1412,0
l_id1426,n_id1412,n_id348,0
l_id1427,n_id1413,n_id1414,0
l_id1428,n_id1414,n_id1415,0
l_id1429,n_id1415,n_id1416,0
l_id1430,n_id1416,n_id1417,0
l_id1431,n_id1417,n_id1418,0
l_id1432,n_id1418,n_id1419,0
l_id1433,n_id1419,n_id1420,0
l_id1434,n_id1420,n_id1421,0
l_id1435,n_id1421,n_id1422,0
l_id1436,n_id1422,n_id1199,0
l_id1437,n_id1199,n_id1423,0
l_id1438,n_id1423,n_id1424,0
l_id1439,n_id1424,n_id1425,0
l_id1440,n_id1425,n_id1426,0
l_id1441,n_id1426,n_id1427,0
l_id1442,n_id1427,n_id1428,0
l_id1443,n_id1428,n_id1429,0
l_id1444,n_id1429,n_id309,0
l_id1445,n_id309,n_id1430,0
l_id1446,n_id1430,n_id1431,0
l_id1447,n_id1431,n_id1432,0
l_id1448,n_id1432,n_id1433,0
l_id1449,n_id1433,n_id1434,0
l_id1450,n_id1434,n_id1435,0
l_id1451,n_id1435,n_id1436,0
l_id1452,n_id1436,n_id1437,0
l_id1453,n_id1437,n_id1438,0
l_id1454,n_id1438,n_id1439,0
l_id1455,n_id1439,n_id990,0
l_id1456,n_id990,n_id1440,0
l_id1457,n_id1440,n_id1441,0
l_id1458,n_id1441,n_id1442,0
l_id1459,n_id1442,n_id1443,0
l_id1460,n_id1443,n_id1444,0
l_id1461,n_id1444,n_id1445,0
l_id1462,n_id1445,n_id1446,0
l_id1463,n_id1446,n_id1447,0
l_id1464,n_id1447,n_id1448,0
l_id1465,n_id1448,n_id1449,0
l_id1466,n_id1449,n_id1450,0
l_id1467,n_id1450,n_id1451,0
l_id1468,n_id1451,n_id1452,0
l_id1469,n_id1452,n_id1453,0
l_id1470,n_id1453,n_id1454,0
l_id1471,n_id1454,n_id1455,0
l_id1472,n_id1455,n_id1456,0
l_id1473,n_id1456,n_id1457,0
l_id1474,n_id1457,n_id1458,0
l_id1475,n_id1458,n_id1459,0
l_id1476,n_id1459,n_id1460,0
l_id1477,n_id1460,n_id1461,0
l_id1478,n_id1461,n_id1462,0
l_id1479,n_id1462,n_id1463,0
l_id1480,n_id1463,n_id1464,0
l_id1481,n_id1464,n_id1465,0
l_id1482,n_id1465,n_id1466,0
l_id1483,n_id1466,n_id1467,0
l_id1484,n_id1467,n_id1468,0
l_id1485,n_id1468,n_id1469,0
l_id1486,n_id1469,n_id1470,0
l_id1487,n_id1470,n_id1471,0
l_id1488,n_id1471,n_id1472,0
l_id1489,n_id1472,n_id1473,0
l_id1490,n_id1473,n_id196,0
l_id1491,n_id42,n_id1474,0
l_id1492,n_id1474,n_id1475,0
l_id1493,n_id1475,n_id1476,0
l_id1494,n_id1476,n_id1477,0
l_id1495,n_id1477,n_id1478,0
l_id1496,n_id1478,n_id1479,0
l_id1497,n_id1479,n_id1480,0
l_id1498,n_id1480,n_id1481,0
l_id1499,n_id1481,n_id1482,0
l_id1500,n_id1482,n_id1483,0
l_id1501,n_id1483,n_id1484,0
l_id1502,n_id1484,n_id1485,0
l_id1503,n_id1485,n_id1486,0
l_id1504,n_id1486,n_id1487,0
l_id1505,n_id1487,n_id1488,0
l_id1506,n_id1488,n_id1489,0
l_id1507,n_id1489,n_id1490,0
l_id1508,n_id1490,n_id1491,0
l_id1509,n_id1491,n_id1492,0
l_id1510,n_id1492,n_id1493,0
l_id1511,n_id1493,n_id1494,0
l_id1512,n_id1494,n_id1495,0
l_id1513,n_id1495,n_id1496,0
l_id1514,n_id1496,n_id1497,0
l_id1515,n_id1497,n_id1498,0
l_id1516,n_id1498,n_id1499,0
l_id1517,n_id1499,n_id1500,0
l_id1518,n_id1500,n_id1501,0
l_id1519,n_id1501,n_id1502,0
l_id1520,n_id1502,n_id1503,0
l_id1521,n_id1503,n_id1504,0
l_id1522,n_id1504,n_id1505,0
l_id1523,n_id1505,n_id1506,0
l_id1524,n_id1506,n_id105,0
l_id1525,n_id105,n_id1507,0
l_id1526,n_id1507,n_id1508,0
l_id1527,n_id1508,n_id1509,0
l_id1528,n_id1509,n_id1510,0
l_id1529,n_id1510,n_id1511,0
l_id1530,n_id1511,n_id1512,0
l_id1531,n_id1512,n_id1513,0
l_id1532,n_id1513,n_id1514,0
l_id1533,n_id1514,n_id1515,0
l_id1534,n_id1515,n_id1516,0
l_id1535,n_id1516,n_id1517,0
l_id1536,n_id1517,n_id1518,0
l_id1537,n_id1518,n_id1519,0
l_id1538,n_id1519,n_id1520,0
l_id1539,n_id1520,n_id1521,0
l_id1540,n_id1521,n_id1522,0
l_id1541,n_id1522,n_id1523,0
l_id1542,n_id1523,n_id1524,0
l_id1543,n_id1524,n_id1525,0
l_id1544,n_id1525,n_id1526,0
l_id1545,n_id1526,n_id1527,0
l_id1546,n_id1527,n_id1528,0
l_id1547,n_id1528,n_id1529,0
l_id1548,n_id1529,n_id1530,0
l_id1549,n_id1530,n_id1531,0
l_id1550,n_id1531,n_id1532,0
l_id1551,n_id1532,n_id1533,0
l_id1552,n_id1533,n_id1534,0
l_id1553,n_id1534,n_id1535,0
l_id1554,n_id1535,n_id1536,0
l_id1555,n_id1536,n_id1537,0
l_id1556,n_id1537,n_id1538,0
l_id1557,n_id1538,n_id1539,0
l_id1558,n_id1539,n_id1540,0
l_id1559,n_id1540,n_id1541,0
l_id1560,n_id1541,n_id1542,0
l_id1561,n_id1542,n_id1543,0
l_id1562,n_id1543,n_id1544,0
l_id1563,n_id1544,n_id1545,0
l_id1564,n_id1545,n_id1546,0
l_id1565,n_id1546,n_id1547,0
l_id1566,n_id1547,n_id1548,0
l_id1567,n_id1548,n_id1549,0
l_id1568,n_id1549,n_id1550,0
l_id1569,n_id1550,n_id1551,0
l_id1570,n_id1551,n_id1552,0
l_id1571,n_id1552,n_id1553,0
l_id1572,n_id1553,n_id1554,0
l_id1573,n_id1554,n_id1555,0
l_id1574,n_id1555,n_id1556,0
l_id1575,n_id1556,n_id1557,0
l_id1576,n_id1557,n_id1558,0
l_id1577,n_id1558,n_id1559,0
l_id1578,n_id1559,n_id1560,0
l_id1579,n_id1560,n_id1561,0
l_id1580,n_id1561,n_id1562,0
l_id1581,n_id1562,n_id1563,0
l_id1582,n_id1563,n_id1564,0
l_id1583,n_id1564,n_id1565,0
l_id1584,n_id1565,n_id1566,0
l_id1585,n_id1566,n_id1567,0
l_id1586,n_id1567,n_id1568,0
l_id1587,n_id1568,n_id1569,0
l_id1588,n_id1569,n_id1570,0
l_id1589,n_id1570,n_id1571,0
l_id1590,n_id1571,n_id1572,0
l_id1591,n_id1572,n_id1573,0
l_id1592,n_id1573,n_id1574,0
l_id1593,n_id1574,n_id1575,0
l_id1594,n_id1575,n_id1576,0
l_id1595,n_id1576,n_id1577,0
l_id1596,n_id1577,n_id1578,0
l_id1597,n_id1578,n_id1579,0
l_id1598,n_id1579,n_id1580,0
l_id1599,n_id1580,n_id1581,0
l_id1600,n_id1581,n_id1582,0
l_id1601,n_id1582,n_id1583,0
l_id1602,n_id1583,n_id1584,0
l_id1603,n_id1584,n_id1585,0
l_id1604,n_id1585,n_id1586,0
l_id1605,n_id1586,n_id1587,0
l_id1606,n_id1587,n_id1588,0
l_id1607,n_id1588,n_id1589,0
l_id1608,n_id1589,n_id1590,0
l_id1609,n_id1590,n_id1591,0
l_id1610,n_id1591,n_id1592,0
l_id1611,n_id1592,n_id1593,0
l_id1612,n_id1593,n_id1594,0
l_id1613,n_id1594,n_id1595,0
l_id1614,n_id1595,n_id1596,0
l_id1615,n_id1596,n_id1597,0
l_id1616,n_id1597,n_id1598,0
l_id1617,n_id1598,n_id1599,0
l_id1618,n_id1599,n_id1600,0
l_id1619,n_id1600,n_id1601,0
l_id1620,n_id1601,n_id1602,0
l_id1621,n_id1602,n_id1603,0
l_id1622,n_id1603,n_id1604,0
l_id1623,n_id1604,n_id1605,0
l_id1624,n_id1605,n_id1606,0
l_id1625,n_id1606,n_id1607,0
l_id1626,n_id1607,n_id1608,0
l_id1627,n_id1608,n_id1609,0
l_id1628,n_id1609,n_id1610,0
l_id1629,n_id1610,n_id1611,0
l_id1630,n_id1611,n_id1612,0
l_id1631,n_id1612,n_id1613,0
l_id1632,n_id1613,n_id1614,0
l_id1633,n_id1614,n_id1615,0
l_id1634,n_id1615,n_id1616,0
l_id1635,n_id1616,n_id1617,0
l_id1636,n_id1617,n_id1618,0
l_id1637,n_id1618,n_id1619,0
l_id1638,n_id1619,n_id1620,0
l_id1639,n_id1620,n_id1621,0
l_id1640,n_id1621,n_id1622,0
l_id1641,n_id1622,n_id1623,0
l_id1642,n_id1623,n_id1624,0
l_id1643,n_id1624,n_id1625,0
l_id1644,n_id1625,n_id1626,0
l_id1645,n_id1626,n_id1627,0
l_id1646,n_id1627,n_id1628,0
l_id1647,n_id1628,n_id1629,0
l_id1648,n_id1629,n_id1630,0
l_id1649,n_id1630,n_id1631,0
l_id1650,n_id1631,n_id1632,0
l_id1651,n_id1632,n_id1633,0
l_id1652,n_id1633,n_id1634,0
l_id1653,n_id1634,n_id1635,0
l_id1654,n_id1635,n_id1636,0
l_id1655,n_id1636,n_id1637,0
l_id1656,n_id1637,n_id1638,0
l_id1657,n_id1638,n_id1639,0
l_id1658,n_id1639,n_id1640,0
l_id1659,n_id1640,n_id1641,0
l_id1660,n_id1641,n_id1642,0
l_id1661,n_id1642,n_id1643,0
l_id1662,n_id1643,n_id1644,0
l_id1663,n_id1644,n_id1645,0
l_id1664,n_id1645,n_id1646,0
l_id1665,n_id1646,n_id1647,0
l_id1666,n_id1647,n_id1648,0
l_id1667,n_id1648,n_id1649,0
l_id1668,n_id1649,n_id1650,0
l_id1669,n_id1650,n_id1651,0
l_id1670,n_id1651,n_id1652,0
l_id1671,n_id1652,n_id1653,0
l_id1672,n_id1653,n_id1654,0
l_id1673,n_id1654,n_id1655,0
l_id1674,n_id1655,n_id1656,0
l_id1675,n_id1656,n_id1657,0
l_id1676,n_id1657,n_id1658,0
l_id1677,n_id1658,n_id1659,0
l_id1678,n_id1659,n_id1660,0
l_id1679,n_id1660,n_id1661,0
l_id1680,n_id1661,n_id1662,0
l_id1681,n_id1662,n_id1663,0
l_id1682,n_id1663,n_id1664,0
l_id1683,n_id1664,n_id1665,0
l_id1684,n_id1665,n_id1666,0
l_id1685,n_id1666,n_id1667,0
l_id1686,n_id1667,n_id1668,0
l_id1687,n_id1668,n_id1669,0
l_id1688,n_id1669,n_id1670,0
l_id1689,n_id1670,n_id1671,0
l_id1690,n_id1671,n_id1672,0
l_id1691,n_id1672,n_id1673,0
l_id1692,n_id1673,n_id1674,0
l_id1693,n_id1674,n_id1675,0
l_id1694,n_id1675,n_id1676,0
l_id1695,n_id1676,n_id1677,0
l_id1696,n_id1677,n_id1678,0
l_id1697,n_id1678,n_id1679,0
l_id1698,n_id1679,n_id1680,0
l_id1699,n_id1680,n_id1681,0
l_id1700,n_id1681,n_id1682,0
l_id1701,n_id1682,n_id1683,0
l_id1702,n_id1683,n_id1684,0
l_id1703,n_id1684,n_id1685,0
l_id1704,n_id1685,n_id1686,0
l_id1705,n_id1686,n_id1687,0
l_id1706,n_id1687,n_id1688,0
l_id1707,n_id1688,n_id1689,0
l_id1708,n_id1689,n_id1690,0
l_id1709,n_id1690,n_id1691,0
l_id1710,n_id1691,n_id1692,0
l_id1711,n_id1692,n_id1693,0
l_id1712,n_id1693,n_id1694,0
l_id1713,n_id1694,n_id1695,0
l_id1714,n_id1695,n_id1696,0
l_id1715,n_id1696,n_id1697,0
l_id1716,n_id1697,n_id1698,0
l_id1717,n_id1698,n_id1699,0
l_id1718,n_id1699,n_id1700,0
l_id1719,n_id1700,n_id1701,0
l_id1720,n_id1701,n_id1702,0
l_id1721,n_id1702,n_id1703,0
l_id1722,n_id1703,n_id1704,0
l_id1723,n_id1704,n_id1705,0
l_id1724,n_id1705,n_id1706,0
l_id1725,n_id1706,n_id1707,0
l_id1726,n_id1707,n_id1708,0
l_id1727,n_id1708,n_id1709,0
l_id1728,n_id1709,n_id1710,0
l_id1729,n_id1710,n_id1711,0
l_id1730,n_id1711,n_id1712,0
l_id1731,n_id1712,n_id1713,0
l_id1732,n_id1713,n_id1714,0
l_id1733,n_id1714,n_id1715,0
l_id1734,n_id1715,n_id1716,0
l_id1735,n_id1716,n_id1717,0
l_id1736,n_id1717,n_id1718,0
l_id1737,n_id1718,n_id1719,0
l_id1738,n_id1719,n_id1720,0
l_id1739,n_id1720,n_id1721,0
l_id1740,n_id1721,n_id1722,0
l_id1741,n_id1722,n_id1723,0
l_id1742,n_id1723,n_id1724,0
l_id1743,n_id1724,n_id1725,0
l_id1744,n_id1725,n_id1726,0
l_id1745,n_id1726,n_id1727,0
l_id1746,n_id1727,n_id1728,0
l_id1747,n_id1728,n_id1729,0
l_id1748,n_id1729,n_id1730,0
l_id1749,n_id1730,n_id1731,0
l_id1750,n_id1731,n_id1732,0
l_id1751,n_id1732,n_id1733,0
l_id1752,n_id1733,n_id1734,0
l_id1753,n_id1734,n_id1735,0
l_id1754,n_id1735,n_id1736,0
l_id1755,n_id1736,n_id1737,0
l_id1756,n_id1737,n_id1738,0
l_id1757,n_id1738,n_id1739,0
l_id1758,n_id1739,n_id1740,0
l_id1759,n_id1740,n_id1741,0
l_id1760,n_id1741,n_id1742,0
l_id1761,n_id1742,n_id1743,0
l_id1762,n_id1743,n_id1744,0
l_id1763,n_id1744,n_id1745,0
l_id1764,n_id1745,n_id1746,0
l_id1765,n_id1746,n_id1747,0
l_id1766,n_id1747,n_id1748,0
l_id1767,n_id1748,n_id1749,0
l_id1768,n_id1749,n_id1750,0
l_id1769,n_id1750,n_id1751,0
l_id1770,n_id1751,n_id1752,0
l_id1771,n_id1752,n_id1753,0
l_id1772,n_id1753,n_id1754,0
l_id1773,n_id1754,n_id1755,0
l_id1774,n_id1755,n_id1756,0
l_id1775,n_id1756,n_id1757,0
l_id1776,n_id1757,n_id1758,0
l_id1777,n_id1758,n_id1759,0
l_id1778,n_id1759,n_id1760,0
l_id1779,n_id1760,n_id1761,0
l_id1780,n_id1761,n_id1762,0
l_id1781,n_id1762,n_id1763,0
l_id1782,n_id1763,n_id1764,0
l_id1783,n_id1764,n_id133,0
l_id1784,n_id133,n_id1765,0
l_id1785,n_id1765,n_id1766,0
l_id1786,n_id1766,n_id1767,0
l_id1787,n_id1767,n_id1768,0
l_id1788,n_id1768,n_id1769,0
l_id1789,n_id1769,n_id1770,0
l_id1790,n_id1770,n_id1771,0
l_id1791,n_id1771,n_id1772,0
l_id1792,n_id1772,n_id1773,0
l_id1793,n_id1773,n_id1774,0
l_id1794,n_id1774,n_id1775,0
l_id1795,n_id1775,n_id1776,0
l_id1796,n_id1776,n_id1777,0
l_id1797,n_id1777,n_id1778,0
l_id1798,n_id1778,n_id1779,0
l_id1799,n_id1779,n_id1780,0
l_id1800,n_id1780,n_id1781,0
l_id1801,n_id1781,n_id1782,0
l_id1802,n_id1782,n_id1783,0
l_id1803,n_id1783,n_id1784,0
l_id1804,n_id1784,n_id1785,0
l_id1805,n_id1785,n_id1786,0
l_id1806,n_id1786,n_id1787,0
l_id1807,n_id1787,n_id1788,0
l_id1808,n_id1788,n_id1789,0
l_id1809,n_id1789,n_id1790,0
l_id1810,n_id1790,n_id1791,0
l_id1811,n_id1791,n_id1792,0
l_id1812,n_id1792,n_id1793,0
l_id1813,n_id1793,n_id1794,0
l_id1814,n_id1794,n_id1795,0
l_id1815,n_id1795,n_id1796,0
l_id1816,n_id1796,n_id1797,0
l_id1817,n_id1797,n_id1798,0
l_id1818,n_id1798,n_id1799,0
l_id1819,n_id1799,n_id1800,0
l_id1820,n_id1800,n_id1801,0
l_id1821,n_id1801,n_id1802,0
l_id1822,n_id1802,n_id1803,0
l_id1823,n_id1803,n_id1804,0
l_id1824,n_id1804,n_id79,0
l_id1825,n_id1413,n_id1805,0
l_id1826,n_id1805,n_id1806,0
l_id1827,n_id1806,n_id1807,0
l_id1828,n_id1807,n_id1808,0
l_id1829,n_id1808,n_id1809,0
l_id1830,n_id1809,n_id1810,0
l_id1831,n_id1810,n_id1811,0
l_id1832,n_id1811,n_id1208,0
l_id1833,n_id1208,n_id1812,0
l_id1834,n_id1812,n_id1813,0
l_id1835,n_id1813,n_id1814,0
l_id1836,n_id1814,n_id1815,0
l_id1837,n_id1815,n_id1816,0
l_id1838,n_id1816,n_id1817,0
l_id1839,n_id1817,n_id1818,0
l_id1840,n_id1818,n_id1819,0
l_id1841,n_id1819,n_id1820,0
l_id1842,n_id1820,n_id1821,0
l_id1843,n_id1821,n_id1822,0
l_id1844,n_id1822,n_id1823,0
l_id1845,n_id1823,n_id1824,0
l_id1846,n_id1824,n_id1825,0
l_id1847,n_id1825,n_id1826,0
l_id1848,n_id1826,n_id1827,0
l_id1849,n_id1827,n_id1828,0
l_id1850,n_id1828,n_id1829,0
l_id1851,n_id1829,n_id1830,0
l_id1852,n_id1830,n_id1831,0
l_id1853,n_id1831,n_id1832,0
l_id1854,n_id1832,n_id1833,0
l_id1855,n_id1833,n_id1834,0
l_id1856,n_id1834,n_id1835,0
l_id1857,n_id1835,n_id1836,0
l_id1858,n_id1836,n_id1837,0
l_id1859,n_id1837,n_id1838,0
l_id1860,n_id1838,n_id1839,0
l_id1861,n_id1839,n_id1840,0
l_id1862,n_id1840,n_id1841,0
l_id1863,n_id1841,n_id1842,0
l_id1864,n_id1842,n_id1843,0
l_id1865,n_id1843,n_id1844,0
l_id1866,n_id1844,n_id1845,0
l_id1867,n_id1845,n_id1846,0
l_id1868,n_id1846,n_id1847,0
l_id1869,n_id1847,n_id1848,0
l_id1870,n_id1848,n_id1849,0
l_id1871,n_id1849,n_id1850,0
l_id1872,n_id1850,n_id321,0
l_id1873,n_id1221,n_id1851,0
l_id1874,n_id1851,n_id1852,0
l_id1875,n_id1852,n_id1853,0
l_id1876,n_id1853,n_id1854,0
l_id1877,n_id1854,n_id1855,0
l_id1878,n_id1855,n_id1856,0
l_id1879,n_id1856,n_id1857,0
l_id1880,n_id1857,n_id1858,0
l_id1881,n_id1858,n_id1859,0
l_id1882,n_id1859,n_id1860,0
l_id1883,n_id1860,n_id1861,0
l_id1884,n_id1861,n_id1862,0
l_id1885,n_id1862,n_id1863,0
l_id1886,n_id1863,n_id1864,0
l_id1887,n_id1864,n_id1865,0
l_id1888,n_id1865,n_id1866,0
l_id1889,n_id1866,n_id1867,0
l_id1890,n_id1867,n_id1868,0
l_id1891,n_id1868,n_id1869,0
l_id1892,n_id1869,n_id1870,0
l_id1893,n_id1870,n_id1871,0
l_id1894,n_id1871,n_id1872,0
l_id1895,n_id1872,n_id1873,0
l_id1896,n_id1873,n_id1874,0
l_id1897,n_id1874,n_id1875,0
l_id1898,n_id1875,n_id1876,0
l_id1899,n_id1876,n_id1877,0
l_id1900,n_id1877,n_id1878,0
l_id1901,n_id1878,n_id1879,0
l_id1902,n_id1879,n_id1880,0
l_id1903,n_id1880,n_id1881,0
l_id1904,n_id1881,n_id1882,0
l_id1905,n_id1882,n_id1883,0
l_id1906,n_id1883,n_id1884,0
l_id1907,n_id1884,n_id1885,0
l_id1908,n_id1885,n_id1886,0
l_id1909,n_id1886,n_id1887,0
l_id1910,n_id1887,n_id1888,0
l_id1911,n_id1888,n_id1889,0
l_id1912,n_id1889,n_id1890,0
l_id1913,n_id1890,n_id1891,0
l_id1914,n_id1891,n_id1892,0
l_id1915,n_id1892,n_id1893,0
l_id1916,n_id1893,n_id1894,0
l_id1917,n_id1894,n_id1895,0
l_id1918,n_id1895,n_id1896,0
l_id1919,n_id1896,n_id1897,0
l_id1920,n_id1897,n_id1898,0
l_id1921,n_id1898,n_id1899,0
l_id1922,n_id1899,n_id1900,0
l_id1923,n_id1900,n_id1901,0
l_id1924,n_id1901,n_id1902,0
l_id1925,n_id1902,n_id1903,0
l_id1926,n_id1903,n_id1904,0
l_id1927,n_id1904,n_id1905,0
l_id1928,n_id1905,n_id1906,0
l_id1929,n_id1906,n_id1907,0
l_id1930,n_id1907,n_id1908,0
l_id1931,n_id1908,n_id1909,0
l_id1932,n_id1909,n_id1910,0
l_id1933,n_id1910,n_id1911,0
l_id1934,n_id1911,n_id300,0
l_id1935,n_id300,n_id1912,0
l_id1936,n_id1912,n_id1913,0
l_id1937,n_id1913,n_id1914,0
l_id1938,n_id1914,n_id1915,0
l_id1939,n_id1915,n_id1916,0
l_id1940,n_id1916,n_id1917,0
l_id1941,n_id1917,n_id1918,0
l_id1942,n_id1918,n_id1919,0
l_id1943,n_id1919,n_id1920,0
l_id1944,n_id1920,n_id1921,0
l_id1945,n_id1921,n_id1922,0
l_id1946,n_id1922,n_id1923,0
l_id1947,n_id1923,n_id1924,0
l_id1948,n_id1924,n_id1925,0
l_id1949,n_id1925,n_id1926,0
l_id1950,n_id1926,n_id1927,0
l_id1951,n_id1927,n_id1928,0
l_id1952,n_id1928,n_id1929,0
l_id1953,n_id1929,n_id1930,0
l_id1954,n_id1930,n_id1931,0
l_id1955,n_id1931,n_id1932,0
l_id1956,n_id1932,n_id1933,0
l_id1957,n_id1933,n_id1934,0
l_id1958,n_id1934,n_id1935,0
l_id1959,n_id1935,n_id1936,0
l_id1960,n_id1936,n_id1937,0
l_id1961,n_id1937,n_id1938,0
l_id1962,n_id1938,n_id1939,0
l_id1963,n_id1939,n_id1940,0
l_id1964,n_id1940,n_id1941,0
l_id1965,n_id1941,n_id1942,0
l_id1966,n_id1942,n_id1943,0
l_id1967,n_id1943,n_id1944,0
l_id1968,n_id1944,n_id1945,0
l_id1969,n_id1945,n_id1946,0
l_id1970,n_id1946,n_id1947,0
l_id1971,n_id1947,n_id1948,0
l_id1972,n_id1948,n_id1949,0
l_id1973,n_id1949,n_id1950,0
l_id1974,n_id1950,n_id1951,0
l_id1975,n_id1951,n_id1952,0
l_id1976,n_id1952,n_id1953,0
l_id1977,n_id1953,n_id1954,0
l_id1978,n_id1954,n_id1955,0
l_id1979,n_id1955,n_id1956,0
l_id1980,n_id1956,n_id1957,0
l_id1981,n_id1957,n_id1958,0
l_id1982,n_id1958,n_id1959,0
l_id1983,n_id1959,n_id1960,0
l_id1984,n_id1960,n_id1961,0
l_id1985,n_id1961,n_id1962,0
l_id1986,n_id1962,n_id1963,0
l_id1987,n_id1963,n_id1964,0
l_id1988,n_id1964,n_id1965,0
l_id1989,n_id1965,n_id1966,0
l_id1990,n_id1966,n_id1967,0
l_id1991,n_id1967,n_id1968,0
l_id1992,n_id1968,n_id1969,0
l_id1993,n_id1969,n_id1970,0
l_id1994,n_id1970,n_id1971,0
l_id1995,n_id1971,n_id1972,0
l_id1996,n_id1972,n_id1973,0
l_id1997,n_id1973,n_id1974,0
l_id1998,n_id1974,n_id1975,0
l_id1999,n_id1975,n_id1976,0
l_id2000,n_id1976,n_id1977,0
l_id2001,n_id1977,n_id1978,0
l_id2002,n_id1978,n_id1979,0
l_id2003,n_id1979,n_id1980,0
l_id2004,n_id1980,n_id1981,0
l_id2005,n_id1981,n_id1982,0
l_id2006,n_id1982,n_id1983,0
l_id2007,n_id1983,n_id1984,0
l_id2008,n_id1984,n_id1985,0
l_id2009,n_id1985,n_id1986,0
l_id2010,n_id1986,n_id1987,0
l_id2011,n_id1987,n_id1988,0
l_id2012,n_id1988,n_id1989,0
l_id2013,n_id1989,n_id1990,0
l_id2014,n_id1990,n_id1991,0
l_id2015,n_id1991,n_id1992,0
l_id2016,n_id1992,n_id1993,0
l_id2017,n_id1993,n_id1994,0
l_id2018,n_id1994,n_id1995,0
l_id2019,n_id1995,n_id1996,0
l_id2020,n_id1996,n_id1997,0
l_id2021,n_id1997,n_id1998,0
l_id2022,n_id1998,n_id1999,0
l_id2023,n_id1999,n_id2000,0
l_id2024,n_id2000,n_id2001,0
l_id2025,n_id2001,n_id2002,0
l_id2026,n_id2002,n_id2003,0
l_id2027,n_id2003,n_id2004,0
l_id2028,n_id2004,n_id2005,0
l_id2029,n_id2005,n_id2006,0
l_id2030,n_id2006,n_id2007,0
l_id2031,n_id2007,n_id2008,0
l_id2032,n_id2008,n_id2009,0
l_id2033,n_id2009,n_id2010,0
l_id2034,n_id2010,n_id2011,0
l_id2035,n_id2011,n_id2012,0
l_id2036,n_id2012,n_id2013,0
l_id2037,n_id2013,n_id2014,0
l_id2038,n_id2014,n_id2015,0
l_id2039,n_id2015,n_id2016,0
l_id2040,n_id2016,n_id2017,0
l_id2041,n_id2017,n_id2018,0
l_id2042,n_id2018,n_id2019,0
l_id2043,n_id2019,n_id2020,0
l_id2044,n_id2020,n_id2021,0
l_id2045,n_id2021,n_id2022,0
l_id2046,n_id2022,n_id2023,0
l_id2047,n_id2023,n_id2024,0
l_id2048,n_id2024,n_id361,0
l_id2049,n_id239,n_id2025,0
l_id2050,n_id2025,n_id2026,0
l_id2051,n_id2026,n_id2027,0
l_id2052,n_id2027,n_id2028,0
l_id2053,n_id2028,n_id2029,0
l_id2054,n_id2029,n_id2030,0
l_id2055,n_id2030,n_id2031,0
l_id2056,n_id2031,n_id2032,0
l_id2057,n_id2032,n_id2033,0
l_id2058,n_id2033,n_id2034,0
l_id2059,n_id2034,n_id2035,0
l_id2060,n_id2035,n_id2036,0
l_id2061,n_id2036,n_id2037,0
l_id2062,n_id2037,n_id2038,0
l_id2063,n_id2038,n_id2039,0
l_id2064,n_id2039,n_id2040,0
l_id2065,n_id2040,n_id2041,0
l_id2066,n_id2041,n_id2042,0
l_id2067,n_id2042,n_id2043,0
l_id2068,n_id2043,n_id2044,0
l_id2069,n_id2044,n_id2045,0
l_id2070,n_id2045,n_id2046,0
l_id2071,n_id2046,n_id2047,0
l_id2072,n_id2047,n_id2048,0
l_id2073,n_id2048,n_id2049,0
l_id2074,n_id2049,n_id2050,0
l_id2075,n_id2050,n_id2051,0
l_id2076,n_id2051,n_id2052,0
l_id2077,n_id2052,n_id2053,0
l_id2078,n_id2053,n_id2054,0
l_id2079,n_id2054,n_id2055,0
l_id2080,n_id2055,n_id2056,0
l_id2081,n_id2056,n_id2057,0
l_id2082,n_id2057,n_id2058,0
l_id2083,n_id2058,n_id2059,0
l_id2084,n_id2059,n_id1342,0
l_id2085,n_id1342,n_id2060,0
l_id2086,n_id2060,n_id2061,0
l_id2087,n_id2061,n_id2062,0
l_id2088,n_id2062,n_id2063,0
l_id2089,n_id2063,n_id2064,0
l_id2090,n_id2064,n_id2065,0
l_id2091,n_id2065,n_id2066,0
l_id2092,n_id2066,n_id2067,0
l_id2093,n_id2067,n_id2068,0
l_id2094,n_id2068,n_id2069,0
l_id2095,n_id2069,n_id2070,0
l_id2096,n_id2070,n_id2071,0
l_id2097,n_id2071,n_id2072,0
l_id2098,n_id2072,n_id2073,0
l_id2099,n_id2073,n_id2074,0
l_id2100,n_id2074,n_id2075,0
l_id2101,n_id2075,n_id2076,0
l_id2102,n_id2076,n_id2077,0
l_id2103,n_id2077,n_id2078,0
l_id2104,n_id2078,n_id2079,0
l_id2105,n_id2079,n_id2080,0
l_id2106,n_id2080,n_id2081,0
l_id2107,n_id2081,n_id2082,0
l_id2108,n_id2082,n_id2083,0
l_id2109,n_id2083,n_id2084,0
l_id2110,n_id2084,n_id2085,0
l_id2111,n_id2085,n_id2086,0
l_id2112,n_id2086,n_id2087,0
l_id2113,n_id2087,n_id2088,0
l_id2114,n_id2088,n_id2089,0
l_id2115,n_id2089,n_id2090,0
l_id2116,n_id2090,n_id2091,0
l_id2117,n_id2091,n_id2092,0
l_id2118,n_id2092,n_id2093,0
l_id2119,n_id2093,n_id2094,0
l_id2120,n_id2094,n_id2095,0
l_id2121,n_id2095,n_id2096,0
l_id2122,n_id2096,n_id2097,0
l_id2123,n_id2097,n_id2098,0
l_id2124,n_id2098,n_id1993,0
l_id2125,n_id1917,n_id2099,0
l_id2126,n_id2099,n_id2100,0
l_id2127,n_id2100,n_id2101,0
l_id2128,n_id2101,n_id2102,0
l_id2129,n_id2102,n_id2103,0
l_id2130,n_id2103,n_id2104,0
l_id2131,n_id2104,n_id2105,0
l_id2132,n_id2105,n_id2106,0
l_id2133,n_id2106,n_id2107,0
l_id2134,n_id2107,n_id2108,0
l_id2135,n_id2108,n_id2109,0
l_id2136,n_id2109,n_id2110,0
l_id2137,n_id2110,n_id2111,0
l_id2138,n_id2111,n_id2112,0
l_id2139,n_id2112,n_id2113,0
l_id2140,n_id2113,n_id2114,0
l_id2141,n_id2114,n_id2115,0
l_id2142,n_id2115,n_id2116,0
l_id2143,n_id2116,n_id2117,0
l_id2144,n_id2117,n_id2118,0
l_id2145,n_id2118,n_id2119,0
l_id2146,n_id2119,n_id2120,0
l_id2147,n_id2120,n_id2121,0
l_id2148,n_id2121,n_id2122,0
l_id2149,n_id2122,n_id2123,0
l_id2150,n_id2123,n_id2124,0
l_id2151,n_id2124,n_id1986,0
l_id2152,n_id196,n_id2125,0
l_id2153,n_id2125,n_id2126,0
l_id2154,n_id2126,n_id2127,0
l_id2155,n_id2127,n_id2128,0
l_id2156,n_id2128,n_id2129,0
l_id2157,n_id2129,n_id2130,0
l_id2158,n_id2130,n_id2131,0
l_id2159,n_id2131,n_id2132,0
l_id2160,n_id2132,n_id2133,0
l_id2161,n_id2133,n_id2134,0
l_id2162,n_id2134,n_id2135,0
l_id2163,n_id2135,n_id2136,0
l_id2164,n_id2136,n_id2137,0
l_id2165,n_id2137,n_id2138,0
l_id2166,n_id2138,n_id2139,0
l_id2167,n_id2139,n_id2140,0
l_id2168,n_id2140,n_id2141,0
l_id2169,n_id2141,n_id2142,0
l_id2170,n_id2142,n_id2143,0
l_id2171,n_id2143,n_id2144,0
l_id2172,n_id2144,n_id2145,0
l_id2173,n_id2145,n_id2146,0
l_id2174,n_id2146,n_id2147,0
l_id2175,n_id2147,n_id2148,0
l_id2176,n_id2148,n_id2149,0
l_id2177,n_id2149,n_id2150,0
l_id2178,n_id2150,n_id2151,0
l_id2179,n_id2151,n_id2152,0
l_id2180,n_id2152,n_id2153,0
l_id2181,n_id2153,n_id2154,0
l_id2182,n_id2154,n_id2155,0
l_id2183,n_id2155,n_id2156,0
l_id2184,n_id2156,n_id1028,0
l_id2185,n_id1028,n_id2157,0
l_id2186,n_id2157,n_id2158,0
l_id2187,n_id2158,n_id2159,0
l_id2188,n_id2159,n_id2160,0
l_id2189,n_id2160,n_id2161,0
l_id2190,n_id2161,n_id2162,0
l_id2191,n_id2162,n_id2163,0
l_id2192,n_id2163,n_id2164,0
l_id2193,n_id2164,n_id2165,0
l_id2194,n_id2165,n_id2166,0
l_id2195,n_id2166,n_id2167,0
l_id2196,n_id2167,n_id2168,0
l_id2197,n_id2168,n_id2169,0
l_id2198,n_id2169,n_id2170,0
l_id2199,n_id2170,n_id2171,0
l_id2200,n_id2171,n_id2172,0
l_id2201,n_id2172,n_id2173,0
l_id2202,n_id2173,n_id2174,0
l_id2203,n_id2174,n_id2175,0
l_id2204,n_id2175,n_id2176,0
l_id2205,n_id2176,n_id2177,0
l_id2206,n_id2177,n_id2178,0
l_id2207,n_id2178,n_id2179,0
l_id2208,n_id2179,n_id2180,0
l_id2209,n_id2180,n_id2181,0
l_id2210,n_id2181,n_id2182,0
l_id2211,n_id2182,n_id2183,0
l_id2212,n_id2183,n_id2184,0
l_id2213,n_id2184,n_id2185,0
l_id2214,n_id2185,n_id2186,0
l_id2215,n_id2186,n_id2187,0
l_id2216,n_id2187,n_id2188,0
l_id2217,n_id2188,n_id2189,0
l_id2218,n_id2189,n_id2190,0
l_id2219,n_id2190,n_id2191,0
l_id2220,n_id2191,n_id2192,0
l_id2221,n_id2192,n_id2193,0
l_id2222,n_id2193,n_id2194,0
l_id2223,n_id2194,n_id2195,0
l_id2224,n_id2195,n_id2196,0
l_id2225,n_id2196,n_id2197,0
l_id2226,n_id2197,n_id2198,0
l_id2227,n_id2198,n_id2199,0
l_id2228,n_id2199,n_id2200,0
l_id2229,n_id2200,n_id2201,0
l_id2230,n_id2201,n_id2202,0
l_id2231,n_id2202,n_id2203,0
l_id2232,n_id2203,n_id2204,0
l_id2233,n_id2204,n_id2205,0
l_id2234,n_id2205,n_id2206,0
l_id2235,n_id2206,n_id2207,0
l_id2236,n_id2207,n_id2208,0
l_id2237,n_id2208,n_id2209,0
l_id2238,n_id2209,n_id2210,0
l_id2239,n_id2210,n_id2211,0
l_id2240,n_id2211,n_id2212,0
l_id2241,n_id2212,n_id2213,0
l_id2242,n_id2213,n_id2214,0
l_id2243,n_id2214,n_id2215,0
l_id2244,n_id2215,n_id2216,0
l_id2245,n_id2216,n_id2217,0
l_id2246,n_id2217,n_id2218,0
l_id2247,n_id2218,n_id2219,0
l_id2248,n_id2219,n_id2220,0
l_id2249,n_id2220,n_id2221,0
l_id2250,n_id2221,n_id2222,0
l_id2251,n_id2222,n_id2223,0
l_id2252,n_id2223,n_id2224,0
l_id2253,n_id2224,n_id2225,0
l_id2254,n_id2225,n_id2226,0
l_id2255,n_id2226,n_id2227,0
l_id2256,n_id2227,n_id2228,0
l_id2257,n_id2228,n_id2229,0
l_id2258,n_id2229,n_id2230,0
l_id2259,n_id2230,n_id2231,0
l_id2260,n_id2231,n_id2232,0
l_id2261,n_id2232,n_id2233,0
l_id2262,n_id2233,n_id2234,0
l_id2263,n_id2234,n_id2235,0
l_id2264,n_id2235,n_id2236,0
l_id2265,n_id2236,n_id2237,0
l_id2266,n_id2237,n_id2238,0
l_id2267,n_id2238,n_id2239,0
l_id2268,n_id2239,n_id2240,0
l_id2269,n_id2240,n_id2241,0
l_id2270,n_id2241,n_id2242,0
l_id2271,n_id2242,n_id2243,0
l_id2272,n_id2243,n_id2244,0
l_id2273,n_id2244,n_id2245,0
l_id2274,n_id2245,n_id2246,0
l_id2275,n_id2246,n_id2247,0
l_id2276,n_id2247,n_id2248,0
l_id2277,n_id2248,n_id2249,0
l_id2278,n_id2249,n_id2250,0
l_id2279,n_id2250,n_id2251,0
l_id2280,n_id2251,n_id2252,0
l_id2281,n_id2252,n_id2253,0
l_id2282,n_id2253,n_id2254,0
l_id2283,n_id2254,n_id2255,0
l_id2284,n_id2255,n_id2256,0
l_id2285,n_id2256,n_id2257,0
l_id2286,n_id2257,n_id2258,0
l_id2287,n_id2258,n_id2259,0
l_id2288,n_id2259,n_id2260,0
l_id2289,n_id2260,n_id2261,0
l_id2290,n_id2261,n_id2262,0
l_id2291,n_id2262,n_id2263,0
l_id2292,n_id2263,n_id2264,0
l_id2293,n_id2264,n_id2265,0
l_id2294,n_id2265,n_id2266,0
l_id2295,n_id2266,n_id2267,0
l_id2296,n_id2267,n_id2268,0
l_id2297,n_id2268,n_id2269,0
l_id2298,n_id2269,n_id2270,0
l_id2299,n_id2270,n_id2271,0
l_id2300,n_id2271,n_id2272,0
l_id2301,n_id2272,n_id2273,0
l_id2302,n_id2273,n_id2274,0
l_id2303,n_id2274,n_id2275,0
l_id2304,n_id2275,n_id2276,0
l_id2305,n_id2276,n_id2277,0
l_id2306,n_id2277,n_id2278,0
l_id2307,n_id2278,n_id2279,0
l_id2308,n_id2279,n_id2280,0
l_id2309,n_id2280,n_id2281,0
l_id2310,n_id2281,n_id2282,0
l_id2311,n_id2282,n_id2283,0
l_id2312,n_id2283,n_id2284,0
l_id2313,n_id2284,n_id2285,0
l_id2314,n_id2285,n_id2286,0
l_id2315,n_id2286,n_id2287,0
l_id2316,n_id2287,n_id2288,0
l_id2317,n_id2288,n_id2289,0
l_id2318,n_id2289,n_id2290,0
l_id2319,n_id2290,n_id2291,0
l_id2320,n_id2291,n_id2292,0
l_id2321,n_id2292,n_id2293,0
l_id2322,n_id2293,n_id2294,0
l_id2323,n_id2294,n_id2295,0
l_id2324,n_id2295,n_id2296,0
l_id2325,n_id2296,n_id2297,0
l_id2326,n_id2297,n_id2298,0
l_id2327,n_id2298,n_id2299,0
l_id2328,n_id2299,n_id2300,0
l_id2329,n_id2300,n_id2301,0
l_id2330,n_id2301,n_id350,0
l_id2331,n_id1741,n_id2302,0
l_id2332,n_id2302,n_id2303,0
l_id2333,n_id2303,n_id2304,0
l_id2334,n_id2304,n_id2305,0
l_id2335,n_id2305,n_id2306,0
l_id2336,n_id2306,n_id2307,0
l_id2337,n_id2307,n_id2308,0
l_id2338,n_id2308,n_id2309,0
l_id2339,n_id2309,n_id2310,0
l_id2340,n_id2310,n_id2311,0
l_id2341,n_id2311,n_id2312,0
l_id2342,n_id2312,n_id2313,0
l_id2343,n_id2313,n_id2314,0
l_id2344,n_id2314,n_id2315,0
l_id2345,n_id2315,n_id2316,0
l_id2346,n_id2316,n_id2317,0
l_id2347,n_id2317,n_id2318,0
l_id2348,n_id2318,n_id2319,0
l_id2349,n_id2319,n_id2320,0
l_id2350,n_id2320,n_id2321,0
l_id2351,n_id2321,n_id2322,0
l_id2352,n_id2322,n_id2323,0
l_id2353,n_id2323,n_id2324,0
l_id2354,n_id2324,n_id2325,0
l_id2355,n_id2325,n_id2326,0
l_id2356,n_id2326,n_id2327,0
l_id2357,n_id2327,n_id2328,0
l_id2358,n_id2328,n_id2329,0
l_id2359,n_id2329,n_id2330,0
l_id2360,n_id2330,n_id2331,0
l_id2361,n_id2331,n_id2332,0
l_id2362,n_id2332,n_id2333,0
l_id2363,n_id2333,n_id2334,0
l_id2364,n_id2334,n_id2335,0
l_id2365,n_id2335,n_id2336,0
l_id2366,n_id2336,n_id2337,0
l_id2367,n_id2337,n_id2338,0
l_id2368,n_id2338,n_id2339,0
l_id2369,n_id2339,n_id2340,0
l_id2370,n_id2340,n_id2341,0
l_id2371,n_id2341,n_id2342,0
l_id2372,n_id2342,n_id2343,0
l_id2373,n_id2343,n_id2344,0
l_id2374,n_id2344,n_id2345,0
l_id2375,n_id2345,n_id2346,0
l_id2376,n_id2346,n_id2347,0
l_id2377,n_id2347,n_id2348,0
l_id2378,n_id2348,n_id2349,0
l_id2379,n_id2349,n_id2350,0
l_id2380,n_id2350,n_id2351,0
l_id2381,n_id2351,n_id2352,0
l_id2382,n_id2352,n_id2353,0
l_id2383,n_id2353,n_id2354,0
l_id2384,n_id2354,n_id2355,0
l_id2385,n_id2355,n_id2356,0
l_id2386,n_id2356,n_id2357,0
l_id2387,n_id2357,n_id2358,0
l_id2388,n_id2358,n_id2359,0
l_id2389,n_id2359,n_id2360,0
l_id2390,n_id2360,n_id2361,0
l_id2391,n_id2361,n_id2362,0
l_id2392,n_id2362,n_id2363,0
l_id2393,n_id2363,n_id2364,0
l_id2394,n_id2364,n_id2365,0
l_id2395,n_id2365,n_id2366,0
l_id2396,n_id2366,n_id2367,0
l_id2397,n_id2367,n_id2368,0
l_id2398,n_id2368,n_id2369,0
l_id2399,n_id2369,n_id2370,0
l_id2400,n_id2370,n_id2371,0
l_id2401,n_id2371,n_id2372,0
l_id2402,n_id2372,n_id2373,0
l_id2403,n_id2373,n_id2374,0
l_id2404,n_id2374,n_id2375,0
l_id2405,n_id2375,n_id2376,0
l_id2406,n_id2376,n_id2377,0
l_id2407,n_id2377,n_id2378,0
l_id2408,n_id2378,n_id2379,0
l_id2409,n_id2379,n_id2380,0
l_id2410,n_id2380,n_id2381,0
l_id2411,n_id2381,n_id1590,0
l_id2412,n_id1590,n_id2382,0
l_id2413,n_id2382,n_id2383,0
l_id2414,n_id2383,n_id2384,0
l_id2415,n_id2384,n_id2385,0
l_id2416,n_id2385,n_id2386,0
l_id2417,n_id2386,n_id2387,0
l_id2418,n_id2387,n_id2388,0
l_id2419,n_id2388,n_id2389,0
l_id2420,n_id2389,n_id2390,0
l_id2421,n_id2390,n_id2391,0
l_id2422,n_id2391,n_id2392,0
l_id2423,n_id2392,n_id2393,0
l_id2424,n_id2393,n_id2394,0
l_id2425,n_id2394,n_id2395,0
l_id2426,n_id2395,n_id2396,0
l_id2427,n_id2396,n_id2397,0
l_id2428,n_id2397,n_id2398,0
l_id2429,n_id2398,n_id2399,0
l_id2430,n_id2399,n_id2400,0
l_id2431,n_id2400,n_id2401,0
l_id2432,n_id2401,n_id2402,0
l_id2433,n_id2402,n_id2403,0
l_id2434,n_id2403,n_id2404,0
l_id2435,n_id2404,n_id2405,0
l_id2436,n_id2405,n_id2406,0
l_id2437,n_id2406,n_id2407,0
l_id2438,n_id2407,n_id2408,0
l_id2439,n_id2408,n_id2409,0
l_id2440,n_id2409,n_id2410,0
l_id2441,n_id2410,n_id2411,0
l_id2442,n_id2411,n_id2412,0
l_id2443,n_id2412,n_id2413,0
l_id2444,n_id2413,n_id2414,0
l_id2445,n_id2414,n_id2415,0
l_id2446,n_id2415,n_id2416,0
l_id2447,n_id2416,n_id2417,0
l_id2448,n_id2417,n_id2418,0
l_id2449,n_id2418,n_id2419,0
l_id2450,n_id2419,n_id2420,0
l_id2451,n_id2420,n_id2421,0
l_id2452,n_id2421,n_id2422,0
l_id2453,n_id2422,n_id2423,0
l_id2454,n_id2423,n_id2424,0
l_id2455,n_id2424,n_id2425,0
l_id2456,n_id2425,n_id2426,0
l_id2457,n_id2426,n_id2427,0
l_id2458,n_id2427,n_id2428,0
l_id2459,n_id2428,n_id2429,0
l_id2460,n_id2429,n_id2430,0
l_id2461,n_id2430,n_id2431,0
l_id2462,n_id2431,n_id2432,0
l_id2463,n_id2432,n_id2433,0
l_id2464,n_id2433,n_id2434,0
l_id2465,n_id2434,n_id2435,0
l_id2466,n_id2435,n_id2436,0
l_id2467,n_id2436,n_id2437,0
l_id2468,n_id2437,n_id2438,0
l_id2469,n_id2438,n_id2439,0
l_id2470,n_id2439,n_id2440,0
l_id2471,n_id2440,n_id2441,0
l_id2472,n_id2441,n_id2442,0
l_id2473,n_id2442,n_id2443,0
l_id2474,n_id2443,n_id2444,0
l_id2475,n_id2444,n_id2445,0
l_id2476,n_id2445,n_id2446,0
l_id2477,n_id2446,n_id2447,0
l_id2478,n_id2447,n_id2448,0
l_id2479,n_id2448,n_id2449,0
l_id2480,n_id2449,n_id2450,0
l_id2481,n_id2450,n_id2451,0
l_id2482,n_id2451,n_id2452,0
l_id2483,n_id2452,n_id2453,0
l_id2484,n_id2453,n_id2454,0
l_id2485,n_id2454,n_id2455,0
l_id2486,n_id2455,n_id2456,0
l_id2487,n_id2456,n_id2457,0
l_id2488,n_id2457,n_id2458,0
l_id2489,n_id2458,n_id2459,0
l_id2490,n_id2459,n_id2460,0
l_id2491,n_id2460,n_id2461,0
l_id2492,n_id2461,n_id2462,0
l_id2493,n_id2462,n_id2463,0
l_id2494,n_id2463,n_id2464,0
l_id2495,n_id2464,n_id2465,0
l_id2496,n_id2465,n_id2466,0
l_id2497,n_id2466,n_id2467,0
l_id2498,n_id2467,n_id2468,0
l_id2499,n_id2468,n_id2469,0
l_id2500,n_id2469,n_id2470,0
l_id2501,n_id2470,n_id2471,0
l_id2502,n_id2471,n_id2472,0
l_id2503,n_id2472,n_id2473,0
l_id2504,n_id2473,n_id2474,0
l_id2505,n_id2474,n_id2475,0
l_id2506,n_id2475,n_id2476,0
l_id2507,n_id2476,n_id2477,0
l_id2508,n_id2477,n_id2478,0
l_id2509,n_id2478,n_id2479,0
l_id2510,n_id2479,n_id2480,0
l_id2511,n_id2480,n_id2481,0
l_id2512,n_id2481,n_id2482,0
l_id2513,n_id2482,n_id2483,0
l_id2514,n_id2483,n_id2484,0
l_id2515,n_id2484,n_id2485,0
l_id2516,n_id2485,n_id2486,0
l_id2517,n_id2486,n_id2487,0
l_id2518,n_id2487,n_id2488,0
l_id2519,n_id2488,n_id2489,0
l_id2520,n_id2489,n_id2490,0
l_id2521,n_id2490,n_id2491,0
l_id2522,n_id2491,n_id2492,0
l_id2523,n_id2492,n_id2493,0
l_id2524,n_id2493,n_id2494,0
l_id2525,n_id2494,n_id2495,0
l_id2526,n_id2495,n_id2496,0
l_id2527,n_id2496,n_id2497,0
l_id2528,n_id2497,n_id2498,0
l_id2529,n_id2498,n_id2499,0
l_id2530,n_id2499,n_id2500,0
l_id2531,n_id2500,n_id2501,0
l_id2532,n_id2501,n_id2502,0
l_id2533,n_id2502,n_id2503,0
l_id2534,n_id2503,n_id2504,0
l_id2535,n_id2504,n_id2505,0
l_id2536,n_id2505,n_id2506,0
l_id2537,n_id2506,n_id2507,0
l_id2538,n_id2507,n_id2508,0
l_id2539,n_id2508,n_id2509,0
l_id2540,n_id2509,n_id2510,0
l_id2541,n_id2510,n_id2511,0
l_id2542,n_id2511,n_id2512,0
l_id2543,n_id2512,n_id2513,0
l_id2544,n_id2513,n_id2514,0
l_id2545,n_id2514,n_id2515,0
l_id2546,n_id2515,n_id2516,0
l_id2547,n_id2516,n_id2517,0
l_id2548,n_id2517,n_id2518,0
l_id2549,n_id2518,n_id2519,0
l_id2550,n_id2519,n_id2520,0
l_id2551,n_id2520,n_id2521,0
l_id2552,n_id2521,n_id2522,0
l_id2553,n_id2522,n_id2523,0
l_id2554,n_id2523,n_id2524,0
l_id2555,n_id2524,n_id2525,0
l_id2556,n_id2525,n_id2526,0
l_id2557,n_id2526,n_id2527,0
l_id2558,n_id2527,n_id2528,0
l_id2559,n_id2528,n_id2529,0
l_id2560,n_id2529,n_id2530,0
l_id2561,n_id2530,n_id2531,0
l_id2562,n_id2531,n_id2532,0
l_id2563,n_id2532,n_id2533,0
l_id2564,n_id2533,n_id2534,0
l_id2565,n_id2534,n_id2535,0
l_id2566,n_id2535,n_id2536,0
l_id2567,n_id2536,n_id2537,0
l_id2568,n_id2537,n_id2538,0
l_id2569,n_id2538,n_id2539,0
l_id2570,n_id2539,n_id2540,0
l_id2571,n_id2540,n_id2541,0
l_id2572,n_id2541,n_id2542,0
l_id2573,n_id2542,n_id2543,0
l_id2574,n_id2543,n_id2544,0
l_id2575,n_id2544,n_id2545,0
l_id2576,n_id2545,n_id2546,0
l_id2577,n_id2546,n_id2547,0
l_id2578,n_id2547,n_id2548,0
l_id2579,n_id2548,n_id2549,0
l_id2580,n_id2549,n_id2550,0
l_id2581,n_id2550,n_id2551,0
l_id2582,n_id2551,n_id2552,0
l_id2583,n_id2552,n_id2553,0
l_id2584,n_id2553,n_id2554,0
l_id2585,n_id2554,n_id2555,0
l_id2586,n_id2555,n_id2556,0
l_id2587,n_id2556,n_id2557,0
l_id2588,n_id2557,n_id2558,0
l_id2589,n_id2558,n_id2559,0
l_id2590,n_id2559,n_id2560,0
l_id2591,n_id2560,n_id2561,0
l_id2592,n_id2561,n_id2562,0
l_id2593,n_id2562,n_id2563,0
l_id2594,n_id2563,n_id2564,0
l_id2595,n_id2564,n_id2565,0
l_id2596,n_id2565,n_id2566,0
l_id2597,n_id2566,n_id2567,0
l_id2598,n_id2567,n_id2568,0
l_id2599,n_id2568,n_id2569,0
l_id2600,n_id2569,n_id2570,0
l_id2601,n_id2570,n_id2571,0
l_id2602,n_id2571,n_id2572,0
l_id2603,n_id2572,n_id2573,0
l_id2604,n_id2573,n_id2574,0
l_id2605,n_id2574,n_id2575,0
l_id2606,n_id2575,n_id2576,0
l_id2607,n_id2576,n_id2577,0
l_id2608,n_id2577,n_id2578,0
l_id2609,n_id2578,n_id2579,0
l_id2610,n_id2579,n_id2580,0
l_id2611,n_id2580,n_id2581,0
l_id2612,n_id2581,n_id2582,0
l_id2613,n_id2582,n_id2583,0
l_id2614,n_id2583,n_id2584,0
l_id2615,n_id2584,n_id2585,0
l_id2616,n_id2585,n_id2586,0
l_id2617,n_id2586,n_id2587,0
l_id2618,n_id2587,n_id2588,0
l_id2619,n_id2588,n_id2589,0
l_id2620,n_id2589,n_id2590,0
l_id2621,n_id2590,n_id2591,0
l_id2622,n_id2591,n_id2592,0
l_id2623,n_id2592,n_id2593,0
l_id2624,n_id2593,n_id2594,0
l_id2625,n_id2594,n_id2595,0
l_id2626,n_id2595,n_id2596,0
l_id2627,n_id2596,n_id2597,0
l_id2628,n_id2597,n_id2598,0
l_id2629,n_id2598,n_id2599,0
l_id2630,n_id2599,n_id2600,0
l_id2631,n_id2600,n_id2601,0
l_id2632,n_id2601,n_id2602,0
l_id2633,n_id2602,n_id2603,0
l_id2634,n_id2603,n_id2604,0
l_id2635,n_id2604,n_id2605,0
l_id2636,n_id2605,n_id2606,0
l_id2637,n_id2606,n_id2607,0
l_id2638,n_id2607,n_id2608,0
l_id2639,n_id2608,n_id2609,0
l_id2640,n_id2609,n_id2610,0
l_id2641,n_id2610,n_id2611,0
l_id2642,n_id2611,n_id2612,0
l_id2643,n_id2612,n_id2613,0
l_id2644,n_id2613,n_id2614,0
l_id2645,n_id2614,n_id2615,0
l_id2646,n_id2615,n_id2616,0
l_id2647,n_id2616,n_id2617,0
l_id2648,n_id2617,n_id2618,0
l_id2649,n_id2618,n_id2619,0
l_id2650,n_id2619,n_id2620,0
l_id2651,n_id2620,n_id2621,0
l_id2652,n_id2621,n_id2622,0
l_id2653,n_id2622,n_id2623,0
l_id2654,n_id2623,n_id2624,0
l_id2655,n_id2624,n_id2625,0
l_id2656,n_id2625,n_id2626,0
l_id2657,n_id2626,n_id2627,0
l_id2658,n_id2627,n_id2628,0
l_id2659,n_id2628,n_id2629,0
l_id2660,n_id2629,n_id2630,0
l_id2661,n_id2630,n_id2631,0
l_id2662,n_id2631,n_id2632,0
l_id2663,n_id2632,n_id2633,0
l_id2664,n_id2633,n_id2634,0
l_id2665,n_id2634,n_id2635,0
l_id2666,n_id2635,n_id2636,0
l_id2667,n_id2636,n_id2637,0
l_id2668,n_id2637,n_id2638,0
l_id2669,n_id2638,n_id2639,0
l_id2670,n_id2639,n_id2640,0
l_id2671,n_id2640,n_id2641,0
l_id2672,n_id2641,n_id2642,0
l_id2673,n_id2642,n_id2643,0
l_id2674,n_id2643,n_id2644,0
l_id2675,n_id2644,n_id2645,0
l_id2676,n_id2645,n_id2646,0
l_id2677,n_id2646,n_id2647,0
l_id2678,n_id2647,n_id2648,0
l_id2679,n_id2648,n_id2649,0
l_id2680,n_id2649,n_id2650,0
l_id2681,n_id2650,n_id2651,0
l_id2682,n_id2651,n_id2652,0
l_id2683,n_id2652,n_id2653,0
l_id2684,n_id2653,n_id2654,0
l_id2685,n_id2654,n_id2655,0
l_id2686,n_id2655,n_id2656,0
l_id2687,n_id2656,n_id2657,0
l_id2688,n_id2657,n_id2658,0
l_id2689,n_id2658,n_id2659,0
l_id2690,n_id2659,n_id2660,0
l_id2691,n_id2660,n_id2661,0
l_id2692,n_id2661,n_id2662,0
l_id2693,n_id2662,n_id2663,0
l_id2694,n_id2663,n_id2664,0
l_id2695,n_id2664,n_id2665,0
l_id2696,n_id2665,n_id2666,0
l_id2697,n_id2666,n_id2667,0
l_id2698,n_id2667,n_id2668,0
l_id2699,n_id2668,n_id2669,0
l_id2700,n_id2669,n_id2670,0
l_id2701,n_id2670,n_id2671,0
l_id2702,n_id2671,n_id2672,0
l_id2703,n_id2672,n_id2673,0
l_id2704,n_id2673,n_id2674,0
l_id2705,n_id2674,n_id2675,0
l_id2706,n_id2675,n_id2676,0
l_id2707,n_id2676,n_id2677,0
l_id2708,n_id2677,n_id2678,0
l_id2709,n_id2678,n_id2679,0
l_id2710,n_id2679,n_id2680,0
l_id2711,n_id2680,n_id2681,0
l_id2712,n_id2681,n_id2682,0
l_id2713,n_id2682,n_id2683,0
l_id2714,n_id2683,n_id2684,0
l_id2715,n_id2684,n_id2685,0
l_id2716,n_id2685,n_id2686,0
l_id2717,n_id2686,n_id2687,0
l_id2718,n_id2687,n_id2688,0
l_id2719,n_id2688,n_id2689,0
l_id2720,n_id2689,n_id2690,0
l_id2721,n_id2690,n_id2691,0
l_id2722,n_id2691,n_id2692,0
l_id2723,n_id2692,n_id2693,0
l_id2724,n_id2693,n_id2694,0
l_id2725,n_id2694,n_id2695,0
l_id2726,n_id2695,n_id2696,0
l_id2727,n_id2696,n_id2697,0
l_id2728,n_id2697,n_id2698,0
l_id2729,n_id2698,n_id2699,0
l_id2730,n_id2699,n_id2700,0
l_id2731,n_id2700,n_id2701,0
l_id2732,n_id2701,n_id2702,0
l_id2733,n_id2702,n_id2703,0
l_id2734,n_id2703,n_id2704,0
l_id2735,n_id2704,n_id2705,0
l_id2736,n_id2705,n_id2706,0
l_id2737,n_id2706,n_id2707,0
l_id2738,n_id2707,n_id2708,0
l_id2739,n_id2708,n_id2709,0
l_id2740,n_id2709,n_id2710,0
l_id2741,n_id2710,n_id2711,0
l_id2742,n_id2711,n_id2712,0
l_id2743,n_id2712,n_id2713,0
l_id2744,n_id2713,n_id2714,0
l_id2745,n_id2714,n_id2715,0
l_id2746,n_id2715,n_id2716,0
l_id2747,n_id2716,n_id2717,0
l_id2748,n_id2717,n_id2718,0
l_id2749,n_id2718,n_id2719,0
l_id2750,n_id2719,n_id2720,0
l_id2751,n_id2720,n_id2721,0
l_id2752,n_id2721,n_id2722,0
l_id2753,n_id2722,n_id2723,0
l_id2754,n_id2724,n_id2725,0
l_id2755,n_id2725,n_id2726,0
l_id2756,n_id2726,n_id2727,0
l_id2757,n_id2727,n_id2728,0
l_id2758,n_id2728,n_id2729,0
l_id2759,n_id2729,n_id2730,0
l_id2760,n_id2730,n_id2713,0
l_id2761,n_id2688,n_id2731,0
l_id2762,n_id2731,n_id2732,0
l_id2763,n_id2732,n_id2733,0
l_id2764,n_id2733,n_id2734,0
l_id2765,n_id2734,n_id2735,0
l_id2766,n_id2735,n_id2736,0
l_id2767,n_id2736,n_id2737,0
l_id2768,n_id2737,n_id2738,0
l_id2769,n_id2738,n_id2739,0
l_id2770,n_id2739,n_id2740,0
l_id2771,n_id2740,n_id2741,0
l_id2772,n_id2741,n_id2742,0
l_id2773,n_id2742,n_id2743,0
l_id2774,n_id2743,n_id2744,0
l_id2775,n_id2744,n_id2745,0
l_id2776,n_id2745,n_id2746,0
l_id2777,n_id2746,n_id2747,0
l_id2778,n_id2747,n_id2748,0
l_id2779,n_id2748,n_id2749,0
l_id2780,n_id2749,n_id2750,0
l_id2781,n_id2750,n_id2751,0
l_id2782,n_id2751,n_id2752,0
l_id2783,n_id2752,n_id2753,0
l_id2784,n_id2753,n_id2754,0
l_id2785,n_id2754,n_id2755,0
l_id2786,n_id2755,n_id2756,0
l_id2787,n_id2756,n_id2757,0
l_id2788,n_id2757,n_id2758,0
l_id2789,n_id2758,n_id2759,0
l_id2790,n_id2759,n_id2760,0
l_id2791,n_id2760,n_id2761,0
l_id2792,n_id2761,n_id2762,0
l_id2793,n_id2762,n_id2763,0
l_id2794,n_id2763,n_id2764,0
l_id2795,n_id2764,n_id2765,0
l_id2796,n_id2765,n_id2766,0
l_id2797,n_id2766,n_id2767,0
l_id2798,n_id2767,n_id2768,0
l_id2799,n_id2768,n_id2769,0
l_id2800,n_id2769,n_id2770,0
l_id2801,n_id2770,n_id2771,0
l_id2802,n_id2771,n_id2772,0
l_id2803,n_id2772,n_id2773,0
l_id2804,n_id2773,n_id2774,0
l_id2805,n_id2774,n_id2775,0
l_id2806,n_id2775,n_id2776,0
l_id2807,n_id2776,n_id2777,0
l_id2808,n_id2777,n_id2778,0
l_id2809,n_id2778,n_id2779,0
l_id2810,n_id2779,n_id2780,0
l_id2811,n_id2780,n_id2781,0
l_id2812,n_id2781,n_id2782,0
l_id2813,n_id2782,n_id2783,0
l_id2814,n_id2783,n_id2784,0
l_id2815,n_id2784,n_id2785,0
l_id2816,n_id2785,n_id2786,0
l_id2817,n_id2786,n_id2787,0
l_id2818,n_id2787,n_id2788,0
l_id2819,n_id2788,n_id2789,0
l_id2820,n_id2789,n_id2790,0
l_id2821,n_id2790,n_id2791,0
l_id2822,n_id2791,n_id2792,0
l_id2823,n_id2792,n_id2793,0
l_id2824,n_id2793,n_id2794,0
l_id2825,n_id2794,n_id2795,0
l_id2826,n_id2795,n_id2796,0
l_id2827,n_id2796,n_id2797,0
l_id2828,n_id2797,n_id2798,0
l_id2829,n_id2798,n_id2799,0
l_id2830,n_id2799,n_id2800,0
l_id2831,n_id2800,n_id2801,0
l_id2832,n_id2801,n_id2802,0
l_id2833,n_id2802,n_id2803,0
l_id2834,n_id2803,n_id2804,0
l_id2835,n_id2804,n_id2805,0
l_id2836,n_id2805,n_id2806,0
l_id2837,n_id2806,n_id2807,0
l_id2838,n_id2807,n_id2808,0
l_id2839,n_id2808,n_id2809,0
l_id2840,n_id2809,n_id2810,0
l_id2841,n_id2810,n_id2811,0
l_id2842,n_id2811,n_id2812,0
l_id2843,n_id2812,n_id2813,0
l_id2844,n_id2813,n_id2814,0
l_id2845,n_id2814,n_id2815,0
l_id2846,n_id2815,n_id2816,0
l_id2847,n_id2816,n_id2817,0
l_id2848,n_id2817,n_id2818,0
l_id2849,n_id2818,n_id2819,0
l_id2850,n_id2819,n_id2820,0
l_id2851,n_id2820,n_id2821,0
l_id2852,n_id2821,n_id2822,0
l_id2853,n_id2822,n_id2823,0
l_id2854,n_id2823,n_id2824,0
l_id2855,n_id2824,n_id2825,0
l_id2856,n_id2825,n_id2826,0
l_id2857,n_id2826,n_id2827,0
l_id2858,n_id2827,n_id2828,0
l_id2859,n_id2828,n_id2829,0
l_id2860,n_id2829,n_id2830,0
l_id2861,n_id2830,n_id2831,0
l_id2862,n_id2831,n_id2832,0
l_id2863,n_id2832,n_id2833,0
l_id2864,n_id2833,n_id2834,0
l_id2865,n_id2834,n_id2835,0
l_id2866,n_id2835,n_id2836,0
l_id2867,n_id2836,n_id2837,0
l_id2868,n_id2837,n_id2838,0
l_id2869,n_id2838,n_id2839,0
l_id2870,n_id2839,n_id2840,0
l_id2871,n_id2840,n_id2841,0
l_id2872,n_id2841,n_id2842,0
l_id2873,n_id2842,n_id2843,0
l_id2874,n_id2843,n_id2844,0
l_id2875,n_id2844,n_id2845,0
l_id2876,n_id2845,n_id2846,0
l_id2877,n_id2846,n_id2847,0
l_id2878,n_id2847,n_id2848,0
l_id2879,n_id2848,n_id2849,0
l_id2880,n_id2849,n_id2850,0
l_id2881,n_id2850,n_id2851,0
l_id2882,n_id2851,n_id2852,0
l_id2883,n_id2852,n_id2853,0
l_id2884,n_id2853,n_id2854,0
l_id2885,n_id2854,n_id2855,0
l_id2886,n_id2855,n_id2856,0
l_id2887,n_id2856,n_id2857,0
l_id2888,n_id2857,n_id2858,0
l_id2889,n_id2858,n_id2859,0
l_id2890,n_id2859,n_id2860,0
l_id2891,n_id2860,n_id2861,0
l_id2892,n_id2861,n_id2862,0
l_id2893,n_id2862,n_id2863,0
l_id2894,n_id2863,n_id2864,0
l_id2895,n_id2864,n_id2865,0
l_id2896,n_id2865,n_id2866,0
l_id2897,n_id2866,n_id2867,0
l_id2898,n_id2867,n_id2868,0
l_id2899,n_id2868,n_id2869,0
l_id2900,n_id2869,n_id2870,0
l_id2901,n_id2870,n_id2871,0
l_id2902,n_id2871,n_id2872,0
l_id2903,n_id2872,n_id2873,0
l_id2904,n_id2873,n_id2874,0
l_id2905,n_id2874,n_id2875,0
l_id2906,n_id2875,n_id2876,0
l_id2907,n_id2876,n_id2877,0
l_id2908,n_id2877,n_id2878,0
l_id2909,n_id2878,n_id2879,0
l_id2910,n_id2879,n_id2880,0
l_id2911,n_id2880,n_id2881,0
l_id2912,n_id2881,n_id2882,0
l_id2913,n_id2882,n_id2883,0
l_id2914,n_id2883,n_id2884,0
l_id2915,n_id2884,n_id2885,0
l_id2916,n_id2885,n_id2886,0
l_id2917,n_id2886,n_id2887,0
l_id2918,n_id2887,n_id2888,0
l_id2919,n_id2888,n_id2889,0
l_id2920,n_id2889,n_id2890,0
l_id2921,n_id2890,n_id2891,0
l_id2922,n_id2891,n_id2892,0
l_id2923,n_id2892,n_id2893,0
l_id2924,n_id2893,n_id2894,0
l_id2925,n_id2894,n_id2895,0
l_id2926,n_id2895,n_id2896,0
l_id2927,n_id2896,n_id2897,0
l_id2928,n_id2897,n_id2898,0
l_id2929,n_id2898,n_id2899,0
l_id2930,n_id2899,n_id2900,0
l_id2931,n_id2900,n_id2901,0
l_id2932,n_id2901,n_id2902,0
l_id2933,n_id2902,n_id2903,0
l_id2934,n_id2903,n_id2904,0
l_id2935,n_id2904,n_id2905,0
l_id2936,n_id2905,n_id2906,0
l_id2937,n_id2906,n_id2907,0
l_id2938,n_id2907,n_id2908,0
l_id2939,n_id2908,n_id2909,0
l_id2940,n_id2909,n_id2910,0
l_id2941,n_id2910,n_id2911,0
l_id2942,n_id2911,n_id2912,0
l_id2943,n_id2912,n_id2913,0
l_id2944,n_id2913,n_id2914,0
l_id2945,n_id2914,n_id2915,0
l_id2946,n_id2915,n_id2916,0
l_id2947,n_id2916,n_id2917,0
l_id2948,n_id2917,n_id2918,0
l_id2949,n_id2918,n_id2919,0
l_id2950,n_id2919,n_id2920,0
l_id2951,n_id2920,n_id2921,0
l_id2952,n_id2921,n_id2922,0
l_id2953,n_id2922,n_id2923,0
l_id2954,n_id2923,n_id2924,0
l_id2955,n_id2924,n_id2925,0
l_id2956,n_id2925,n_id2926,0
l_id2957,n_id2926,n_id2927,0
l_id2958,n_id2927,n_id2928,0
l_id2959,n_id2928,n_id2929,0
l_id2960,n_id2929,n_id2930,0
l_id2961,n_id2930,n_id2931,0
l_id2962,n_id2931,n_id2932,0
l_id2963,n_id2932,n_id2933,0
l_id2964,n_id2933,n_id2934,0
l_id2965,n_id2934,n_id2935,0
l_id2966,n_id2935,n_id2936,0
l_id2967,n_id2936,n_id2937,0
l_id2968,n_id2937,n_id2938,0
l_id2969,n_id2938,n_id2939,0
l_id2970,n_id2939,n_id2940,0
l_id2971,n_id2940,n_id2941,0
l_id2972,n_id2941,n_id2942,0
l_id2973,n_id2942,n_id2943,0
l_id2974,n_id2943,n_id2944,0
l_id2975,n_id2944,n_id2945,0
l_id2976,n_id2945,n_id2946,0
l_id2977,n_id2946,n_id2947,0
l_id2978,n_id2947,n_id2948,0
l_id2979,n_id2948,n_id2949,0
l_id2980,n_id2949,n_id2950,0
l_id2981,n_id2950,n_id2951,0
l_id2982,n_id2951,n_id2952,0
l_id2983,n_id2952,n_id2953,0
l_id2984,n_id2953,n_id2954,0
l_id2985,n_id2954,n_id2955,0
l_id2986,n_id2955,n_id2956,0
l_id2987,n_id2956,n_id2957,0
l_id2988,n_id2957,n_id2958,0
l_id2989,n_id2958,n_id2959,0
l_id2990,n_id2959,n_id2960,0
l_id2991,n_id2960,n_id2961,0
l_id2992,n_id2961,n_id2703,0
l_id2993,n_id328,n_id2962,0
l_id2994,n_id2962,n_id2963,0
l_id2995,n_id2963,n_id2964,0
l_id2996,n_id2964,n_id2965,0
l_id2997,n_id2965,n_id2966,0
l_id2998,n_id2966,n_id2967,0
l_id2999,n_id2967,n_id2968,0
l_id3000,n_id2968,n_id2969,0
l_id3001,n_id2969,n_id2970,0
l_id3002,n_id2970,n_id2971,0
l_id3003,n_id2971,n_id2972,0
l_id3004,n_id2972,n_id2973,0
l_id3005,n_id2973,n_id2974,0
l_id3006,n_id2974,n_id2975,0
l_id3007,n_id2975,n_id2976,0
l_id3008,n_id2976,n_id2977,0
l_id3009,n_id2977,n_id2978,0
l_id3010,n_id2978,n_id2979,0
l_id3011,n_id2979,n_id2980,0
l_id3012,n_id2980,n_id2981,0
l_id3013,n_id2981,n_id2982,0
l_id3014,n_id2982,n_id2983,0
l_id3015,n_id2983,n_id2984,0
l_id3016,n_id2984,n_id2985,0
l_id3017,n_id2985,n_id2986,0
l_id3018,n_id2986,n_id2987,0
l_id3019,n_id2987,n_id2988,0
l_id3020,n_id2988,n_id2989,0
l_id3021,n_id2989,n_id2990,0
l_id3022,n_id2990,n_id2991,0
l_id3023,n_id2991,n_id2992,0
l_id3024,n_id2992,n_id2993,0
l_id3025,n_id2993,n_id2994,0
l_id3026,n_id2994,n_id2995,0
l_id3027,n_id2995,n_id2996,0
l_id3028,n_id2996,n_id2997,0
l_id3029,n_id2997,n_id2998,0
l_id3030,n_id2998,n_id2999,0
l_id3031,n_id2999,n_id3000,0
l_id3032,n_id3000,n_id2275,0
l_id3033,n_id2275,n_id3001,0
l_id3034,n_id3001,n_id3002,0
l_id3035,n_id3002,n_id3003,0
l_id3036,n_id3003,n_id3004,0
l_id3037,n_id3004,n_id3005,0
l_id3038,n_id3005,n_id3006,0
l_id3039,n_id3006,n_id3007,0
l_id3040,n_id3007,n_id3008,0
l_id3041,n_id3008,n_id3009,0
l_id3042,n_id3009,n_id3010,0
l_id3043,n_id3010,n_id3011,0
l_id3044,n_id3011,n_id3012,0
l_id3045,n_id3012,n_id3013,0
l_id3046,n_id3013,n_id3014,0
l_id3047,n_id3014,n_id3015,0
l_id3048,n_id3015,n_id3016,0
l_id3049,n_id3016,n_id3017,0
l_id3050,n_id3017,n_id3018,0
l_id3051,n_id3018,n_id3019,0
l_id3052,n_id3019,n_id3020,0
l_id3053,n_id3020,n_id3021,0
l_id3054,n_id3021,n_id3022,0
l_id3055,n_id3022,n_id3023,0
l_id3056,n_id3023,n_id3024,0
l_id3057,n_id3024,n_id3025,0
l_id3058,n_id3025,n_id3026,0
l_id3059,n_id3026,n_id3027,0
l_id3060,n_id3027,n_id3028,0
l_id3061,n_id3028,n_id3029,0
l_id3062,n_id3029,n_id3030,0
l_id3063,n_id3030,n_id3031,0
l_id3064,n_id3031,n_id3032,0
l_id3065,n_id3032,n_id3033,0
l_id3066,n_id3033,n_id3034,0
l_id3067,n_id3034,n_id3035,0
l_id3068,n_id3035,n_id3036,0
l_id3069,n_id3036,n_id3037,0
l_id3070,n_id3037,n_id3038,0
l_id3071,n_id3038,n_id3039,0
l_id3072,n_id3039,n_id3040,0
l_id3073,n_id3040,n_id3041,0
l_id3074,n_id3041,n_id3042,0
l_id3075,n_id3042,n_id3043,0
l_id3076,n_id3043,n_id3044,0
l_id3077,n_id3044,n_id3045,0
l_id3078,n_id3045,n_id3046,0
l_id3079,n_id3046,n_id3047,0
l_id3080,n_id3047,n_id3048,0
l_id3081,n_id3048,n_id3049,0
l_id3082,n_id3049,n_id3050,0
l_id3083,n_id3050,n_id3051,0
l_id3084,n_id3051,n_id3052,0
l_id3085,n_id3052,n_id3053,0
l_id3086,n_id3053,n_id3054,0
l_id3087,n_id3054,n_id3055,0
l_id3088,n_id3055,n_id3056,0
l_id3089,n_id3056,n_id3057,0
l_id3090,n_id3057,n_id3058,0
l_id3091,n_id3058,n_id3059,0
l_id3092,n_id3059,n_id3060,0
l_id3093,n_id3060,n_id3061,0
l_id3094,n_id3061,n_id3062,0
l_id3095,n_id3062,n_id3063,0
l_id3096,n_id3063,n_id3064,0
l_id3097,n_id3064,n_id3065,0
l_id3098,n_id3065,n_id3066,0
l_id3099,n_id3066,n_id3067,0
l_id3100,n_id3067,n_id3068,0
l_id3101,n_id3068,n_id3069,0
l_id3102,n_id3069,n_id3070,0
l_id3103,n_id3070,n_id3071,0
l_id3104,n_id3071,n_id3072,0
l_id3105,n_id3072,n_id3073,0
l_id3106,n_id3073,n_id3074,0
l_id3107,n_id3074,n_id3075,0
l_id3108,n_id3075,n_id3076,0
l_id3109,n_id3076,n_id3077,0
l_id3110,n_id3077,n_id3078,0
l_id3111,n_id3078,n_id3079,0
l_id3112,n_id3079,n_id3080,0
l_id3113,n_id3080,n_id3081,0
l_id3114,n_id3081,n_id3082,0
l_id3115,n_id3082,n_id3083,0
l_id3116,n_id3083,n_id3084,0
l_id3117,n_id3084,n_id3085,0
l_id3118,n_id3085,n_id3086,0
l_id3119,n_id3086,n_id3087,0
l_id3120,n_id3087,n_id3088,0
l_id3121,n_id3088,n_id3089,0
l_id3122,n_id3089,n_id3090,0
l_id3123,n_id3090,n_id3091,0
l_id3124,n_id3091,n_id3092,0
l_id3125,n_id3092,n_id3093,0
l_id3126,n_id3093,n_id3094,0
l_id3127,n_id3094,n_id3095,0
l_id3128,n_id3095,n_id3096,0
l_id3129,n_id3096,n_id3097,0
l_id3130,n_id3097,n_id3098,0
l_id3131,n_id3098,n_id3099,0
l_id3132,n_id3099,n_id3100,0
l_id3133,n_id3100,n_id3101,0
l_id3134,n_id3101,n_id3102,0
l_id3135,n_id3102,n_id3103,0
l_id3136,n_id3103,n_id3104,0
l_id3137,n_id3104,n_id3105,0
l_id3138,n_id3105,n_id3106,0
l_id3139,n_id3106,n_id3107,0
l_id3140,n_id3107,n_id3108,0
l_id3141,n_id3108,n_id3109,0
l_id3142,n_id3109,n_id3110,0
l_id3143,n_id3110,n_id3111,0
l_id3144,n_id3111,n_id3112,0
l_id3145,n_id3112,n_id3113,0
l_id3146,n_id3113,n_id3114,0
l_id3147,n_id3114,n_id3115,0
l_id3148,n_id3115,n_id3116,0
l_id3149,n_id3116,n_id3117,0
l_id3150,n_id3117,n_id3118,0
l_id3151,n_id3118,n_id3119,0
l_id3152,n_id3119,n_id3120,0
l_id3153,n_id3120,n_id3121,0
l_id3154,n_id3121,n_id3122,0
l_id3155,n_id3122,n_id3123,0
l_id3156,n_id3123,n_id3124,0
l_id3157,n_id3124,n_id3125,0
l_id3158,n_id3125,n_id3126,0
l_id3159,n_id3126,n_id3127,0
l_id3160,n_id3127,n_id3128,0
l_id3161,n_id3128,n_id3129,0
l_id3162,n_id3129,n_id3130,0
l_id3163,n_id3130,n_id3131,0
l_id3164,n_id3131,n_id3132,0
l_id3165,n_id3132,n_id3133,0
l_id3166,n_id3133,n_id3134,0
l_id3167,n_id3134,n_id3135,0
l_id3168,n_id3135,n_id3136,0
l_id3169,n_id3136,n_id3137,0
l_id3170,n_id3137,n_id3138,0
l_id3171,n_id3138,n_id3139,0
l_id3172,n_id3139,n_id3140,0
l_id3173,n_id3140,n_id3141,0
l_id3174,n_id3141,n_id3142,0
l_id3175,n_id3142,n_id3143,0
l_id3176,n_id3143,n_id3144,0
l_id3177,n_id3144,n_id3145,0
l_id3178,n_id3145,n_id3146,0
l_id3179,n_id3146,n_id3147,0
l_id3180,n_id3147,n_id3148,0
l_id3181,n_id3148,n_id3149,0
l_id3182,n_id3149,n_id3150,0
l_id3183,n_id3150,n_id3151,0
l_id3184,n_id3151,n_id3152,0
l_id3185,n_id3152,n_id3153,0
l_id3186,n_id3153,n_id3154,0
l_id3187,n_id3154,n_id3155,0
l_id3188,n_id3155,n_id3156,0
l_id3189,n_id3156,n_id3157,0
l_id3190,n_id3157,n_id3158,0
l_id3191,n_id3158,n_id3159,0
l_id3192,n_id3159,n_id3160,0
l_id3193,n_id3160,n_id3161,0
l_id3194,n_id3161,n_id3162,0
l_id3195,n_id3162,n_id3163,0
l_id3196,n_id3163,n_id3164,0
l_id3197,n_id3164,n_id3165,0
l_id3198,n_id3165,n_id3166,0
l_id3199,n_id3166,n_id3167,0
l_id3200,n_id3167,n_id975,0
l_id3201,n_id975,n_id3168,0
l_id3202,n_id3168,n_id3169,0
l_id3203,n_id3169,n_id3170,0
l_id3204,n_id3170,n_id3171,0
l_id3205,n_id3171,n_id3172,0
l_id3206,n_id3172,n_id3173,0
l_id3207,n_id3173,n_id3174,0
l_id3208,n_id3174,n_id3175,0
l_id3209,n_id3175,n_id3176,0
l_id3210,n_id3176,n_id3177,0
l_id3211,n_id3177,n_id3178,0
l_id3212,n_id3178,n_id3179,0
l_id3213,n_id3179,n_id3180,0
l_id3214,n_id3180,n_id3181,0
l_id3215,n_id3181,n_id3182,0
l_id3216,n_id3182,n_id3183,0
l_id3217,n_id3183,n_id3184,0
l_id3218,n_id3184,n_id3185,0
l_id3219,n_id3185,n_id3186,0
l_id3220,n_id3186,n_id3187,0
l_id3221,n_id3187,n_id3188,0
l_id3222,n_id3188,n_id3189,0
l_id3223,n_id3189,n_id3190,0
l_id3224,n_id3190,n_id3191,0
l_id3225,n_id3191,n_id3192,0
l_id3226,n_id3192,n_id3193,0
l_id3227,n_id3193,n_id3194,0
l_id3228,n_id3194,n_id3195,0
l_id3229,n_id3195,n_id3196,0
l_id3230,n_id3196,n_id3197,0
l_id3231,n_id3197,n_id3198,0
l_id3232,n_id3198,n_id3199,0
l_id3233,n_id3199,n_id3200,0
l_id3234,n_id3200,n_id3201,0
l_id3235,n_id3201,n_id3202,0
l_id3236,n_id3202,n_id3203,0
l_id3237,n_id3203,n_id3204,0
l_id3238,n_id3204,n_id3205,0
l_id3239,n_id3205,n_id3206,0
l_id3240,n_id3206,n_id3207,0
l_id3241,n_id3207,n_id3208,0
l_id3242,n_id3208,n_id3209,0
l_id3243,n_id3209,n_id3210,0
l_id3244,n_id3210,n_id3211,0
l_id3245,n_id3211,n_id3212,0
l_id3246,n_id3212,n_id3213,0
l_id3247,n_id3213,n_id3214,0
l_id3248,n_id3214,n_id3215,0
l_id3249,n_id3215,n_id3216,0
l_id3250,n_id3216,n_id3217,0
l_id3251,n_id3217,n_id3218,0
l_id3252,n_id3218,n_id3219,0
l_id3253,n_id3219,n_id3220,0
l_id3254,n_id3220,n_id3221,0
l_id3255,n_id3221,n_id3222,0
l_id3256,n_id3222,n_id3223,0
l_id3257,n_id3223,n_id3224,0
l_id3258,n_id3224,n_id3225,0
l_id3259,n_id3225,n_id3226,0
l_id3260,n_id3226,n_id3227,0
l_id3261,n_id3227,n_id3228,0
l_id3262,n_id3228,n_id3229,0
l_id3263,n_id3229,n_id3230,0
l_id3264,n_id3230,n_id3231,0
l_id3265,n_id3231,n_id3232,0
l_id3266,n_id3232,n_id3233,0
l_id3267,n_id3233,n_id3234,0
l_id3268,n_id3234,n_id3235,0
l_id3269,n_id3235,n_id3236,0
l_id3270,n_id3236,n_id3237,0
l_id3271,n_id3237,n_id3238,0
l_id3272,n_id3238,n_id3239,0
l_id3273,n_id3239,n_id3240,0
l_id3274,n_id3240,n_id3241,0
l_id3275,n_id3241,n_id3242,0
l_id3276,n_id3242,n_id3243,0
l_id3277,n_id3243,n_id3244,0
l_id3278,n_id3244,n_id3245,0
l_id3279,n_id3245,n_id3246,0
l_id3280,n_id3246,n_id3247,0
l_id3281,n_id3247,n_id3248,0
l_id3282,n_id3248,n_id3249,0
l_id3283,n_id3249,n_id3250,0
l_id3284,n_id3250,n_id3251,0
l_id3285,n_id3251,n_id3252,0
l_id3286,n_id3252,n_id3253,0
l_id3287,n_id3253,n_id3254,0
l_id3288,n_id3254,n_id3255,0
l_id3289,n_id3255,n_id3256,0
l_id3290,n_id3256,n_id3257,0
l_id3291,n_id3257,n_id3258,0
l_id3292,n_id3258,n_id3259,0
l_id3293,n_id3259,n_id3260,0
l_id3294,n_id3260,n_id3261,0
l_id3295,n_id3261,n_id3262,0
l_id3296,n_id3262,n_id3263,0
l_id3297,n_id3263,n_id3264,0
l_id3298,n_id3264,n_id3265,0
l_id3299,n_id3265,n_id3266,0
l_id3300,n_id3266,n_id3267,0
l_id3301,n_id3267,n_id3268,0
l_id3302,n_id3268,n_id3269,0
l_id3303,n_id3269,n_id3270,0
l_id3304,n_id3270,n_id3271,0
l_id3305,n_id3271,n_id3272,0
l_id3306,n_id3272,n_id3273,0
l_id3307,n_id3273,n_id3274,0
l_id3308,n_id3274,n_id3275,0
l_id3309,n_id3275,n_id3276,0
l_id3310,n_id3276,n_id3277,0
l_id3311,n_id3277,n_id3278,0
l_id3312,n_id3278,n_id3279,0
l_id3313,n_id3279,n_id3280,0
l_id3314,n_id3280,n_id3281,0
l_id3315,n_id3281,n_id3282,0
l_id3316,n_id3282,n_id3283,0
l_id3317,n_id3283,n_id3284,0
l_id3318,n_id3284,n_id3285,0
l_id3319,n_id3285,n_id3286,0
l_id3320,n_id3286,n_id3287,0
l_id3321,n_id3287,n_id3288,0
l_id3322,n_id3288,n_id3289,0
l_id3323,n_id3289,n_id3290,0
l_id3324,n_id3290,n_id3291,0
l_id3325,n_id3291,n_id3292,0
l_id3326,n_id3292,n_id3293,0
l_id3327,n_id3293,n_id3294,0
l_id3328,n_id3294,n_id3295,0
l_id3329,n_id3295,n_id3296,0
l_id3330,n_id3296,n_id3297,0
l_id3331,n_id3297,n_id3298,0
l_id3332,n_id3298,n_id3299,0
l_id3333,n_id3299,n_id3300,0
l_id3334,n_id3300,n_id3301,0
l_id3335,n_id3301,n_id3302,0
l_id3336,n_id3302,n_id3303,0
l_id3337,n_id3303,n_id3304,0
l_id3338,n_id3304,n_id3305,0
l_id3339,n_id3305,n_id3306,0
l_id3340,n_id3306,n_id3307,0
l_id3341,n_id3307,n_id3308,0
l_id3342,n_id3308,n_id3309,0
l_id3343,n_id3309,n_id3310,0
l_id3344,n_id3310,n_id3311,0
l_id3345,n_id3311,n_id3312,0
l_id3346,n_id3313,n_id3314,0
l_id3347,n_id3314,n_id3315,0
l_id3348,n_id3315,n_id3316,0
l_id3349,n_id3316,n_id3317,0
l_id3350,n_id3317,n_id3318,0
l_id3351,n_id3318,n_id3319,0
l_id3352,n_id3319,n_id519,0
l_id3353,n_id519,n_id3320,0
l_id3354,n_id3320,n_id3321,0
l_id3355,n_id3321,n_id3322,0
l_id3356,n_id3322,n_id3323,0
l_id3357,n_id3323,n_id3324,0
l_id3358,n_id3324,n_id3325,0
l_id3359,n_id3325,n_id3326,0
l_id3360,n_id3326,n_id3327,0
l_id3361,n_id3327,n_id3328,0
l_id3362,n_id3328,n_id3329,0
l_id3363,n_id3329,n_id3330,0
l_id3364,n_id3330,n_id3331,0
l_id3365,n_id3331,n_id3332,0
l_id3366,n_id3332,n_id3333,0
l_id3367,n_id3333,n_id3334,0
l_id3368,n_id3334,n_id3335,0
l_id3369,n_id3335,n_id3336,0
l_id3370,n_id3336,n_id3337,0
l_id3371,n_id3337,n_id3338,0
l_id3372,n_id3338,n_id3339,0
l_id3373,n_id3339,n_id3340,0
l_id3374,n_id3340,n_id3341,0
l_id3375,n_id3341,n_id3342,0
l_id3376,n_id3342,n_id3343,0
l_id3377,n_id3343,n_id3344,0
l_id3378,n_id3344,n_id3345,0
l_id3379,n_id3345,n_id3346,0
l_id3380,n_id3346,n_id3347,0
l_id3381,n_id3347,n_id3348,0
l_id3382,n_id3348,n_id3349,0
l_id3383,n_id3349,n_id3350,0
l_id3384,n_id3350,n_id3351,0
l_id3385,n_id3351,n_id3352,0
l_id3386,n_id3352,n_id3312,0
l_id3387,n_id3312,n_id3353,0
l_id3388,n_id3353,n_id3354,0
l_id3389,n_id3354,n_id3355,0
l_id3390,n_id3355,n_id3356,0
l_id3391,n_id3356,n_id3357,0
l_id3392,n_id3357,n_id3358,0
l_id3393,n_id3358,n_id3359,0
l_id3394,n_id3359,n_id3360,0
l_id3395,n_id3360,n_id3361,0
l_id3396,n_id3361,n_id3362,0
l_id3397,n_id3362,n_id3363,0
l_id3398,n_id3363,n_id3364,0
l_id3399,n_id3364,n_id3365,0
l_id3400,n_id3365,n_id3366,0
l_id3401,n_id3366,n_id3367,0
l_id3402,n_id3367,n_id3368,0
l_id3403,n_id3368,n_id3369,0
l_id3404,n_id3369,n_id3370,0
l_id3405,n_id3370,n_id3371,0
l_id3406,n_id3371,n_id3372,0
l_id3407,n_id3372,n_id3373,0
l_id3408,n_id3373,n_id3374,0
l_id3409,n_id3374,n_id3375,0
l_id3410,n_id3375,n_id3376,0
l_id3411,n_id3376,n_id3377,0
l_id3412,n_id3377,n_id3378,0
l_id3413,n_id3378,n_id3379,0
l_id3414,n_id3379,n_id3380,0
l_id3415,n_id3380,n_id3381,0
l_id3416,n_id3381,n_id3382,0
l_id3417,n_id3382,n_id3383,0
l_id3418,n_id3383,n_id3384,0
l_id3419,n_id3384,n_id3385,0
l_id3420,n_id3385,n_id3386,0
l_id3421,n_id3386,n_id3387,0
l_id3422,n_id3387,n_id3388,0
l_id3423,n_id3388,n_id3389,0
l_id3424,n_id3389,n_id3390,0
l_id3425,n_id3390,n_id3391,0
l_id3426,n_id3391,n_id3392,0
l_id3427,n_id3392,n_id3393,0
l_id3428,n_id3393,n_id3394,0
l_id3429,n_id3394,n_id3395,0
l_id3430,n_id3395,n_id3396,0
l_id3431,n_id3396,n_id3397,0
l_id3432,n_id3397,n_id3398,0
l_id3433,n_id3398,n_id3399,0
l_id3434,n_id3399,n_id3400,0
l_id3435,n_id3400,n_id3401,0
l_id3436,n_id3401,n_id3402,0
l_id3437,n_id3402,n_id3403,0
l_id3438,n_id3403,n_id2830,0
l_id3439,n_id614,n_id3404,0
l_id3440,n_id3404,n_id3405,0
l_id3441,n_id3405,n_id3406,0
l_id3442,n_id3406,n_id3407,0
l_id3443,n_id3407,n_id3408,0
l_id3444,n_id3408,n_id3409,0
l_id3445,n_id3409,n_id3410,0
l_id3446,n_id3410,n_id3411,0
l_id3447,n_id3411,n_id3412,0
l_id3448,n_id3412,n_id3413,0
l_id3449,n_id3413,n_id3414,0
l_id3450,n_id3414,n_id3415,0
l_id3451,n_id3415,n_id3416,0
l_id3452,n_id3416,n_id3417,0
l_id3453,n_id3417,n_id3418,0
l_id3454,n_id3418,n_id3419,0
l_id3455,n_id3419,n_id3420,0
l_id3456,n_id3420,n_id3421,0
l_id3457,n_id3421,n_id3401,0
l_id3458,n_id3399,n_id3422,0
l_id3459,n_id3422,n_id3423,0
l_id3460,n_id3423,n_id3424,0
l_id3461,n_id3424,n_id3425,0
l_id3462,n_id3425,n_id3426,0
l_id3463,n_id3426,n_id3427,0
l_id3464,n_id3427,n_id3428,0
l_id3465,n_id3428,n_id3429,0
l_id3466,n_id3429,n_id3430,0
l_id3467,n_id3430,n_id3431,0
l_id3468,n_id3431,n_id3432,0
l_id3469,n_id3432,n_id3433,0
l_id3470,n_id3433,n_id3434,0
l_id3471,n_id3434,n_id598,0
l_id3472,n_id3331,n_id3435,0
l_id3473,n_id3435,n_id3436,0
l_id3474,n_id3436,n_id3437,0
l_id3475,n_id3437,n_id3438,0
l_id3476,n_id3438,n_id3439,0
l_id3477,n_id3439,n_id3440,0
l_id3478,n_id3440,n_id3441,0
l_id3479,n_id3441,n_id3442,0
l_id3480,n_id3442,n_id3443,0
l_id3481,n_id3443,n_id3444,0
l_id3482,n_id3444,n_id3445,0
l_id3483,n_id3445,n_id3446,0
l_id3484,n_id3446,n_id3447,0
l_id3485,n_id3447,n_id3448,0
l_id3486,n_id3448,n_id3449,0
l_id3487,n_id3449,n_id3450,0
l_id3488,n_id3450,n_id3309,0
l_id3489,n_id3309,n_id3451,0
l_id3490,n_id3451,n_id3452,0
l_id3491,n_id3452,n_id3453,0
l_id3492,n_id3453,n_id3454,0
l_id3493,n_id3454,n_id3455,0
l_id3494,n_id3455,n_id3456,0
l_id3495,n_id3456,n_id3457,0
l_id3496,n_id3457,n_id3458,0
l_id3497,n_id3458,n_id3459,0
l_id3498,n_id3459,n_id3460,0
l_id3499,n_id3460,n_id3461,0
l_id3500,n_id3461,n_id3462,0
l_id3501,n_id3462,n_id3463,0
l_id3502,n_id3463,n_id3464,0
l_id3503,n_id3464,n_id3465,0
l_id3504,n_id3465,n_id3466,0
l_id3505,n_id3466,n_id3467,0
l_id3506,n_id3467,n_id3468,0
l_id3507,n_id3468,n_id3469,0
l_id3508,n_id3469,n_id3470,0
l_id3509,n_id3470,n_id3471,0
l_id3510,n_id3471,n_id3472,0
l_id3511,n_id3472,n_id3473,0
l_id3512,n_id3473,n_id3474,0
l_id3513,n_id3474,n_id3475,0
l_id3514,n_id3475,n_id3476,0
l_id3515,n_id3476,n_id3477,0
l_id3516,n_id3477,n_id3478,0
l_id3517,n_id3478,n_id3479,0
l_id3518,n_id3479,n_id3480,0
l_id3519,n_id3480,n_id3481,0
l_id3520,n_id3481,n_id3482,0
l_id3521,n_id3482,n_id3483,0
l_id3522,n_id3483,n_id3484,0
l_id3523,n_id3484,n_id3485,0
l_id3524,n_id3485,n_id3486,0
l_id3525,n_id3486,n_id3487,0
l_id3526,n_id3487,n_id3488,0
l_id3527,n_id3488,n_id3489,0
l_id3528,n_id3489,n_id3490,0
l_id3529,n_id3490,n_id3491,0
l_id3530,n_id3491,n_id3492,0
l_id3531,n_id3492,n_id3493,0
l_id3532,n_id3493,n_id3494,0
l_id3533,n_id3494,n_id3495,0
l_id3534,n_id3495,n_id3496,0
l_id3535,n_id3496,n_id3497,0
l_id3536,n_id3497,n_id3498,0
l_id3537,n_id3498,n_id3499,0
l_id3538,n_id3499,n_id3500,0
l_id3539,n_id3500,n_id3501,0
l_id3540,n_id3501,n_id3502,0
l_id3541,n_id3502,n_id3503,0
l_id3542,n_id3503,n_id3504,0
l_id3543,n_id3504,n_id3505,0
l_id3544,n_id3505,n_id3506,0
l_id3545,n_id3506,n_id3507,0
l_id3546,n_id3507,n_id3508,0
l_id3547,n_id3508,n_id3509,0
l_id3548,n_id3509,n_id3510,0
l_id3549,n_id3510,n_id3511,0
l_id3550,n_id3511,n_id3512,0
l_id3551,n_id3512,n_id3513,0
l_id3552,n_id3513,n_id3514,0
l_id3553,n_id3514,n_id3515,0
l_id3554,n_id3515,n_id3516,0
l_id3555,n_id3516,n_id3517,0
l_id3556,n_id3517,n_id3518,0
l_id3557,n_id3518,n_id3399,0
l_id3558,n_id3325,n_id3519,0
l_id3559,n_id3519,n_id3520,0
l_id3560,n_id3520,n_id3521,0
l_id3561,n_id3521,n_id3522,0
l_id3562,n_id3522,n_id3523,0
l_id3563,n_id3523,n_id3524,0
l_id3564,n_id3524,n_id3525,0
l_id3565,n_id3525,n_id3526,0
l_id3566,n_id3526,n_id3527,0
l_id3567,n_id3527,n_id3528,0
l_id3568,n_id3528,n_id3529,0
l_id3569,n_id3529,n_id3530,0
l_id3570,n_id3530,n_id3531,0
l_id3571,n_id3531,n_id3532,0
l_id3572,n_id3532,n_id3533,0
l_id3573,n_id3533,n_id3297,0
l_id3574,n_id3297,n_id3534,0
l_id3575,n_id3534,n_id3535,0
l_id3576,n_id3535,n_id3536,0
l_id3577,n_id3536,n_id3537,0
l_id3578,n_id3537,n_id3538,0
l_id3579,n_id3538,n_id3539,0
l_id3580,n_id3539,n_id3540,0
l_id3581,n_id3540,n_id3541,0
l_id3582,n_id3541,n_id3542,0
l_id3583,n_id3542,n_id3543,0
l_id3584,n_id3543,n_id3544,0
l_id3585,n_id3544,n_id3545,0
l_id3586,n_id3545,n_id3546,0
l_id3587,n_id3546,n_id3547,0
l_id3588,n_id3547,n_id3548,0
l_id3589,n_id3548,n_id3549,0
l_id3590,n_id3549,n_id3550,0
l_id3591,n_id3550,n_id3551,0
l_id3592,n_id3551,n_id3552,0
l_id3593,n_id3552,n_id3553,0
l_id3594,n_id3553,n_id3554,0
l_id3595,n_id3554,n_id3555,0
l_id3596,n_id3555,n_id3556,0
l_id3597,n_id3556,n_id3557,0
l_id3598,n_id3557,n_id3558,0
l_id3599,n_id3558,n_id3559,0
l_id3600,n_id3559,n_id3560,0
l_id3601,n_id3560,n_id3561,0
l_id3602,n_id3561,n_id3562,0
l_id3603,n_id3562,n_id3563,0
l_id3604,n_id3563,n_id3564,0
l_id3605,n_id3564,n_id3565,0
l_id3606,n_id3565,n_id3566,0
l_id3607,n_id3566,n_id3567,0
l_id3608,n_id3567,n_id3568,0
l_id3609,n_id3568,n_id3569,0
l_id3610,n_id3569,n_id3570,0
l_id3611,n_id3570,n_id3571,0
l_id3612,n_id3571,n_id3572,0
l_id3613,n_id3572,n_id3573,0
l_id3614,n_id3573,n_id3574,0
l_id3615,n_id3574,n_id3575,0
l_id3616,n_id3575,n_id3576,0
l_id3617,n_id3576,n_id3577,0
l_id3618,n_id3577,n_id3578,0
l_id3619,n_id3578,n_id3579,0
l_id3620,n_id3579,n_id3580,0
l_id3621,n_id3580,n_id3581,0
l_id3622,n_id3581,n_id3582,0
l_id3623,n_id3582,n_id3583,0
l_id3624,n_id3583,n_id3584,0
l_id3625,n_id3584,n_id2781,0
l_id3626,n_id3282,n_id3585,0
l_id3627,n_id3585,n_id3586,0
l_id3628,n_id3586,n_id3587,0
l_id3629,n_id3587,n_id3588,0
l_id3630,n_id3588,n_id3589,0
l_id3631,n_id3589,n_id3590,0
l_id3632,n_id3590,n_id3591,0
l_id3633,n_id3591,n_id3592,0
l_id3634,n_id3592,n_id3593,0
l_id3635,n_id3593,n_id3594,0
l_id3636,n_id3594,n_id3595,0
l_id3637,n_id3595,n_id3596,0
l_id3638,n_id3596,n_id3597,0
l_id3639,n_id3597,n_id3598,0
l_id3640,n_id3598,n_id3599,0
l_id3641,n_id3599,n_id3600,0
l_id3642,n_id3600,n_id3564,0
l_id3643,n_id3479,n_id3601,0
l_id3644,n_id3601,n_id3602,0
l_id3645,n_id3602,n_id3603,0
l_id3646,n_id3603,n_id3604,0
l_id3647,n_id3604,n_id3605,0
l_id3648,n_id3605,n_id3606,0
l_id3649,n_id3606,n_id3607,0
l_id3650,n_id3607,n_id3608,0
l_id3651,n_id3608,n_id3609,0
l_id3652,n_id3609,n_id3610,0
l_id3653,n_id3610,n_id3611,0
l_id3654,n_id3611,n_id3612,0
l_id3655,n_id3612,n_id3613,0
l_id3656,n_id3613,n_id3614,0
l_id3657,n_id3614,n_id3615,0
l_id3658,n_id3615,n_id3616,0
l_id3659,n_id3616,n_id3617,0
l_id3660,n_id3617,n_id3618,0
l_id3661,n_id3618,n_id3619,0
l_id3662,n_id3619,n_id3620,0
l_id3663,n_id3620,n_id3621,0
l_id3664,n_id3621,n_id3622,0
l_id3665,n_id3622,n_id3623,0
l_id3666,n_id3623,n_id3624,0
l_id3667,n_id3624,n_id3625,0
l_id3668,n_id3625,n_id3626,0
l_id3669,n_id3626,n_id3627,0
l_id3670,n_id3627,n_id3628,0
l_id3671,n_id3628,n_id3570,0
l_id3672,n_id3570,n_id3629,0
l_id3673,n_id3629,n_id3630,0
l_id3674,n_id3630,n_id3631,0
l_id3675,n_id3631,n_id3632,0
l_id3676,n_id3632,n_id3633,0
l_id3677,n_id3633,n_id3634,0
l_id3678,n_id3634,n_id3635,0
l_id3679,n_id3635,n_id3636,0
l_id3680,n_id3636,n_id3637,0
l_id3681,n_id3637,n_id3638,0
l_id3682,n_id3638,n_id3639,0
l_id3683,n_id3639,n_id3640,0
l_id3684,n_id3640,n_id3641,0
l_id3685,n_id3641,n_id3642,0
l_id3686,n_id3642,n_id3643,0
l_id3687,n_id3643,n_id3644,0
l_id3688,n_id3644,n_id3645,0
l_id3689,n_id3645,n_id3646,0
l_id3690,n_id3646,n_id3647,0
l_id3691,n_id3647,n_id3648,0
l_id3692,n_id3648,n_id3649,0
l_id3693,n_id3649,n_id3650,0
l_id3694,n_id3650,n_id3651,0
l_id3695,n_id3651,n_id3652,0
l_id3696,n_id3652,n_id3653,0
l_id3697,n_id3653,n_id3654,0
l_id3698,n_id3654,n_id3655,0
l_id3699,n_id3655,n_id3656,0
l_id3700,n_id3656,n_id3657,0
l_id3701,n_id3657,n_id3658,0
l_id3702,n_id3658,n_id3659,0
l_id3703,n_id3659,n_id3660,0
l_id3704,n_id3660,n_id3661,0
l_id3705,n_id3661,n_id3662,0
l_id3706,n_id3662,n_id3663,0
l_id3707,n_id3663,n_id3664,0
l_id3708,n_id3664,n_id3665,0
l_id3709,n_id3665,n_id3666,0
l_id3710,n_id3666,n_id3667,0
l_id3711,n_id3667,n_id3668,0
l_id3712,n_id3668,n_id3669,0
l_id3713,n_id3669,n_id3670,0
l_id3714,n_id3670,n_id3671,0
l_id3715,n_id3671,n_id3672,0
l_id3716,n_id3672,n_id3673,0
l_id3717,n_id3673,n_id3674,0
l_id3718,n_id3674,n_id3675,0
l_id3719,n_id3675,n_id3676,0
l_id3720,n_id3676,n_id3677,0
l_id3721,n_id3677,n_id3678,0
l_id3722,n_id3678,n_id3679,0
l_id3723,n_id3679,n_id3680,0
l_id3724,n_id3680,n_id3681,0
l_id3725,n_id3681,n_id2734,0
l_id3726,n_id3288,n_id3682,0
l_id3727,n_id3682,n_id3683,0
l_id3728,n_id3683,n_id3684,0
l_id3729,n_id3684,n_id3685,0
l_id3730,n_id3685,n_id3686,0
l_id3731,n_id3686,n_id3687,0
l_id3732,n_id3687,n_id3688,0
l_id3733,n_id3688,n_id3537,0
l_id3734,n_id3537,n_id3689,0
l_id3735,n_id3689,n_id3690,0
l_id3736,n_id3690,n_id3691,0
l_id3737,n_id3691,n_id3692,0
l_id3738,n_id3692,n_id3693,0
l_id3739,n_id3693,n_id3694,0
l_id3740,n_id3694,n_id3695,0
l_id3741,n_id3695,n_id3696,0
l_id3742,n_id3696,n_id3697,0
l_id3743,n_id3697,n_id3698,0
l_id3744,n_id3698,n_id3699,0
l_id3745,n_id3699,n_id3700,0
l_id3746,n_id3700,n_id3701,0
l_id3747,n_id3701,n_id3702,0
l_id3748,n_id3702,n_id3703,0
l_id3749,n_id3703,n_id3704,0
l_id3750,n_id3704,n_id3705,0
l_id3751,n_id3705,n_id3706,0
l_id3752,n_id3706,n_id3707,0
l_id3753,n_id3707,n_id3708,0
l_id3754,n_id3708,n_id3474,0
l_id3755,n_id494,n_id3709,0
l_id3756,n_id3709,n_id3710,0
l_id3757,n_id3710,n_id3711,0
l_id3758,n_id3711,n_id3712,0
l_id3759,n_id3712,n_id3713,0
l_id3760,n_id3713,n_id3714,0
l_id3761,n_id3714,n_id3715,0
l_id3762,n_id3715,n_id3716,0
l_id3763,n_id3716,n_id3717,0
l_id3764,n_id3717,n_id3718,0
l_id3765,n_id3718,n_id3719,0
l_id3766,n_id3719,n_id3264,0
l_id3767,n_id3089,n_id3720,0
l_id3768,n_id3720,n_id3721,0
l_id3769,n_id3721,n_id3722,0
l_id3770,n_id3722,n_id3723,0
l_id3771,n_id3723,n_id3724,0
l_id3772,n_id3724,n_id3725,0
l_id3773,n_id3725,n_id3726,0
l_id3774,n_id3726,n_id3727,0
l_id3775,n_id3727,n_id3728,0
l_id3776,n_id3728,n_id3729,0
l_id3777,n_id3729,n_id3730,0
l_id3778,n_id3730,n_id3731,0
l_id3779,n_id3731,n_id3732,0
l_id3780,n_id3732,n_id3733,0
l_id3781,n_id3733,n_id3734,0
l_id3782,n_id3734,n_id3735,0
l_id3783,n_id3735,n_id3736,0
l_id3784,n_id3736,n_id3737,0
l_id3785,n_id3737,n_id3738,0
l_id3786,n_id3738,n_id3739,0
l_id3787,n_id3739,n_id3740,0
l_id3788,n_id3740,n_id3741,0
l_id3789,n_id3741,n_id3742,0
l_id3790,n_id3742,n_id3743,0
l_id3791,n_id3743,n_id3744,0
l_id3792,n_id3744,n_id3745,0
l_id3793,n_id3745,n_id3746,0
l_id3794,n_id3746,n_id3747,0
l_id3795,n_id3747,n_id3748,0
l_id3796,n_id3748,n_id3749,0
l_id3797,n_id3749,n_id3750,0
l_id3798,n_id3750,n_id3751,0
l_id3799,n_id3751,n_id3752,0
l_id3800,n_id3752,n_id3753,0
l_id3801,n_id3753,n_id3754,0
l_id3802,n_id3754,n_id3755,0
l_id3803,n_id3755,n_id3756,0
l_id3804,n_id3756,n_id3757,0
l_id3805,n_id3757,n_id3758,0
l_id3806,n_id3758,n_id3759,0
l_id3807,n_id3759,n_id3760,0
l_id3808,n_id3760,n_id3761,0
l_id3809,n_id3761,n_id3762,0
l_id3810,n_id3762,n_id3763,0
l_id3811,n_id3763,n_id3764,0
l_id3812,n_id3764,n_id3765,0
l_id3813,n_id3765,n_id3766,0
l_id3814,n_id3766,n_id3767,0
l_id3815,n_id3767,n_id3768,0
l_id3816,n_id3768,n_id3769,0
l_id3817,n_id3769,n_id3770,0
l_id3818,n_id3770,n_id3771,0
l_id3819,n_id3771,n_id3772,0
l_id3820,n_id3772,n_id3773,0
l_id3821,n_id3773,n_id3774,0
l_id3822,n_id3774,n_id3775,0
l_id3823,n_id3775,n_id3776,0
l_id3824,n_id3776,n_id3777,0
l_id3825,n_id3777,n_id964,0
l_id3826,n_id964,n_id3778,0
l_id3827,n_id3778,n_id3779,0
l_id3828,n_id3779,n_id3780,0
l_id3829,n_id3780,n_id3781,0
l_id3830,n_id3781,n_id3782,0
l_id3831,n_id3782,n_id3783,0
l_id3832,n_id3783,n_id3784,0
l_id3833,n_id3784,n_id3785,0
l_id3834,n_id3785,n_id3786,0
l_id3835,n_id3786,n_id3787,0
l_id3836,n_id3787,n_id3788,0
l_id3837,n_id3788,n_id3789,0
l_id3838,n_id3789,n_id3790,0
l_id3839,n_id3790,n_id3791,0
l_id3840,n_id3791,n_id3792,0
l_id3841,n_id3792,n_id3793,0
l_id3842,n_id3793,n_id3794,0
l_id3843,n_id3794,n_id3795,0
l_id3844,n_id3795,n_id3796,0
l_id3845,n_id3796,n_id3797,0
l_id3846,n_id3797,n_id3798,0
l_id3847,n_id3798,n_id3799,0
l_id3848,n_id3799,n_id3800,0
l_id3849,n_id3800,n_id3801,0
l_id3850,n_id3801,n_id3802,0
l_id3851,n_id3802,n_id3182,0
l_id3852,n_id369,n_id3803,0
l_id3853,n_id3803,n_id3804,0
l_id3854,n_id3804,n_id3805,0
l_id3855,n_id3805,n_id3806,0
l_id3856,n_id3806,n_id3807,0
l_id3857,n_id3807,n_id3808,0
l_id3858,n_id3808,n_id3809,0
l_id3859,n_id3809,n_id3810,0
l_id3860,n_id3810,n_id3811,0
l_id3861,n_id3811,n_id3812,0
l_id3862,n_id3812,n_id3813,0
l_id3863,n_id3813,n_id3814,0
l_id3864,n_id3814,n_id3815,0
l_id3865,n_id3815,n_id3816,0
l_id3866,n_id3816,n_id3817,0
l_id3867,n_id3817,n_id3818,0
l_id3868,n_id3818,n_id3819,0
l_id3869,n_id3819,n_id3820,0
l_id3870,n_id3820,n_id3821,0
l_id3871,n_id3821,n_id3822,0
l_id3872,n_id3822,n_id3823,0
l_id3873,n_id3823,n_id3073,0
l_id3874,n_id3073,n_id3824,0
l_id3875,n_id3824,n_id3825,0
l_id3876,n_id3825,n_id3826,0
l_id3877,n_id3826,n_id3827,0
l_id3878,n_id3827,n_id3828,0
l_id3879,n_id3828,n_id3829,0
l_id3880,n_id3829,n_id3830,0
l_id3881,n_id3830,n_id3831,0
l_id3882,n_id3831,n_id3832,0
l_id3883,n_id3832,n_id3833,0
l_id3884,n_id3833,n_id3834,0
l_id3885,n_id3834,n_id3835,0
l_id3886,n_id3835,n_id3836,0
l_id3887,n_id3836,n_id3837,0
l_id3888,n_id3837,n_id3838,0
l_id3889,n_id3838,n_id3839,0
l_id3890,n_id3839,n_id3840,0
l_id3891,n_id3840,n_id3841,0
l_id3892,n_id3841,n_id3842,0
l_id3893,n_id3842,n_id3843,0
l_id3894,n_id3843,n_id3844,0
l_id3895,n_id3844,n_id3845,0
l_id3896,n_id3845,n_id3846,0
l_id3897,n_id3846,n_id3847,0
l_id3898,n_id3847,n_id3848,0
l_id3899,n_id3848,n_id3849,0
l_id3900,n_id3849,n_id3850,0
l_id3901,n_id3850,n_id3851,0
l_id3902,n_id3851,n_id3852,0
l_id3903,n_id3852,n_id3853,0
l_id3904,n_id3853,n_id3854,0
l_id3905,n_id3854,n_id3855,0
l_id3906,n_id3855,n_id3856,0
l_id3907,n_id3856,n_id3857,0
l_id3908,n_id3857,n_id3858,0
l_id3909,n_id3858,n_id3859,0
l_id3910,n_id3859,n_id3860,0
l_id3911,n_id3860,n_id3861,0
l_id3912,n_id3861,n_id3862,0
l_id3913,n_id3862,n_id3863,0
l_id3914,n_id3863,n_id3864,0
l_id3915,n_id3864,n_id3865,0
l_id3916,n_id3865,n_id3866,0
l_id3917,n_id3866,n_id3867,0
l_id3918,n_id3867,n_id3868,0
l_id3919,n_id3868,n_id3869,0
l_id3920,n_id3869,n_id3870,0
l_id3921,n_id3870,n_id3871,0
l_id3922,n_id3871,n_id3872,0
l_id3923,n_id3872,n_id3873,0
l_id3924,n_id3873,n_id3874,0
l_id3925,n_id3874,n_id3875,0
l_id3926,n_id3875,n_id3876,0
l_id3927,n_id3876,n_id3877,0
l_id3928,n_id3877,n_id3878,0
l_id3929,n_id3878,n_id3879,0
l_id3930,n_id3879,n_id3880,0
l_id3931,n_id3880,n_id3881,0
l_id3932,n_id3881,n_id3882,0
l_id3933,n_id3882,n_id3883,0
l_id3934,n_id3883,n_id3884,0
l_id3935,n_id3884,n_id953,0
l_id3936,n_id3837,n_id3885,0
l_id3937,n_id3885,n_id3886,0
l_id3938,n_id3886,n_id3887,0
l_id3939,n_id3887,n_id3888,0
l_id3940,n_id3888,n_id3889,0
l_id3941,n_id3889,n_id3890,0
l_id3942,n_id3890,n_id3891,0
l_id3943,n_id3891,n_id3892,0
l_id3944,n_id3892,n_id3893,0
l_id3945,n_id3893,n_id3894,0
l_id3946,n_id3894,n_id3895,0
l_id3947,n_id3895,n_id3896,0
l_id3948,n_id3896,n_id3897,0
l_id3949,n_id3897,n_id3898,0
l_id3950,n_id3898,n_id3899,0
l_id3951,n_id3899,n_id3900,0
l_id3952,n_id3900,n_id3901,0
l_id3953,n_id3901,n_id3902,0
l_id3954,n_id3902,n_id3903,0
l_id3955,n_id3903,n_id3904,0
l_id3956,n_id3904,n_id3905,0
l_id3957,n_id3905,n_id3906,0
l_id3958,n_id3906,n_id3907,0
l_id3959,n_id3907,n_id3908,0
l_id3960,n_id3908,n_id3909,0
l_id3961,n_id3909,n_id3910,0
l_id3962,n_id3910,n_id3911,0
l_id3963,n_id3911,n_id3912,0
l_id3964,n_id3912,n_id3913,0
l_id3965,n_id3913,n_id3914,0
l_id3966,n_id3914,n_id915,0
l_id3967,n_id915,n_id3915,0
l_id3968,n_id3915,n_id3916,0
l_id3969,n_id3916,n_id3917,0
l_id3970,n_id3917,n_id3918,0
l_id3971,n_id3918,n_id3919,0
l_id3972,n_id3919,n_id3920,0
l_id3973,n_id3920,n_id3921,0
l_id3974,n_id3921,n_id3922,0
l_id3975,n_id3922,n_id3923,0
l_id3976,n_id3923,n_id3924,0
l_id3977,n_id3924,n_id3925,0
l_id3978,n_id3925,n_id3926,0
l_id3979,n_id3926,n_id3927,0
l_id3980,n_id3927,n_id3928,0
l_id3981,n_id3928,n_id3929,0
l_id3982,n_id3929,n_id3930,0
l_id3983,n_id3930,n_id3931,0
l_id3984,n_id3931,n_id3932,0
l_id3985,n_id3932,n_id3933,0
l_id3986,n_id3933,n_id3934,0
l_id3987,n_id3934,n_id3935,0
l_id3988,n_id2633,n_id3936,0
l_id3989,n_id3936,n_id3937,0
l_id3990,n_id3937,n_id3938,0
l_id3991,n_id3938,n_id3939,0
l_id3992,n_id3939,n_id3940,0
l_id3993,n_id3940,n_id3941,0
l_id3994,n_id3941,n_id3942,0
l_id3995,n_id3942,n_id3943,0
l_id3996,n_id3943,n_id3944,0
l_id3997,n_id3944,n_id3945,0
l_id3998,n_id3945,n_id3946,0
l_id3999,n_id3946,n_id3947,0
l_id4000,n_id3947,n_id3948,0
l_id4001,n_id3948,n_id3949,0
l_id4002,n_id3949,n_id3950,0
l_id4003,n_id3950,n_id3951,0
l_id4004,n_id3951,n_id3952,0
l_id4005,n_id3952,n_id3953,0
l_id4006,n_id3953,n_id3954,0
l_id4007,n_id3954,n_id3955,0
l_id4008,n_id3955,n_id3956,0
l_id4009,n_id3956,n_id3957,0
l_id4010,n_id3957,n_id3958,0
l_id4011,n_id3958,n_id3959,0
l_id4012,n_id3959,n_id3960,0
l_id4013,n_id3960,n_id3961,0
l_id4014,n_id3961,n_id3962,0
l_id4015,n_id3962,n_id3963,0
l_id4016,n_id3963,n_id3964,0
l_id4017,n_id3964,n_id3965,0
l_id4018,n_id3965,n_id3966,0
l_id4019,n_id3966,n_id3967,0
l_id4020,n_id3967,n_id3968,0
l_id4021,n_id3968,n_id3969,0
l_id4022,n_id3969,n_id3970,0
l_id4023,n_id3970,n_id3971,0
l_id4024,n_id3971,n_id3972,0
l_id4025,n_id3972,n_id3973,0
l_id4026,n_id3973,n_id3974,0
l_id4027,n_id3974,n_id3975,0
l_id4028,n_id3975,n_id3976,0
l_id4029,n_id3976,n_id3977,0
l_id4030,n_id3977,n_id3978,0
l_id4031,n_id3978,n_id3979,0
l_id4032,n_id3979,n_id3980,0
l_id4033,n_id3980,n_id3981,0
l_id4034,n_id3981,n_id3982,0
l_id4035,n_id3982,n_id3983,0
l_id4036,n_id3983,n_id3984,0
l_id4037,n_id3984,n_id3985,0
l_id4038,n_id3985,n_id3986,0
l_id4039,n_id3986,n_id3987,0
l_id4040,n_id3987,n_id3988,0
l_id4041,n_id3988,n_id3989,0
l_id4042,n_id3989,n_id3990,0
l_id4043,n_id3990,n_id3991,0
l_id4044,n_id3991,n_id3992,0
l_id4045,n_id3992,n_id3993,0
l_id4046,n_id3993,n_id3994,0
l_id4047,n_id3994,n_id3995,0
l_id4048,n_id3995,n_id3996,0
l_id4049,n_id3996,n_id3997,0
l_id4050,n_id3997,n_id3998,0
l_id4051,n_id3998,n_id3999,0
l_id4052,n_id3999,n_id4000,0
l_id4053,n_id4000,n_id4001,0
l_id4054,n_id4001,n_id4002,0
l_id4055,n_id4002,n_id4003,0
l_id4056,n_id4003,n_id4004,0
l_id4057,n_id4004,n_id4005,0
l_id4058,n_id4005,n_id4006,0
l_id4059,n_id4006,n_id4007,0
l_id4060,n_id4007,n_id4008,0
l_id4061,n_id4008,n_id4009,0
l_id4062,n_id4009,n_id4010,0
l_id4063,n_id4010,n_id4011,0
l_id4064,n_id4011,n_id4012,0
l_id4065,n_id4012,n_id4013,0
l_id4066,n_id4013,n_id4014,0
l_id4067,n_id4014,n_id4015,0
l_id4068,n_id4015,n_id4016,0
l_id4069,n_id4016,n_id4017,0
l_id4070,n_id4017,n_id4018,0
l_id4071,n_id4018,n_id4019,0
l_id4072,n_id4019,n_id4020,0
l_id4073,n_id4020,n_id4021,0
l_id4074,n_id4021,n_id4022,0
l_id4075,n_id4022,n_id4023,0
l_id4076,n_id4023,n_id4024,0
l_id4077,n_id4024,n_id4025,0
l_id4078,n_id4025,n_id4026,0
l_id4079,n_id4026,n_id4027,0
l_id4080,n_id4027,n_id4028,0
l_id4081,n_id4028,n_id4029,0
l_id4082,n_id4029,n_id4030,0
l_id4083,n_id4030,n_id4031,0
l_id4084,n_id4031,n_id4032,0
l_id4085,n_id4032,n_id4033,0
l_id4086,n_id4033,n_id4034,0
l_id4087,n_id4034,n_id4035,0
l_id4088,n_id4035,n_id4036,0
l_id4089,n_id4036,n_id4037,0
l_id4090,n_id4037,n_id4038,0
l_id4091,n_id4038,n_id4039,0
l_id4092,n_id4039,n_id4040,0
l_id4093,n_id4040,n_id4041,0
l_id4094,n_id4041,n_id4042,0
l_id4095,n_id4042,n_id3935,0
l_id4096,n_id3935,n_id4043,0
l_id4097,n_id4043,n_id4044,0
l_id4098,n_id4044,n_id4045,0
l_id4099,n_id4045,n_id4046,0
l_id4100,n_id4046,n_id4047,0
l_id4101,n_id4047,n_id4048,0
l_id4102,n_id4048,n_id4049,0
l_id4103,n_id4049,n_id4050,0
l_id4104,n_id4050,n_id4051,0
l_id4105,n_id4051,n_id4052,0
l_id4106,n_id4052,n_id4053,0
l_id4107,n_id4053,n_id4054,0
l_id4108,n_id4054,n_id4055,0
l_id4109,n_id4055,n_id4056,0
l_id4110,n_id4056,n_id4057,0
l_id4111,n_id4057,n_id4058,0
l_id4112,n_id4058,n_id4059,0
l_id4113,n_id4059,n_id4060,0
l_id4114,n_id4060,n_id4061,0
l_id4115,n_id4061,n_id4062,0
l_id4116,n_id4062,n_id4063,0
l_id4117,n_id4063,n_id4064,0
l_id4118,n_id4064,n_id4065,0
l_id4119,n_id4065,n_id4066,0
l_id4120,n_id4066,n_id4067,0
l_id4121,n_id4067,n_id4068,0
l_id4122,n_id4068,n_id4069,0
l_id4123,n_id4069,n_id4070,0
l_id4124,n_id4070,n_id4071,0
l_id4125,n_id4071,n_id4072,0
l_id4126,n_id4072,n_id4073,0
l_id4127,n_id4073,n_id4074,0
l_id4128,n_id4074,n_id4075,0
l_id4129,n_id4075,n_id4076,0
l_id4130,n_id4076,n_id4077,0
l_id4131,n_id4077,n_id4078,0
l_id4132,n_id4078,n_id4079,0
l_id4133,n_id4079,n_id4080,0
l_id4134,n_id4080,n_id4081,0
l_id4135,n_id4081,n_id4082,0
l_id4136,n_id4082,n_id4083,0
l_id4137,n_id4083,n_id4084,0
l_id4138,n_id4084,n_id4085,0
l_id4139,n_id4085,n_id4086,0
l_id4140,n_id4086,n_id4087,0
l_id4141,n_id4087,n_id4088,0
l_id4142,n_id4088,n_id894,0
l_id4143,n_id894,n_id4089,0
l_id4144,n_id4089,n_id4090,0
l_id4145,n_id4090,n_id4091,0
l_id4146,n_id4091,n_id4092,0
l_id4147,n_id4092,n_id4093,0
l_id4148,n_id4093,n_id4094,0
l_id4149,n_id4094,n_id4095,0
l_id4150,n_id4095,n_id4096,0
l_id4151,n_id4096,n_id4097,0
l_id4152,n_id4097,n_id4098,0
l_id4153,n_id4098,n_id4099,0
l_id4154,n_id4099,n_id4100,0
l_id4155,n_id4100,n_id4101,0
l_id4156,n_id4101,n_id4102,0
l_id4157,n_id4102,n_id4103,0
l_id4158,n_id4103,n_id4104,0
l_id4159,n_id4104,n_id4105,0
l_id4160,n_id4105,n_id4106,0
l_id4161,n_id4106,n_id4107,0
l_id4162,n_id4107,n_id4108,0
l_id4163,n_id4108,n_id4109,0
l_id4164,n_id4109,n_id4110,0
l_id4165,n_id4110,n_id4111,0
l_id4166,n_id4111,n_id4112,0
l_id4167,n_id4112,n_id4113,0
l_id4168,n_id4113,n_id4114,0
l_id4169,n_id4114,n_id4115,0
l_id4170,n_id4115,n_id4116,0
l_id4171,n_id4116,n_id4117,0
l_id4172,n_id4117,n_id4118,0
l_id4173,n_id4118,n_id4119,0
l_id4174,n_id4119,n_id4120,0
l_id4175,n_id4120,n_id4121,0
l_id4176,n_id4121,n_id4122,0
l_id4177,n_id4122,n_id4123,0
l_id4178,n_id4123,n_id4124,0
l_id4179,n_id4124,n_id4125,0
l_id4180,n_id4125,n_id4126,0
l_id4181,n_id4126,n_id4127,0
l_id4182,n_id4127,n_id4128,0
l_id4183,n_id4128,n_id4129,0
l_id4184,n_id4129,n_id4130,0
l_id4185,n_id4130,n_id4131,0
l_id4186,n_id4131,n_id4132,0
l_id4187,n_id4132,n_id4133,0
l_id4188,n_id4133,n_id4134,0
l_id4189,n_id4134,n_id4135,0
l_id4190,n_id4135,n_id4136,0
l_id4191,n_id4136,n_id4137,0
l_id4192,n_id4137,n_id4138,0
l_id4193,n_id4138,n_id4139,0
l_id4194,n_id4139,n_id4140,0
l_id4195,n_id4140,n_id4141,0
l_id4196,n_id4141,n_id4142,0
l_id4197,n_id4142,n_id4143,0
l_id4198,n_id4143,n_id4144,0
l_id4199,n_id4144,n_id4145,0
l_id4200,n_id4145,n_id4146,0
l_id4201,n_id4146,n_id4147,0
l_id4202,n_id4147,n_id4148,0
l_id4203,n_id4148,n_id4149,0
l_id4204,n_id4149,n_id4150,0
l_id4205,n_id4150,n_id4151,0
l_id4206,n_id4151,n_id4152,0
l_id4207,n_id4152,n_id4153,0
l_id4208,n_id4153,n_id4154,0
l_id4209,n_id4154,n_id4155,0
l_id4210,n_id4155,n_id4156,0
l_id4211,n_id4156,n_id4157,0
l_id4212,n_id4157,n_id4158,0
l_id4213,n_id4158,n_id3036,0
l_id4214,n_id230,n_id4159,0
l_id4215,n_id4159,n_id4160,0
l_id4216,n_id4160,n_id4161,0
l_id4217,n_id4161,n_id4162,0
l_id4218,n_id4162,n_id4163,0
l_id4219,n_id4163,n_id4164,0
l_id4220,n_id4164,n_id4165,0
l_id4221,n_id4165,n_id4166,0
l_id4222,n_id4166,n_id4167,0
l_id4223,n_id4167,n_id4168,0
l_id4224,n_id4168,n_id4169,0
l_id4225,n_id4169,n_id4170,0
l_id4226,n_id4170,n_id4171,0
l_id4227,n_id4171,n_id4172,0
l_id4228,n_id4172,n_id4173,0
l_id4229,n_id4173,n_id4174,0
l_id4230,n_id4174,n_id4175,0
l_id4231,n_id4175,n_id4176,0
l_id4232,n_id4176,n_id4177,0
l_id4233,n_id4177,n_id4178,0
l_id4234,n_id4178,n_id4179,0
l_id4235,n_id4179,n_id2176,0
l_id4236,n_id2176,n_id4180,0
l_id4237,n_id4180,n_id4181,0
l_id4238,n_id4181,n_id4182,0
l_id4239,n_id4182,n_id4183,0
l_id4240,n_id4183,n_id4184,0
l_id4241,n_id4184,n_id4185,0
l_id4242,n_id4185,n_id4186,0
l_id4243,n_id4186,n_id4187,0
l_id4244,n_id4187,n_id4188,0
l_id4245,n_id4188,n_id4189,0
l_id4246,n_id4189,n_id4190,0
l_id4247,n_id4190,n_id4191,0
l_id4248,n_id4191,n_id4192,0
l_id4249,n_id4192,n_id4193,0
l_id4250,n_id4193,n_id4194,0
l_id4251,n_id4194,n_id4195,0
l_id4252,n_id4195,n_id1073,0
l_id4253,n_id1073,n_id4196,0
l_id4254,n_id4196,n_id4197,0
l_id4255,n_id4197,n_id4198,0
l_id4256,n_id4198,n_id4199,0
l_id4257,n_id4199,n_id4200,0
l_id4258,n_id4200,n_id4201,0
l_id4259,n_id4201,n_id4202,0
l_id4260,n_id4202,n_id4203,0
l_id4261,n_id4203,n_id4204,0
l_id4262,n_id4204,n_id4205,0
l_id4263,n_id4205,n_id4206,0
l_id4264,n_id4206,n_id4207,0
l_id4265,n_id4207,n_id4208,0
l_id4266,n_id4208,n_id4209,0
l_id4267,n_id4209,n_id4210,0
l_id4268,n_id4210,n_id4211,0
l_id4269,n_id4211,n_id4212,0
l_id4270,n_id4212,n_id4213,0
l_id4271,n_id4213,n_id4214,0
l_id4272,n_id4214,n_id4215,0
l_id4273,n_id4215,n_id4216,0
l_id4274,n_id4216,n_id4217,0
l_id4275,n_id4217,n_id4218,0
l_id4276,n_id4218,n_id4219,0
l_id4277,n_id4219,n_id4220,0
l_id4278,n_id4220,n_id758,0
l_id4279,n_id758,n_id4221,0
l_id4280,n_id4221,n_id4222,0
l_id4281,n_id4222,n_id4223,0
l_id4282,n_id4223,n_id4224,0
l_id4283,n_id4224,n_id4225,0
l_id4284,n_id4225,n_id4226,0
l_id4285,n_id4226,n_id4227,0
l_id4286,n_id4227,n_id4228,0
l_id4287,n_id4228,n_id4229,0
l_id4288,n_id4229,n_id4230,0
l_id4289,n_id4230,n_id4231,0
l_id4290,n_id4231,n_id4232,0
l_id4291,n_id4232,n_id4233,0
l_id4292,n_id4233,n_id4234,0
l_id4293,n_id4234,n_id4235,0
l_id4294,n_id4235,n_id4236,0
l_id4295,n_id4236,n_id4237,0
l_id4296,n_id4237,n_id4238,0
l_id4297,n_id4238,n_id4239,0
l_id4298,n_id4239,n_id4240,0
l_id4299,n_id4240,n_id4241,0
l_id4300,n_id4241,n_id4242,0
l_id4301,n_id4242,n_id2411,0
l_id4302,n_id2411,n_id4243,0
l_id4303,n_id4243,n_id4244,0
l_id4304,n_id4244,n_id4245,0
l_id4305,n_id4245,n_id4246,0
l_id4306,n_id4246,n_id4247,0
l_id4307,n_id4247,n_id4248,0
l_id4308,n_id4248,n_id4249,0
l_id4309,n_id4249,n_id4250,0
l_id4310,n_id4250,n_id4251,0
l_id4311,n_id4251,n_id4252,0
l_id4312,n_id4252,n_id4253,0
l_id4313,n_id4253,n_id4254,0
l_id4314,n_id4254,n_id4255,0
l_id4315,n_id4255,n_id4256,0
l_id4316,n_id4256,n_id4257,0
l_id4317,n_id4257,n_id4258,0
l_id4318,n_id4258,n_id4259,0
l_id4319,n_id4259,n_id4260,0
l_id4320,n_id4260,n_id4261,0
l_id4321,n_id4261,n_id4262,0
l_id4322,n_id4262,n_id4263,0
l_id4323,n_id4263,n_id4264,0
l_id4324,n_id4264,n_id4265,0
l_id4325,n_id4265,n_id4266,0
l_id4326,n_id4266,n_id4267,0
l_id4327,n_id4267,n_id4268,0
l_id4328,n_id4268,n_id4269,0
l_id4329,n_id4269,n_id2389,0
l_id4330,n_id2392,n_id4270,0
l_id4331,n_id4270,n_id4271,0
l_id4332,n_id4271,n_id4272,0
l_id4333,n_id4272,n_id4273,0
l_id4334,n_id4273,n_id4274,0
l_id4335,n_id4274,n_id4275,0
l_id4336,n_id4275,n_id4276,0
l_id4337,n_id4276,n_id4277,0
l_id4338,n_id4277,n_id4278,0
l_id4339,n_id4278,n_id4279,0
l_id4340,n_id4279,n_id4280,0
l_id4341,n_id4280,n_id4281,0
l_id4342,n_id4281,n_id4282,0
l_id4343,n_id4282,n_id4283,0
l_id4344,n_id4283,n_id4284,0
l_id4345,n_id4284,n_id4285,0
l_id4346,n_id4285,n_id4286,0
l_id4347,n_id4286,n_id4287,0
l_id4348,n_id4287,n_id4288,0
l_id4349,n_id4288,n_id4289,0
l_id4350,n_id4289,n_id4290,0
l_id4351,n_id4290,n_id4291,0
l_id4352,n_id4291,n_id4292,0
l_id4353,n_id4292,n_id4293,0
l_id4354,n_id4293,n_id752,0
l_id4355,n_id752,n_id4294,0
l_id4356,n_id4294,n_id4295,0
l_id4357,n_id4295,n_id4296,0
l_id4358,n_id4296,n_id4214,0
l_id4359,n_id4214,n_id4297,0
l_id4360,n_id4297,n_id4298,0
l_id4361,n_id4298,n_id4299,0
l_id4362,n_id4299,n_id4300,0
l_id4363,n_id4300,n_id4301,0
l_id4364,n_id4301,n_id4302,0
l_id4365,n_id4302,n_id4303,0
l_id4366,n_id4303,n_id4304,0
l_id4367,n_id4304,n_id4305,0
l_id4368,n_id4305,n_id4306,0
l_id4369,n_id4306,n_id4307,0
l_id4370,n_id4307,n_id4308,0
l_id4371,n_id4308,n_id4309,0
l_id4372,n_id4309,n_id4310,0
l_id4373,n_id4310,n_id4311,0
l_id4374,n_id4311,n_id4312,0
l_id4375,n_id4312,n_id4313,0
l_id4376,n_id4313,n_id4314,0
l_id4377,n_id4314,n_id4315,0
l_id4378,n_id4315,n_id4316,0
l_id4379,n_id4316,n_id4317,0
l_id4380,n_id4317,n_id4318,0
l_id4381,n_id4318,n_id4319,0
l_id4382,n_id4319,n_id4320,0
l_id4383,n_id4320,n_id4321,0
l_id4384,n_id4321,n_id4322,0
l_id4385,n_id4322,n_id4323,0
l_id4386,n_id4323,n_id4324,0
l_id4387,n_id4324,n_id2249,0
l_id4388,n_id2249,n_id4325,0
l_id4389,n_id4325,n_id4326,0
l_id4390,n_id4326,n_id4327,0
l_id4391,n_id4327,n_id4328,0
l_id4392,n_id4328,n_id4329,0
l_id4393,n_id4329,n_id4330,0
l_id4394,n_id4330,n_id4331,0
l_id4395,n_id4331,n_id4332,0
l_id4396,n_id4332,n_id4333,0
l_id4397,n_id4333,n_id2985,0
l_id4398,n_id2985,n_id4334,0
l_id4399,n_id4334,n_id4335,0
l_id4400,n_id4335,n_id4336,0
l_id4401,n_id4336,n_id4337,0
l_id4402,n_id4337,n_id4338,0
l_id4403,n_id4338,n_id4339,0
l_id4404,n_id4339,n_id338,0
l_id4405,n_id338,n_id4340,0
l_id4406,n_id4340,n_id4341,0
l_id4407,n_id4341,n_id4342,0
l_id4408,n_id4342,n_id4343,0
l_id4409,n_id4343,n_id4344,0
l_id4410,n_id4344,n_id4345,0
l_id4411,n_id4345,n_id4346,0
l_id4412,n_id4346,n_id4347,0
l_id4413,n_id4347,n_id4348,0
l_id4414,n_id4348,n_id4349,0
l_id4415,n_id4349,n_id4350,0
l_id4416,n_id4350,n_id4351,0
l_id4417,n_id4351,n_id4352,0
l_id4418,n_id4352,n_id1361,0
l_id4419,n_id1361,n_id4353,0
l_id4420,n_id4353,n_id4354,0
l_id4421,n_id4354,n_id4355,0
l_id4422,n_id4355,n_id4356,0
l_id4423,n_id4356,n_id4357,0
l_id4424,n_id4357,n_id4358,0
l_id4425,n_id4358,n_id2068,0
l_id4426,n_id2392,n_id4359,0
l_id4427,n_id4359,n_id4360,0
l_id4428,n_id4360,n_id4361,0
l_id4429,n_id4361,n_id4362,0
l_id4430,n_id4362,n_id4363,0
l_id4431,n_id4363,n_id4364,0
l_id4432,n_id4364,n_id4365,0
l_id4433,n_id4365,n_id4366,0
l_id4434,n_id4366,n_id4367,0
l_id4435,n_id4367,n_id4368,0
l_id4436,n_id4368,n_id4369,0
l_id4437,n_id4369,n_id4370,0
l_id4438,n_id4370,n_id4371,0
l_id4439,n_id4371,n_id4372,0
l_id4440,n_id4372,n_id4373,0
l_id4441,n_id4373,n_id4374,0
l_id4442,n_id4374,n_id4375,0
l_id4443,n_id4375,n_id4376,0
l_id4444,n_id4376,n_id4237,0
l_id4445,n_id4237,n_id4377,0
l_id4446,n_id4377,n_id4378,0
l_id4447,n_id4378,n_id4379,0
l_id4448,n_id4379,n_id4380,0
l_id4449,n_id4380,n_id4381,0
l_id4450,n_id4381,n_id4382,0
l_id4451,n_id4382,n_id4383,0
l_id4452,n_id4383,n_id4384,0
l_id4453,n_id4384,n_id4385,0
l_id4454,n_id4385,n_id4386,0
l_id4455,n_id4386,n_id4387,0
l_id4456,n_id4387,n_id4388,0
l_id4457,n_id4388,n_id4389,0
l_id4458,n_id4389,n_id4390,0
l_id4459,n_id4390,n_id4391,0
l_id4460,n_id4391,n_id4392,0
l_id4461,n_id4392,n_id4393,0
l_id4462,n_id4393,n_id789,0
l_id4463,n_id789,n_id4394,0
l_id4464,n_id4394,n_id4395,0
l_id4465,n_id4395,n_id4396,0
l_id4466,n_id4396,n_id4397,0
l_id4467,n_id4397,n_id4398,0
l_id4468,n_id4398,n_id4399,0
l_id4469,n_id4399,n_id4400,0
l_id4470,n_id4400,n_id4401,0
l_id4471,n_id4401,n_id4402,0
l_id4472,n_id4402,n_id4403,0
l_id4473,n_id4403,n_id4404,0
l_id4474,n_id4404,n_id4405,0
l_id4475,n_id4405,n_id4406,0
l_id4476,n_id4406,n_id4407,0
l_id4477,n_id4407,n_id4408,0
l_id4478,n_id4408,n_id4409,0
l_id4479,n_id4409,n_id4410,0
l_id4480,n_id4410,n_id4411,0
l_id4481,n_id4411,n_id4412,0
l_id4482,n_id4412,n_id4413,0
l_id4483,n_id4413,n_id4414,0
l_id4484,n_id4414,n_id4415,0
l_id4485,n_id4415,n_id4416,0
l_id4486,n_id4416,n_id4417,0
l_id4487,n_id4417,n_id4418,0
l_id4488,n_id4418,n_id4419,0
l_id4489,n_id4419,n_id4420,0
l_id4490,n_id4420,n_id4421,0
l_id4491,n_id4421,n_id4422,0
l_id4492,n_id4422,n_id4423,0
l_id4493,n_id4423,n_id4424,0
l_id4494,n_id4424,n_id4425,0
l_id4495,n_id4425,n_id4426,0
l_id4496,n_id4426,n_id4427,0
l_id4497,n_id4427,n_id4428,0
l_id4498,n_id4428,n_id4429,0
l_id4499,n_id4429,n_id4430,0
l_id4500,n_id4430,n_id4431,0
l_id4501,n_id4431,n_id4432,0
l_id4502,n_id4432,n_id3027,0
l_id4503,n_id3027,n_id4433,0
l_id4504,n_id4433,n_id4434,0
l_id4505,n_id4434,n_id4435,0
l_id4506,n_id4435,n_id4436,0
l_id4507,n_id4436,n_id4437,0
l_id4508,n_id4437,n_id4438,0
l_id4509,n_id4438,n_id4439,0
l_id4510,n_id4439,n_id4440,0
l_id4511,n_id4440,n_id4441,0
l_id4512,n_id4441,n_id4442,0
l_id4513,n_id4442,n_id4443,0
l_id4514,n_id4443,n_id4444,0
l_id4515,n_id4444,n_id4445,0
l_id4516,n_id4445,n_id4446,0
l_id4517,n_id4446,n_id4447,0
l_id4518,n_id4447,n_id4448,0
l_id4519,n_id4448,n_id362,0
l_id4520,n_id4449,n_id4450,0
l_id4521,n_id4450,n_id4451,0
l_id4522,n_id4451,n_id4452,0
l_id4523,n_id4452,n_id4453,0
l_id4524,n_id4453,n_id2682,0
l_id4525,n_id1413,n_id4454,0
l_id4526,n_id4454,n_id4455,0
l_id4527,n_id4455,n_id4456,0
l_id4528,n_id4456,n_id4457,0
l_id4529,n_id4457,n_id4458,0
l_id4530,n_id4458,n_id4459,0
l_id4531,n_id4459,n_id4460,0
l_id4532,n_id4460,n_id4461,0
l_id4533,n_id4461,n_id4462,0
l_id4534,n_id4462,n_id4463,0
l_id4535,n_id4463,n_id4464,0
l_id4536,n_id4464,n_id4465,0
l_id4537,n_id4465,n_id4466,0
l_id4538,n_id4466,n_id4467,0
l_id4539,n_id4467,n_id4468,0
l_id4540,n_id4468,n_id4469,0
l_id4541,n_id4469,n_id4470,0
l_id4542,n_id4470,n_id4471,0
l_id4543,n_id4471,n_id4472,0
l_id4544,n_id4472,n_id4473,0
l_id4545,n_id4473,n_id4474,0
l_id4546,n_id4474,n_id4475,0
l_id4547,n_id4475,n_id4476,0
l_id4548,n_id4476,n_id4477,0
l_id4549,n_id4477,n_id4478,0
l_id4550,n_id4478,n_id4479,0
l_id4551,n_id4479,n_id4480,0
l_id4552,n_id4480,n_id4481,0
l_id4553,n_id4481,n_id4482,0
l_id4554,n_id4482,n_id4483,0
l_id4555,n_id4483,n_id4484,0
l_id4556,n_id4484,n_id4485,0
l_id4557,n_id4485,n_id4486,0
l_id4558,n_id4486,n_id4487,0
l_id4559,n_id4487,n_id4488,0
l_id4560,n_id4488,n_id4489,0
l_id4561,n_id4487,n_id4490,0
l_id4562,n_id4490,n_id4491,0
l_id4563,n_id4491,n_id4492,0
l_id4564,n_id4492,n_id4493,0
l_id4565,n_id4493,n_id4494,0
l_id4566,n_id4494,n_id4495,0
l_id4567,n_id4495,n_id4496,0
l_id4568,n_id4496,n_id4497,0
l_id4569,n_id4497,n_id4498,0
l_id4570,n_id4498,n_id4499,0
l_id4571,n_id4499,n_id4500,0
l_id4572,n_id4500,n_id4501,0
l_id4573,n_id4501,n_id4502,0
l_id4574,n_id4502,n_id4503,0
l_id4575,n_id4503,n_id4504,0
l_id4576,n_id4504,n_id4505,0
l_id4577,n_id4505,n_id4506,0
l_id4578,n_id4506,n_id4507,0
l_id4579,n_id4507,n_id4508,0
l_id4580,n_id4508,n_id4509,0
l_id4581,n_id4509,n_id301,0
