id,xpos,ypos,sp_id,entry
n_id0,0.24250158316055773,0.8985057656215727,-1,1
n_id1,0.24694624491166575,0.896615203148243,-1,-1
n_id2,0.24935004764671836,0.895178443735157,-1,-1
n_id3,0.2571885350796526,0.8909365907866545,-1,-1
n_id4,0.2647134799844958,0.8870368223225907,-1,-1
n_id5,0.2716113456615965,0.8832738891784431,-1,-1
n_id6,0.2793453189184778,0.8793741207143791,-1,-1
n_id7,0.2845709810926592,0.8767742763434521,-1,-1
n_id8,0.28896052985868825,0.8730797570438884,-1,-1
n_id9,0.29145907843612767,0.8688147675411756,-1,1
n_id10,0.2564569416758572,0.8946311100862293,-1,-1
n_id11,0.263459321528943,0.8940837726219,-1,-1
n_id12,0.2658631242639956,0.8939469411173634,-1,-1
n_id13,0.275373821028187,0.8924417640443136,-1,-1
n_id14,0.28122655660177304,0.8916891774154841,-1,-1
n_id15,0.2845709810926592,0.890868173126691,-1,-1
n_id16,0.28707929217539296,0.8904576709823,-1,-1
n_id17,0.2906327391899454,0.8898419196733977,-1,-1
n_id18,0.2939771636808316,0.8897050843534704,-1,-1
n_id19,0.3007705151819132,0.8893629998690319,-1,-1
n_id20,0.30317431791696586,0.8892261683644953,-1,-1
n_id21,0.30725032998327567,0.889089333044568,-1,-1
n_id22,0.30944511019462806,0.8888840838800678,-1,-1
n_id23,0.3187467786067814,0.8836843913228452,-1,-1
n_id24,0.3197919087102622,0.882863387034052,-1,-1
n_id25,0.3204897908719011,0.8815082122084626,-1,1
n_id26,0.31599923660341295,0.9275701270716445,-1,1
n_id27,0.31738810597520956,0.9261029246232704,-1,-1
n_id28,0.3184332419070621,0.9239819962413184,-1,-1
n_id29,0.31906032113483856,0.9213821518704023,-1,-1
n_id30,0.31885129278280044,0.919261227303852,-1,-1
n_id31,0.31906032113483856,0.9163877122930704,-1,-1
n_id32,0.3194783720105768,0.9150877881999115,-1,-1
n_id33,0.31926934365850484,0.9136510326022271,-1,-1
n_id34,0.3195828861865959,0.9090670951692862,-1,-1
n_id35,0.31968740036261495,0.9069461667873453,-1,-1
n_id36,0.3193738578345578,0.9043463224164293,-1,-1
n_id37,0.3193738578345578,0.9027727314988065,-1,-1
n_id38,0.3194783720105768,0.8997623849834884,-1,-1
n_id39,0.31926934365850484,0.8988045453747681,-1,-1
n_id40,0.31926934365850484,0.8968204523127432,-1,-1
n_id41,0.31968740036261495,0.8928522661887158,-1,-1
n_id42,0.31968740036261495,0.8919628480553496,-1,-1
n_id43,0.3194783720105768,0.8892945822090683,-1,-1
n_id44,0.3193738578345578,0.8873789068070181,-1,-1
n_id45,0.31968740036261495,0.8856000667248952,-1,-1
n_id46,0.31968740036261495,0.8845738132716019,-1,-1
n_id47,0.31968740036261495,0.8842317249717728,-1,-1
n_id48,0.24475146470031334,0.8967178258227978,-1,-1
n_id49,0.24590111480818497,0.894494274766302,-1,-1
n_id50,0.2468417307356467,0.8926470170242156,-1,-1
n_id51,0.2477300895750989,0.890868173126691,-1,-1
n_id52,0.2479913750151465,0.8898419196733977,-1,-1
n_id53,0.24820040336721855,0.8890551242145863,-1,-1
n_id54,0.24820040336721855,0.8881314934358477,-1,-1
n_id55,0.24867071133093244,0.8839238493173271,-1,-1
n_id56,0.24971584143444714,0.8801609161731795,-1,-1
n_id57,0.24929779055870885,0.8775610718022634,-1,-1
n_id58,0.2487752255069515,0.8762611477091156,-1,-1
n_id59,0.24814814627920903,0.8742770546470908,-1,-1
n_id60,0.247939117927137,0.8723613792450406,-1,-1
n_id61,0.24783460375111793,0.8712667081317838,-1,-1
n_id62,0.247939117927137,0.8698983663786612,-1,-1
n_id63,0.2477300895750989,0.8683931931210022,-1,-1
n_id64,0.24741655287541356,0.8666827706988428,-1,-1
n_id65,0.24783460375111793,0.8649723444612929,-1,-1
n_id66,0.24825266045522806,0.8639460910079996,-1,-1
n_id67,0.24825266045522806,0.8581990609864476,-1,-1
n_id68,0.2489842480306517,0.8547782123267383,-1,-1
n_id69,0.24814814627920903,0.8529309545846518,-1,-1
n_id70,0.24720752452337547,0.8506047770381996,-1,-1
n_id71,0.24616239441986076,0.8467050085741247,-1,-1
n_id72,0.2449082359643419,0.8438314935633542,-1,-1
n_id73,0.2438631058608272,0.8402053957391448,-1,-1
n_id74,0.2430269982810127,0.8382213026771199,-1,-1
n_id75,0.24198186817753195,0.8361003742951679,-1,-1
n_id76,0.2418773540015129,0.835005703181911,-1,-1
n_id77,0.24229541070558908,0.8342531165530814,-1,-1
n_id78,0.3484483587492837,0.9681348821202276,-1,1
n_id79,0.35078659241897153,0.9663278386395752,-1,-1
n_id80,0.35611022934772724,0.9622613030831866,-1,-1
n_id81,0.3615449140456089,0.9565142768770252,-1,-1
n_id82,0.36384420260460854,0.9530934282173159,-1,-1
n_id83,0.3678157063232711,0.9498094110621433,-1,-1
n_id84,0.3690698589504521,0.9469358960513728,-1,-1
n_id85,0.37032401740600485,0.9426940431028705,-1,-1
n_id86,0.37053304575804297,0.9410520383406749,-1,-1
n_id87,0.3724142834413382,0.9389995276186864,-1,-1
n_id88,0.373459413544819,0.9366733500722453,-1,-1
n_id89,0.37408649277259537,0.934347172525793,-1,-1
n_id90,0.3742955211246335,0.9333893329170616,-1,-1
n_id91,0.3749226003524099,0.9287369778241682,-1,-1
n_id92,0.3757587021038526,0.9228531162980795,-1,-1
n_id93,0.3757587021038526,0.9201164366072252,-1,-1
n_id94,0.3757587021038526,0.9175165922363091,-1,-1
n_id95,0.37743091143510976,0.9083487173704496,-1,-1
n_id96,0.3809843584496961,0.8974019986070544,-1,-1
n_id97,0.3811933868017342,0.8922023060498316,-1,-1
n_id98,0.382238516905215,0.8887814573901225,-1,-1
n_id99,0.3830746244850295,0.8849501065860111,-1,-1
n_id100,0.3841197545885442,0.8816660894308386,-1,-1
n_id101,0.38537391304406304,0.8787925744200681,-1,-1
n_id102,0.38621002062387755,0.877287401162409,-1,-1
n_id103,0.3910176260939828,0.8620988294505225,-1,-1
n_id104,0.39268983542523994,0.8530677860891884,-1,-1
n_id105,0.3924808070732018,0.8478680973473564,-1,-1
n_id106,0.3935259371766826,0.844036746543245,-1,-1
n_id107,0.3943620447564971,0.8425315732855859,-1,-1
n_id108,0.3960342540877543,0.8351425385018382,-1,-1
n_id109,0.3964523049634926,0.8325426903155315,-1,-1
n_id110,0.39812452012312155,0.8291218416558224,-1,-1
n_id111,0.400005751978045,0.825290490851711,-1,-1
n_id112,0.40063283120582144,0.8233748154496608,-1,-1
n_id113,0.4010508879098976,0.8209118025832814,-1,-1
n_id114,0.4031411481168931,0.8187224603567675,-1,-1
n_id115,0.40523141415222647,0.8109229234286177,-1,-1
n_id116,0.4081577819390364,0.803944390789272,-1,-1
n_id117,0.41087512137380827,0.7917661655926926,-1,-1
n_id118,0.4112931780778845,0.7908083259839723,-1,-1
n_id119,0.41171122895358886,0.7897136548707042,-1,-1
n_id120,0.41254733070506544,0.7875243126441903,-1,-1
n_id121,0.41380148916058435,0.783692961840079,-1,-1
n_id122,0.41380148916058435,0.7820509532624926,-1,-1
n_id123,0.41380148916058435,0.7795879403961132,-1,-1
n_id124,0.41380148916058435,0.7776722649940632,-1,-1
n_id125,0.4140105175126224,0.7741145810144268,-1,-1
n_id126,0.41254733070506544,0.7711042344991086,-1,-1
n_id127,0.41254733070506544,0.7680938879838014,-1,-1
n_id128,0.4129653874091417,0.76713604837507,-1,-1
n_id129,0.41380148916058435,0.7605680178801154,-1,-1
n_id130,0.41442856838836073,0.7555051606428199,-1,-1
n_id131,0.41442856838836073,0.7549578231785017,-1,-1
n_id132,0.4161007777196179,0.7522211434876473,-1,-1
n_id133,0.44337871538497725,0.9407099500408457,-1,-1
n_id134,0.43710792310731506,0.9389311099587228,-1,-1
n_id135,0.43386801862081975,0.9371522698765998,-1,-1
n_id136,0.43021005743021434,0.9359207634434157,-1,-1
n_id137,0.4238347509765331,0.9335945858969634,-1,-1
n_id138,0.41829555793100426,0.9326367462882431,-1,-1
n_id139,0.41087512137380827,0.931131573030584,-1,-1
n_id140,0.4066945951314455,0.9299684842573523,-1,-1
n_id141,0.4018869896613403,0.9286001463196316,-1,-1
n_id142,0.397079384191269,0.9268897200820817,-1,-1
n_id143,0.39122664861764905,0.9249056270200569,-1,-1
n_id144,0.3899724901621302,0.9244267072157023,-1,-1
n_id145,0.38840479500689207,0.9235372890823361,-1,-1
n_id146,0.3850603763443438,0.92210052966925,-1,-1
n_id147,0.3801482566982195,0.9207321917315181,-1,-1
n_id148,0.37074207411008103,0.9177218414008094,-1,-1
n_id149,0.36687508456743756,0.9157377521541862,-1,-1
n_id150,0.3614403998695898,0.9131379039678796,-1,-1
n_id151,0.35736438780324614,0.9113590638857567,-1,-1
n_id152,0.3527658106852129,0.909374970823743,-1,-1
n_id153,0.349943957074422,0.9082118820505113,-1,-1
n_id154,0.346913075111593,0.9073224601017545,-1,-1
n_id155,0.3441957298484832,0.9055436200196316,-1,-1
n_id156,0.34200095546546866,0.903970029102009,-1,-1
n_id157,0.3401197177821734,0.902875357988752,-1,-1
n_id158,0.33458051890827273,0.9006860119468364,-1,-1
n_id159,0.33113158606973936,0.8988387542047498,-1,-1
n_id160,0.3263239805996341,0.8961704921738702,-1,-1
n_id161,0.3235021269888771,0.8948021504207477,-1,-1
n_id162,0.321934431833639,0.8937074793074907,-1,-1
n_id163,0.31649974713575735,0.8909365907866545,-1,-1
n_id164,0.3134688651729283,0.8901155864978615,-1,-1
n_id165,0.31190117001769024,0.889534044018952,-1,-1
n_id166,0.30641422823179904,0.887584159786909,-1,-1
n_id167,0.3016066227617277,0.8852237734104861,-1,-1
n_id168,0.29523132213638437,0.8833080980084248,-1,-1
n_id169,0.29178238346947916,0.8815292541109113,-1,-1
n_id170,0.28979663743850276,0.8801609161731795,-1,-1
n_id171,0.2884379648069309,0.8789978273999589,-1,-1
n_id172,0.2877063714031694,0.8785189075955931,-1,-1
n_id173,0.27955434727051587,0.8746875567914929,-1,-1
n_id174,0.2767324936597589,0.8734560503582977,-1,-1
n_id175,0.27443320510072533,0.8723613792450406,-1,-1
n_id176,0.272342939065358,0.8706509530074908,-1,-1
n_id177,0.27108878060983915,0.8693510327297336,-1,-1
n_id178,0.2687894920508056,0.8670248551832813,-1,-1
n_id179,0.26805789864701013,0.8653144289457315,-1,-1
n_id180,0.2676398477713058,0.8640829225125362,-1,-1
n_id181,0.26701276854352934,0.8628514160793409,-1,-1
n_id182,0.2653405592122722,0.8601147363884977,-1,-1
n_id183,0.263459321528943,0.8577201449974835,-1,-1
n_id184,0.26241419142546224,0.8566254700688248,-1,-1
n_id185,0.2603239253901289,0.8548466299867019,-1,-1
n_id186,0.25812915100711437,0.8519731149759204,-1,-1
n_id187,0.25614339914780004,0.8490996037805405,-1,-1
n_id188,0.25426216146447084,0.8472523422230634,-1,-1
n_id189,0.253112517184971,0.8460892534498318,-1,-1
n_id190,0.25039517775019915,0.8428736577700244,-1,-1
n_id191,0.24715526743533203,0.8395896406148519,-1,-1
n_id192,0.2433927978971133,0.8355530368308497,-1,-1
n_id193,0.23965645107451056,0.8315848545222018,-1,-1
n_id194,0.23861132097099588,0.830934890567927,-1,-1
n_id195,0.23814101300728197,0.830524388423536,-1,-1
n_id196,0.23769682775918405,0.8301480951091157,-1,-1
n_id197,0.23558043900820078,0.8274456242482543,-1,-1
n_id198,0.2328630937450571,0.8246405268974363,-1,-1
n_id199,0.23045929101000448,0.8221775178464585,-1,-1
n_id200,0.22910062420683838,0.8202618424443973,-1,-1
n_id201,0.2257561997159522,0.8169778252892247,-1,-1
n_id202,0.2231433744571994,0.8142411455983815,-1,-1
n_id203,0.22147116512594223,0.8121202210318311,-1,-1
n_id204,0.2200079783183513,0.8099308749899156,-1,-1
n_id205,0.21781320393537074,0.8078099504233541,-1,-1
n_id206,0.2170816105315753,0.8067152793100971,-1,-1
n_id207,0.21572293790000344,0.8055521867214749,-1,-1
n_id208,0.21446877944448456,0.8045259332681816,-1,-1
n_id209,0.21363267769300798,0.8030207600105335,-1,-1
n_id210,0.20903410057497476,0.7989841562265314,-1,-1
n_id211,0.20495808268029314,0.7951528054224201,-1,-1
n_id212,0.20328587334903597,0.7935792145047974,-1,-1
n_id213,0.20119561314204049,0.7918345832526562,-1,-1
n_id214,0.19910534710670713,0.7899873216951792,-1,-1
n_id215,0.1980079599151829,0.7890636947318311,-1,-1
n_id216,0.1960744651438781,0.7872848508343065,-1,-1
n_id217,0.19450676998864,0.7862585973810132,-1,-1
n_id218,0.1930435831810491,0.7850612997778109,-1,-1
n_id219,0.19121460258576337,0.7835903353501336,-1,-1
n_id220,0.1889675711147393,0.7818457002826019,-1,-1
n_id221,0.1876089043115393,0.7802379005349974,-1,-1
n_id222,0.18677279673172478,0.7791090205917586,-1,-1
n_id223,0.18572766662824403,0.7779117229885452,-1,-1
n_id224,0.18306257845314378,0.7755855454420929,-1,-1
n_id225,0.18144262620989612,0.7738409141899518,-1,-1
n_id226,0.17971815979062944,0.7722673232723402,-1,-1
n_id227,0.17862077259910522,0.7715147366435107,-1,-1
n_id228,0.17673953491580993,0.7699069368959062,-1,-1
n_id229,0.17308157372520452,0.766896590380588,-1,-1
n_id230,0.17156612982963804,0.765630875117422,-1,-1
n_id231,0.17088679934222392,0.7649124973185742,-1,-1
n_id232,0.16816945407908024,0.7622784441176764,-1,-1
n_id233,0.1665495018358326,0.7605680178801154,-1,-1
n_id234,0.16487729250457542,0.7584812983281564,-1,-1
n_id235,0.163466362785028,0.7574550448748629,-1,-1
n_id236,0.16257800394554187,0.756599831756088,-1,-1
n_id237,0.1618464105417464,0.7560867069371311,-1,-1
n_id238,0.1611670742259944,0.7558130362972767,-1,-1
n_id239,0.15599367496816038,0.7531105654364041,-1,-1
n_id240,0.15254473630125517,0.7517422274986832,-1,-1
n_id241,0.14987965395452676,0.7505449298954809,-1,-1
n_id242,0.1471623145197549,0.7489713389778583,-1,-1
n_id243,0.14533333392446915,0.7479108766945719,-1,-1
n_id244,0.14387014711687826,0.7472267039103154,-1,-1
n_id245,0.13577038007226822,0.7426769753073674,-1,-1
n_id246,0.13263498393342013,0.7407270910753355,-1,-1
n_id247,0.12803640681538692,0.7377167445600173,-1,-1
n_id248,0.12375136639700511,0.735835277987949,-1,-1
n_id249,0.12077274152221955,0.734809020719254,-1,-1
n_id250,0.11235943194951842,0.7291304121730673,-1,-1
n_id251,0.10896275619899455,0.7267700257966332,-1,-1
n_id252,0.10655895346394194,0.724683306244663,-1,-1
n_id253,0.10467771578064666,0.723007088837095,-1,-1
n_id254,0.1019603705175369,0.7218097950492831,-1,-1
n_id255,0.10039267536229877,0.7207493289506063,-1,-1
n_id256,0.0989294943830797,0.719962533491795,-1,-1
n_id257,0.09642117747200804,0.7189362800385015,-1,-1
n_id258,0.09307675298112188,0.716507476002104,-1,-1
n_id259,0.0918748516135786,0.715002302744456,-1,-1
n_id260,0.08868720421509284,0.7120603738891014,-1,-1
n_id261,0.0872762744955454,0.7111709519403446,-1,-1
n_id262,0.08393185583299713,0.7092894853682763,-1,-1
n_id263,0.0808487167821925,0.7078869347851721,-1,-1
n_id264,0.07912425036289189,0.7068264725018969,-1,-1
n_id265,0.07771332064334444,0.7057660102186217,-1,-1
n_id266,0.07708624141556804,0.7052528815842741,-1,-1
n_id267,0.07442115906883963,0.7023109527289195,-1,-1
n_id268,0.07264443556152948,0.7001558155169969,-1,-1
n_id269,0.07191284215776796,0.6994374377181491,-1,-1
n_id270,0.06997934738642923,0.6957087134039943,-1,-1
n_id271,0.06888196019493895,0.6937588291719513,-1,-1
n_id272,0.06809810970313397,0.6922194470843104,-1,-1
n_id273,0.0670529795996532,0.6908168965012061,-1,-1
n_id274,0.06637364328386727,0.689585390068022,-1,-1
n_id275,0.06543302735637162,0.68821705213029,-1,-1
n_id276,0.06250665956959559,0.68630137672824,-1,-1
n_id277,0.06130475820205231,0.6857198304339288,-1,-1
n_id278,0.060468650622237816,0.6848646173151539,-1,-1
n_id279,0.05926674925472847,0.6839067815218242,-1,-1
n_id280,0.058117104975228644,0.683085777233031,-1,-1
n_id281,0.05534750845244725,0.6807595996865787,-1,-1
n_id282,0.05498170883638058,0.6804859328621149,-1,-1
n_id283,0.05362304203318056,0.6791860087689672,-1,-1
n_id284,0.05195083270192338,0.6778518758458265,-1,-1
n_id285,0.05059216007035154,0.6759362004437652,-1,-1
n_id286,0.048083843159279875,0.6730626892483854,-1,-1
n_id287,0.0459935829522844,0.6716601386652811,-1,-1
n_id288,0.04473942449676553,0.6701207565776403,-1,-1
n_id289,0.04358978021723178,0.6683761253255102,-1,-1
n_id290,0.04244013593773196,0.6669735747424059,-1,-1
n_id291,0.041342742917869844,0.6658789036291378,-1,-1
n_id292,0.0386776605711075,0.6633132680882147,-1,-1
n_id293,0.036953194151840806,0.6612949661962081,-1,-1
n_id294,0.034967442292526484,0.6590372063097194,-1,-1
n_id295,0.0317797890656689,0.6569162779277785,-1,-1
n_id296,0.030055322646402198,0.6557189803245651,-1,-1
n_id297,0.029219220894959524,0.6543164335568624,-1,-1
n_id298,0.028017319527416252,0.6526402161492832,-1,-1
n_id299,0.027024440683573184,0.6519560471804284,-1,-1
n_id300,0.026031567668101933,0.6508271672371786,-1,-1
n_id301,0.10334539317081863,0.8522074374489755,-1,1
n_id302,0.10488674413268477,0.8510494880125835,-1,-1
n_id303,0.10718603269171834,0.8479707238373018,-1,-1
n_id304,0.11032142300219458,0.8420868623112131,-1,-1
n_id305,0.11408389836881905,0.8358609163006859,-1,-1
n_id306,0.11889150383892427,0.8273772065882906,-1,-1
n_id307,0.12171335744968127,0.8229985221352517,-1,-1
n_id308,0.12277155473937577,0.8210913970329906,-1,-1
n_id309,0.12836953846598712,0.8120090404266839,-1,-1
n_id310,0.1326872410214636,0.8049364354125836,-1,-1
n_id311,0.1421979377856211,0.7892689438963314,-1,-1
n_id312,0.14522881974845012,0.7851639262677562,-1,-1
n_id313,0.14679651490368822,0.780306318194961,-1,-1
n_id314,0.14899128928670274,0.7763381358863242,-1,-1
n_id315,0.15024544774222162,0.7744224566688723,-1,-1
n_id316,0.15160412037379345,0.7726436165867494,-1,-1
n_id317,0.1527537646532933,0.770591105864761,-1,-1
n_id318,0.15505305321232685,0.7671018395450883,-1,-1
n_id319,0.15735234177136043,0.7608074758746085,-1,-1
n_id320,0.15766588429941758,0.7588233828125838,-1,-1
n_id321,0.15933809363067475,0.7572497957103627,-1,-1
n_id322,0.16853525369518083,0.7477398325446629,-1,-1
n_id323,0.17731435705557683,0.735014273699156,-1,-1
n_id324,0.18274904175342452,0.7284462393888107,-1,-1
n_id325,0.1842122227326436,0.7254358928734925,-1,-1
n_id326,0.18734761887149165,0.7198257019872694,-1,-1
n_id327,0.18922885655478694,0.7172258538009517,-1,-1
n_id328,0.19905309001869761,0.705458134564165,-1,-1
n_id329,0.20197945780547366,0.7020372820890652,-1,-1
n_id330,0.20908635183461247,0.6921852382543285,-1,-1
n_id331,0.20825025008316977,0.6880802168103629,-1,-1
n_id332,0.21117661786994582,0.6820595237797376,-1,-1
n_id333,0.21514811576023657,0.6780913376556991,-1,-1
n_id334,0.21744740431927012,0.6757651601092468,-1,-1
n_id335,0.2207918288101563,0.6722074761296104,-1,-1
n_id336,0.22246403814141347,0.6689234589744378,-1,-1
n_id337,0.22810774536296138,0.6609870905417624,-1,-1
n_id338,0.23312437918513865,0.6538717225824785,-1,-1
n_id339,0.23667782619969108,0.650998207571697,-1,-1
n_id340,0.23814101300728197,0.6457985188298648,-1,-1
n_id341,0.2412764033177582,0.6392304883349214,-1,-1
n_id342,0.25151869348571115,0.6301994449735874,-1,-1
n_id343,0.25339993116904036,0.6278732674271351,-1,-1
n_id344,0.25339993116904036,0.6269154278184148,-1,-1
n_id345,0.2619700120057361,0.6177475529525441,-1,-1
n_id346,0.2680317701030223,0.6107690203131874,-1,-1
n_id347,0.2694949569105793,0.6063903320447579,-1,-1
n_id348,0.2713761945939085,0.6024221459207193,-1,-1
n_id349,0.2726303530494274,0.6009169726630602,-1,-1
n_id350,0.27409353402864645,0.5973592886834238,-1,-1
n_id351,0.27952821872652805,0.5892860849308101,-1,-1
n_id352,0.2855899826521522,0.5814865480026714,-1,-1
n_id353,0.2866351127556669,0.5760131886209737,-1,-1
n_id354,0.28809829956322386,0.5723186693214102,-1,-1
n_id355,0.2899795314181812,0.5683504870127623,-1,-1
n_id356,0.2903975881222574,0.5647928030331258,-1,-1
n_id357,0.29165174657781023,0.5615087858779533,-1,-1
n_id358,0.29374200678477175,0.5582247725381713,-1,-1
n_id359,0.29520519359236264,0.5548039200630714,-1,-1
n_id360,0.2958322728201391,0.5528882446610103,-1,-1
n_id361,0.29604129534380536,0.5524777425166192,-1,-1
n_id362,0.30408881112877767,0.5439940366196145,-1,-1
n_id363,0.3099415467023637,0.5390680147022462,-1,-1
n_id364,0.31746649160724083,0.5307211403097781,-1,-1
n_id365,0.32101993862179323,0.5264792873612758,-1,-1
n_id366,0.3224831254293841,0.5231952740214938,-1,-1
n_id367,0.3264546233196749,0.5181324167841983,-1,-1
n_id368,0.3300080703342273,0.5138905600202942,-1,-1
n_id369,0.3333524948251135,0.510059209216194,-1,-1
n_id370,0.3375330210674423,0.5070488627008758,-1,-1
n_id371,0.3406684113779186,0.5043121830100326,-1,-1
n_id372,0.3450579659723194,0.5021228407835187,-1,-1
n_id373,0.3465211469515385,0.50102816585486,-1,-1
n_id374,0.34819336211113355,0.49911249045280986,-1,-1
n_id375,0.3490294638626102,0.497744152515078,-1,-1
n_id376,0.34965654309035266,0.4961021439374917,-1,-1
n_id377,0.34986557144242464,0.49363913107111224,-1,-1
n_id378,0.3553002561402724,0.48556592731849857,-1,-1
n_id379,0.3601078616103776,0.4810504075455324,-1,-1
n_id380,0.361989093465335,0.4757138796683714,-1,-1
n_id381,0.36387033114863027,0.4698300219576844,-1,-1
n_id382,0.3657515688319255,0.4642198272560596,-1,-1
n_id383,0.36742377816318267,0.46038847645194825,-1,-1
n_id384,0.36951404419855,0.4575149614411778,-1,-1
n_id385,0.3701411234263264,0.4557361213590549,-1,-1
n_id386,0.37097722517776904,0.4539572774615303,-1,-1
n_id387,0.38059243611797955,0.43849503892518,-1,-1
n_id388,0.38623614916786536,0.4300113330281753,-1,-1
n_id389,0.39083472628593247,0.4227591297489642,-1,-1
n_id390,0.3910437546379706,0.4187909474403162,-1,-1
n_id391,0.39334304319700414,0.4152332634606798,-1,-1
n_id392,0.39626941098381413,0.4122229169453616,-1,-1
n_id393,0.39626941098381413,0.41085457519225027,-1,-1
n_id394,0.39731454108729486,0.40798106018146874,-1,-1
n_id395,0.398986750418552,0.4062022200993458,-1,-1
n_id396,0.39940480129429035,0.40551805113047984,-1,-1
n_id397,0.4040033842406954,0.39621334094468197,-1,-1
n_id398,0.4054665652199145,0.3929293237895094,-1,-1
n_id399,0.40902001223450085,0.386087626470091,-1,-1
n_id400,0.40964709146227724,0.3822562718505891,-1,-1
n_id401,0.4117373574976106,0.37815125422201395,-1,-1
n_id402,0.4138276177046061,0.3740462365934388,-1,-1
n_id403,0.4157088553879013,0.37048855261380237,-1,-1
n_id404,0.4188442515267494,0.3663835311698367,-1,-1
n_id405,0.41988938163023015,0.3637836867989206,-1,-1
n_id406,0.42072548921004466,0.36255218036572534,-1,-1
n_id407,0.426996275659369,0.35133179477787735,-1,-1
n_id408,0.4318038811294742,0.34394275999412965,-1,-1
n_id409,0.43389414716480756,0.3381957337879682,-1,-1
n_id410,0.4343121980405459,0.33518538345725946,-1,-1
n_id411,0.4336851188127695,0.33244870376641616,-1,-1
n_id412,0.4326399887092887,0.32916469042663415,-1,-1
n_id413,0.4322219320051786,0.32697534438471854,-1,-1
n_id414,0.4315948527774361,0.3243755000138025,-1,-1
n_id415,0.4315948527774361,0.3234176642204727,-1,-1
n_id416,0.4315948527774361,0.3216388203229592,-1,-1
n_id417,0.43201290948151233,0.32040731388977506,-1,-1
n_id418,0.43410316968850776,0.3121972748172342,-1,-1
n_id419,0.43514829979198855,0.30672391543553656,-1,-1
n_id420,0.43640245824754137,0.3009768892293751,-1,-1
n_id421,0.4384927242828747,0.29646136945640894,-1,-1
n_id422,0.4401649336141319,0.2923563480124432,-1,-1
n_id423,0.44392740898075633,0.2866093218062818,-1,-1
n_id424,0.4470627992912326,0.2833253084664998,-1,-1
n_id425,0.45019819543008066,0.27853611805366807,-1,-1
n_id426,0.45500580090015197,0.26950507469233403,-1,-1
n_id427,0.45667801023144305,0.26772623461021117,-1,-1
n_id428,0.45939535549455285,0.2658105553927705,-1,-1
n_id429,0.46253074580502906,0.2647158842795135,-1,-1
n_id430,0.46901056060639146,0.26225287522852464,-1,-1
n_id431,0.47172790586950125,0.26061086665093836,-1,-1
n_id432,0.4750723245320156,0.2591056933932792,-1,-1
n_id433,0.4763264829875684,0.2581478537845589,-1,-1
n_id434,0.48656877315552133,0.25267449440286127,-1,-1
n_id435,0.49534787651591733,0.2496641478875542,-1,-1
n_id436,0.4976471650749509,0.24829580613443172,-1,-1
n_id437,0.5055901666839042,0.2461064639079067,-1,-1
n_id438,0.5122790098373047,0.24419078850585657,-1,-1
n_id439,0.5168775869553718,0.24336978421706343,-1,-1
n_id440,0.5218942207775151,0.24295928207266132,-1,-1
n_id441,0.5292101373303203,0.24172777563947714,-1,-1
n_id442,0.53485385038024,0.2410436066706112,-1,-1
n_id443,0.5381982690427544,0.24076993984614736,-1,-1
n_id444,0.5446780838441168,0.24022260238181806,-1,-1
n_id445,0.5513669269975172,0.23981210023742702,-1,-1
n_id446,0.5620272680412424,0.23844376229969513,-1,-1
n_id447,0.5668348735113476,0.23844376229969513,-1,-1
n_id448,0.570179292173862,0.23844376229969513,-1,-1
n_id449,0.5829298992528866,0.23721225586651096,-1,-1
n_id450,0.5877375047229918,0.23666491840218165,-1,-1
n_id451,0.5929631610688354,0.23543341196898637,-1,-1
n_id452,0.5946353704000925,0.2344755761756566,-1,-1
n_id453,0.5963075855597215,0.2343387408557294,-1,-1
n_id454,0.6050866889201175,0.22996005640269043,-1,-1
n_id455,0.611775532073518,0.22831804782510412,-1,-1
n_id456,0.6178372901708042,0.2259918702786519,-1,-1
n_id457,0.6222268447651712,0.22407619487660177,-1,-1
n_id458,0.6318420557053817,0.22120267986582023,-1,-1
n_id459,0.6349774518441957,0.21969750660816112,-1,-1
n_id460,0.6379038196310057,0.21887650231936798,-1,-1
n_id461,0.6420843458733346,0.21764499588618383,-1,-1
n_id462,0.6477280530948825,0.2161398226285247,-1,-1
n_id463,0.6496092907782117,0.2151819830198044,-1,-1
n_id464,0.6550439754760594,0.2121716365044862,-1,-1
n_id465,0.6567161848073165,0.21135063221569306,-1,-1
n_id466,0.6625689203809365,0.2071087792671907,-1,-1
n_id467,0.6703028936378178,0.20136175306102924,-1,-1
n_id468,0.6732292614246277,0.19643573114367205,-1,-1
n_id469,0.6772007651432903,0.19014136747318128,-1,-1
n_id470,0.6776188160189947,0.18877302572005883,-1,-1
n_id471,0.6786639461225094,0.18726785246239974,-1,-1
n_id472,0.6788729744745475,0.18507851023588578,-1,-1
n_id473,0.6797090762259902,0.1834365016582995,-1,-1
n_id474,0.6801271329300663,0.18165766157617658,-1,-1
n_id475,0.6805451838058046,0.18028931982305413,-1,-1
n_id476,0.6817993422613235,0.17946831553426099,-1,-1
n_id477,0.6836805799446527,0.17714213798780873,-1,-1
n_id478,0.6857708401516143,0.17508962726583144,-1,-1
n_id479,0.6878611061869816,0.17276344971937918,-1,-1
n_id480,0.6903694172696814,0.17002677002852484,-1,-1
n_id481,0.6962221586716393,0.1618167347713856,-1,-1
n_id482,0.6981033905265966,0.15949055340954282,-1,-1
n_id483,0.70019365656193,0.1577117133274199,-1,-1
n_id484,0.7031200243487399,0.1547013668121017,-1,-1
n_id485,0.7052102845557014,0.1527856914100516,-1,-1
n_id486,0.7070915222390307,0.15032267854367215,-1,-1
n_id487,0.7085547090465877,0.14895434060594026,-1,-1
n_id488,0.7104359467299168,0.14649132773956083,-1,-1
n_id489,0.7112720484813595,0.1456703234507677,-1,-1
n_id490,0.7160796539514648,0.13992329724461733,-1,-1
n_id491,0.7198421293180552,0.1375971196981651,-1,-1
n_id492,0.7225594687528272,0.13527094215171287,-1,-1
n_id493,0.7250677856638988,0.13362893357412658,-1,-1
n_id494,0.7279941534506749,0.13089225388328332,-1,-1
n_id495,0.729666362781966,0.1289765784812221,-1,-1
n_id496,0.732592730568742,0.12678723243930648,-1,-1
n_id497,0.7346829966041093,0.12377688592399941,-1,-1
n_id498,0.7386544944944,0.12131387687301054,-1,-1
n_id499,0.7403267038256572,0.11953503297549706,-1,-1
n_id500,0.7417898906332142,0.11775619289337413,-1,-1
n_id501,0.743044049088767,0.11638785114025167,-1,-1
n_id502,0.7486877563103149,0.1037991276146718,-1,-1
n_id503,0.7495238638901294,0.101472946252829,-1,-1
n_id504,0.7503599714699439,0.09914676870637677,-1,-1
n_id505,0.7486877563103149,0.09531541790227654,-1,-1
n_id506,0.7498374005898486,0.08997889384050611,-1,-1
n_id507,0.7508825365217012,0.08696854732519903,-1,-1
n_id508,0.7514051015734247,0.08594229005650399,-1,-1
n_id509,0.751823152449163,0.08477920128328342,-1,-1
n_id510,0.7532863392567538,0.0828635258812333,-1,-1
n_id511,0.754749520235973,0.08067418365470826,-1,-1
n_id512,0.7562127070435299,0.07780066864393781,-1,-1
n_id513,0.7568397862713063,0.07670599753066973,-1,-1
n_id514,0.7612293350373354,0.06644344773615155,-1,-1
n_id515,0.7620654426171158,0.06480144297395582,-1,-1
n_id516,0.7641557028241114,0.062201594787649195,-1,-1
n_id517,0.7649918104039258,0.061243758994319414,-1,-1
n_id518,0.7654098612796641,0.06055959002545347,-1,-1
n_id519,0.7669253051752306,0.05912283061236741,-1,-1
n_id520,0.7684407432424593,0.058096577159074035,-1,-1
n_id521,0.7690155653822262,0.057343990530244485,-1,-1
n_id522,0.773091577448536,0.053820515380589885,-1,-1
n_id523,0.7737186566763123,0.051939048808521564,-1,-1
n_id524,0.7748683009558122,0.04954445360210573,-1,-1
n_id525,0.7760179452353458,0.04779981853456294,-1,-1
n_id526,0.7796759064259173,0.04523418299362868,-1,-1
n_id527,0.7803029856536938,0.044481596364810236,-1,-1
n_id528,0.7803552427417033,0.043489547926096994,-1,-1
n_id529,0.7810345790574892,0.04277117012724924,-1,-1
n_id530,0.7842744893723563,0.03883719283320362,-1,-1
n_id531,0.7864692637553709,0.0370241439210989,-1,-1
n_id532,0.7890820890140897,0.034595339884701266,-1,-1
n_id533,0.7908065612617282,0.03356908643139679,-1,-1
n_id534,0.7912768692254422,0.03278229097258544,-1,-1
n_id535,0.7922697422409474,0.03185866019384691,-1,-1
n_id536,0.7931058498207618,0.030592944930680942,-1,-1
n_id537,0.7954051383797954,0.028608855684057792,-1,-1
n_id538,0.797495398586757,0.0270694735964169,-1,-1
n_id539,0.7985927857782812,0.026316883152185687,-1,-1
n_id540,0.8001604867618571,0.02542746501883061,-1,-1
n_id541,0.8020939815331959,0.024674878390001063,-1,-1
n_id542,0.8062222506875152,0.021835572209201307,-1,-1
n_id543,0.8076854316667343,0.02101456792040816,-1,-1
n_id544,0.80951441226202,0.02019356363161502,-1,-1
n_id545,0.8117091866450346,0.01889364335385782,-1,-1
n_id546,0.8147923256958731,0.017320052436235127,-1,-1
n_id547,0.8155761761876781,0.016635879651978616,-1,-1
n_id548,0.8180844930987498,0.015404373218783346,-1,-1
n_id549,0.8236759432322881,0.012154568708994234,-1,-1
n_id550,0.8272293902468406,0.010170475646969419,-1,-1
n_id551,0.8303647863856887,0.008733720049285026,-1,-1
n_id552,0.8311486368774936,0.0078100892705353815,-1,-1
n_id553,0.8331343829084361,0.006544374007369419,-1,-1
n_id554,0.8356949569075173,0.005518120554076046,-1,-1
n_id555,0.8390393755700656,0.004491867100782673,-1,-1
n_id556,0.8391961468340942,0.004355031780844375,-1,-1
n_id557,0.8405025623776226,0.003670862811989529,-1,-1
n_id558,0.8413909270454466,0.003328774512160439,-1,-1
n_id559,0.8419657491852134,0.0030551076876966132,-1,-1
n_id560,0.8463030408632329,0.0022683122288852677,-1,-1
n_id561,0.8475049422307422,0.002234103398903469,-1,-1
n_id562,0.8495952082660757,0.002234103398903469,-1,-1
n_id563,0.8517899826490902,0.0025077740387578575,-1,-1
n_id564,0.856075023067472,0.0022683122288852677,-1,-1
n_id565,0.8585833399785436,0.0026446055432944892,-1,-1
n_id566,0.859680727170034,0.0026446055432944892,-1,-1
n_id567,0.863286431272596,0.003294569497569203,-1,-1
n_id568,0.8649586406038531,0.0038419031465079592,-1,-1
n_id569,0.8666308499351442,0.004149778800953584,-1,-1
n_id570,0.8685120876184395,0.004697116265282902,-1,-1
n_id571,0.8710726616175206,0.005483911724094247,-1,-1
n_id572,0.8714384554052494,0.00565495587400324,-1,-1
n_id573,0.8769776542791162,0.006783835817242009,-1,-1
n_id574,0.8818897680969026,0.008425840579437734,-1,-1
n_id575,0.8848161417120505,0.008938969213785255,-1,-1
n_id576,0.8861748085152504,0.009349471358176275,-1,-1
n_id577,0.8914004648610601,0.010957271105780765,-1,-1
n_id578,0.8933862167204083,0.011675648904628513,-1,-1
n_id579,0.8953197114917131,0.012291400213530866,-1,-1
n_id580,0.8968874066469512,0.01294136416780558,-1,-1
n_id581,0.898820901418256,0.01352290664671503,-1,-1
n_id582,0.9018517833810851,0.01454916391541007,-1,-1
n_id583,0.9025833767848804,0.01495966605980109,-1,-1
n_id584,0.9048304082559046,0.015780670348594233,-1,-1
n_id585,0.9079135473067091,0.017388466280808163,-1,-1
n_id586,0.908488369446476,0.01793580374513748,-1,-1
n_id587,0.9104741154774524,0.019304141682858277,-1,-1
n_id588,0.9112579659692575,0.019817270317205794,-1,-1
n_id589,0.9130869465645431,0.021219820900310056,-1,-1
n_id590,0.9209254339974774,0.02426437624559894,-1,-1
n_id591,0.9216570274012389,0.024777501064555896,-1,-1
n_id592,0.923224722556477,0.025735340673276236,-1,-1
n_id593,0.9262556045193061,0.0270694735964169,-1,-1
n_id594,0.9291297152181065,0.028300976214210502,-1,-1
n_id595,0.932003825916873,0.02939565114286914,-1,-1
n_id596,0.9331534701964068,0.030045611281742185,-1,-1
n_id597,0.933571526900483,0.030524531086107906,-1,-1
n_id598,0.9366873222600444,0.03152512982461021,-1,-1
n_id599,0.9398423133498073,0.03329541960693296,-1,-1
n_id600,0.9414100085050454,0.034390090720189934,-1,-1
n_id601,0.9456427918353838,0.03589526397784903,-1,-1
n_id602,0.9466356706792268,0.03637418378221475,-1,-1
n_id603,0.948203365834465,0.03671626826664217,-1,-1
n_id604,0.9500846035177941,0.03746885489547172,-1,-1
n_id605,0.9515477844970133,0.03784514820989204,-1,-1
n_id606,0.9524884062528468,0.03828985918426486,-1,-1
n_id607,0.9533245080042895,0.038974028153130814,-1,-1
n_id608,0.9536380505323466,0.039179277317631045,-1,-1
n_id609,0.953722963929079,0.039470052372487435,-1,-1
n_id610,0.9533963600432138,0.040068699266387786,-1,-1
n_id611,0.9528215379034469,0.041026538875108126,-1,-1
n_id612,0.9536380505323466,0.04174491667395587,-1,-1
n_id613,0.9525406633408563,0.04253171213276722,-1,-1
n_id614,0.951338761973313,0.043079045781705974,-1,-1
n_id615,0.10572284588412743,0.8515455084165385,-1,-1
n_id616,0.10645443928792289,0.8520073238059022,-1,-1
n_id617,0.10710764705968709,0.8523494082903407,-1,-1
n_id618,0.1101385290225161,0.852058637050886,-1,-1
n_id619,0.1142145410888259,0.8515112995865567,-1,-1
n_id620,0.1161480358601646,0.8511008012575563,-1,-1
n_id621,0.12116466385393612,0.8506218814531905,-1,-1
n_id622,0.12288913027320282,0.8502797969687631,-1,-1
n_id623,0.12414328872875562,0.8500061263288976,-1,-1
n_id624,0.12649483437576478,0.8495272103399335,-1,-1
n_id625,0.13010053847836067,0.8491851220401044,-1,-1
n_id626,0.1336539854929131,0.8486377883911768,-1,-1
n_id627,0.1355352231762423,0.8485009530712385,-1,-1
n_id628,0.14211955215362376,0.8470641974735541,-1,-1
n_id629,0.144784640328724,0.8467221129891156,-1,-1
n_id630,0.14729295141142384,0.8462431931847609,-1,-1
n_id631,0.15131671221809592,0.8453195624060114,-1,-1
n_id632,0.1553404671963962,0.8445327669471999,-1,-1
n_id633,0.15696041943964384,0.8443617266126815,-1,-1
n_id634,0.161558996557711,0.843438095833943,-1,-1
n_id635,0.1688749189388879,0.8422065894007589,-1,-1
n_id636,0.1703903570061165,0.8419329225762839,-1,-1
n_id637,0.1734734960569211,0.8415908380918565,-1,-1
n_id638,0.17869915823113647,0.8403593316586612,-1,-1
n_id639,0.1833499924371792,0.8398119980097336,-1,-1
n_id640,0.1880530837312654,0.839127825225477,-1,-1
n_id641,0.19228586706163767,0.8383752385966475,-1,-1
n_id642,0.19735475214341872,0.8375200254778725,-1,-1
n_id643,0.20231912887755252,0.8361174787101588,-1,-1
n_id644,0.20576806171608591,0.8356043500758225,-1,-1
n_id645,0.2070222201716387,0.8353991009113222,-1,-1
n_id646,0.2102098733984963,0.8350228075969018,-1,-1
n_id647,0.2160626089720823,0.8346465142824927,-1,-1
n_id648,0.2193025134585776,0.8339623453136267,-1,-1
n_id649,0.222960474649183,0.8335518431692246,-1,-1
n_id650,0.22672295001577356,0.8328676703849681,-1,-1
n_id651,0.23048541955402618,0.8323545455660222,-1,-1
n_id652,0.2319486063616171,0.8321492925861315,-1,-1
n_id653,0.23257568558935957,0.8321150837561385,-1,-1
n_id654,0.23320276481713595,0.8320124610815948,-1,-1
n_id655,0.23592010425190782,0.8310204126428815,-1,-1
n_id656,0.23858519242700807,0.8295665526302063,-1,-1
n_id657,0.23999611631821763,0.8281126926175199,-1,-1
n_id658,0.24091060953002943,0.8273087927437176,-1,-1
n_id659,0.24114576642608926,0.8268982905993155,-1,-1
n_id660,0.24221702507359175,0.8260088686505588,-1,-1
n_id661,0.2421386394415605,0.8259404509905952,-1,-1
n_id662,0.2438369773168394,0.8243326512429907,-1,-1
n_id663,0.24550918664809657,0.8232721889597155,-1,-1
n_id664,0.24629303713990155,0.8224511846709224,-1,-1
n_id665,0.24770396685944898,0.8217670157020565,-1,-1
n_id666,0.24916714783866806,0.820980220243245,-1,-1
n_id667,0.2504213062942209,0.8202618424443973,-1,-1
n_id668,0.25256382358922586,0.8191329625011585,-1,-1
n_id669,0.25407926748479237,0.8183461670423472,-1,-1
n_id670,0.25528116885233565,0.8176619942580907,-1,-1
n_id671,0.2554901913760019,0.8174909539235723,-1,-1
n_id672,0.26113390442592166,0.8146174389127907,-1,-1
n_id673,0.2640602722127316,0.8132491009750699,-1,-1
n_id674,0.26615053241969316,0.812188634876393,-1,-1
n_id675,0.26761371922728405,0.8109913410885813,-1,-1
n_id676,0.2694949569105793,0.8097598346553971,-1,-1
n_id677,0.2713761945939085,0.8086651635421401,-1,-1
n_id678,0.2752431783081802,0.8071599864690794,-1,-1
n_id679,0.27613154297600423,0.806373191010268,-1,-1
n_id680,0.2776469810432328,0.8051758934070656,-1,-1
n_id681,0.2798940125142229,0.8040128046338451,-1,-1
n_id682,0.2813049422338043,0.8033286356649791,-1,-1
n_id683,0.28339520826913767,0.8026444666961132,-1,-1
n_id684,0.2840222816685762,0.8023707998716494,-1,-1
n_id685,0.28444033837265237,0.8019260888972655,-1,-1
n_id686,0.2868963981957145,0.8007972089540266,-1,-1
n_id687,0.2895092234544334,0.799223618036404,-1,-1
n_id688,0.29259236250527193,0.797513191798854,-1,-1
n_id689,0.29400329222485333,0.7970342719944884,-1,-1
n_id690,0.2970341741876484,0.7961448538611222,-1,-1
n_id691,0.2974522250633867,0.7958027693766948,-1,-1
n_id692,0.3034617319010013,0.7935450056748156,-1,-1
n_id693,0.30429783365247787,0.7929976720258879,-1,-1
n_id694,0.30597004881207296,0.7922108765670766,-1,-1
n_id695,0.31041185466611154,0.7906714944794356,-1,-1
n_id696,0.3138607875046449,0.7893031527263132,-1,-1
n_id697,0.31626459023969755,0.788071646293118,-1,-1
n_id698,0.31997480851831245,0.7864638503609152,-1,-1
n_id699,0.32232635416535554,0.7856770549021038,-1,-1
n_id700,0.32797006721524136,0.7838297933446156,-1,-1
n_id701,0.3295377623705134,0.7832140420357243,-1,-1
n_id702,0.3342408536645657,0.7808194468293085,-1,-1
n_id703,0.3362266055239139,0.7799300248805517,-1,-1
n_id704,0.3402503605022142,0.7785616869428199,-1,-1
n_id705,0.34301995702496163,0.7775012246595447,-1,-1
n_id706,0.3499178285304342,0.7745250831588177,-1,-1
n_id707,0.3528441963172102,0.773567247365488,-1,-1
n_id708,0.35676343711949143,0.7726094077567677,-1,-1
n_id709,0.35848790353875815,0.7717541946379927,-1,-1
n_id710,0.36026462704606826,0.7706253146947539,-1,-1
n_id711,0.3614142713255681,0.7703174390402971,-1,-1
n_id712,0.3637135598846017,0.7695990612414494,-1,-1
n_id713,0.36580382591993504,0.768846474612631,-1,-1
n_id714,0.36622187679567336,0.7685728039727655,-1,-1
n_id715,0.3697230667222163,0.7674439240295268,-1,-1
n_id716,0.37437390675666476,0.7655966662874291,-1,-1
n_id717,0.37824089047093645,0.7645704128341357,-1,-1
n_id718,0.38048792194196046,0.7638178262053174,-1,-1
n_id719,0.38263044506530336,0.7631678622510315,-1,-1
n_id720,0.3846684481842893,0.7627573601066404,-1,-1
n_id721,0.3896328249184231,0.761560062503427,-1,-1
n_id722,0.39224565600551387,0.7609443111945358,-1,-1
n_id723,0.3954855604920091,0.7597812224213152,-1,-1
n_id724,0.39747131235132344,0.7592680937869677,-1,-1
n_id725,0.40201763238138105,0.7584812983281564,-1,-1
n_id726,0.40363758462462873,0.7578655470192539,-1,-1
n_id727,0.40698200911551485,0.7571813780503991,-1,-1
n_id728,0.4076090883432913,0.7569077074105336,-1,-1
n_id729,0.4087587326227911,0.7562235384416677,-1,-1
n_id730,0.411580586233582,0.7552657026483379,-1,-1
n_id731,0.41429792566831997,0.7534526499208426,-1,-1
n_id732,0.4200984099822683,0.7496897167766948,-1,-1
n_id733,0.4229202635930592,0.7483555838535653,-1,-1
n_id734,0.42657822478363067,0.7464056996215223,-1,-1
n_id735,0.4277278690631644,0.7451741970037287,-1,-1
n_id736,0.4291387987827119,0.7443531927149356,-1,-1
n_id737,0.43013167179821704,0.7435321884261424,-1,-1
n_id738,0.43201290948151233,0.7420954290130564,-1,-1
n_id739,0.43410316968850776,0.7402481712709699,-1,-1
n_id740,0.43483476309230323,0.7395640023021038,-1,-1
n_id741,0.4373953370913844,0.7375457004101084,-1,-1
n_id742,0.4406352415778797,0.735082687543729,-1,-1
n_id743,0.4417848858573795,0.733543305456088,-1,-1
n_id744,0.4433525868409895,0.7321065498583925,-1,-1
n_id745,0.4448680249082181,0.7307724207506535,-1,-1
n_id746,0.44606992627572745,0.7298829988018968,-1,-1
n_id747,0.448369214834761,0.7281725725643359,-1,-1
n_id748,0.44889177988651835,0.7277620704199448,-1,-1
n_id749,0.4518442762173161,0.7254358928734925,-1,-1
n_id750,0.45409131351671195,0.7237254704513333,-1,-1
n_id751,0.4544571073044068,0.7228360485025765,-1,-1
n_id752,0.45508418653218324,0.7219808353838015,-1,-1
n_id753,0.456338344987736,0.7207835377805992,-1,-1
n_id754,0.4575402463552454,0.7198257019872694,-1,-1
n_id755,0.4578537830549646,0.7189362800385015,-1,-1
n_id756,0.45874214772275473,0.717773191265281,-1,-1
n_id757,0.4593692269505311,0.7166101024920605,-1,-1
n_id758,0.46083240792975017,0.7151049292344014,-1,-1
n_id759,0.4652742196121606,0.7101789035016425,-1,-1
n_id760,0.46710320020744633,0.7081263965950446,-1,-1
n_id761,0.4682005873989366,0.7065528056774331,-1,-1
n_id762,0.46935023167847034,0.70460292144539,-1,-1
n_id763,0.47060439013398925,0.7032687885222494,-1,-1
n_id764,0.47164952023750395,0.7019346594145104,-1,-1
n_id765,0.47279916451700377,0.7006689441513333,-1,-1
n_id766,0.47436685967224185,0.6993006023982219,-1,-1
n_id767,0.4758300464798328,0.6978638468005265,-1,-1
n_id768,0.4768751765833135,0.6969060071918061,-1,-1
n_id769,0.47776354125113757,0.6958113360785381,-1,-1
n_id770,0.47943575058239474,0.6934509497021151,-1,-1
n_id771,0.4808989373899856,0.691945776444456,-1,-1
n_id772,0.48293694050893765,0.6897906430479127,-1,-1
n_id773,0.48413884187648093,0.6885933454447104,-1,-1
n_id774,0.48497494945629543,0.6875670881760153,-1,-1
n_id775,0.4858633082957476,0.6864039994027947,-1,-1
n_id776,0.4868039300515812,0.6849672438050993,-1,-1
n_id777,0.4871174667513004,0.6845909504906901,-1,-1
n_id778,0.48831936811880977,0.6814437686554446,-1,-1
n_id779,0.4896257836623721,0.6800412218877421,-1,-1
n_id780,0.48978255492640066,0.6789123419444922,-1,-1
n_id781,0.490096091626086,0.6776124178513444,-1,-1
n_id782,0.49087994211789093,0.6757309512792651,-1,-1
n_id783,0.4913502500816388,0.6743626095261537,-1,-1
n_id784,0.4916637867813241,0.6730626892483854,-1,-1
n_id785,0.49223860892109095,0.6723785164641288,-1,-1
n_id786,0.49364953864067235,0.6701207565776403,-1,-1
n_id787,0.4934405102886342,0.6683077076655355,-1,-1
n_id788,0.49542626214794855,0.6659131124591308,-1,-1
n_id789,0.4957398046760057,0.6647158148559172,-1,-1
n_id790,0.4974642710952724,0.6612949661962081,-1,-1
n_id791,0.498875194986482,0.6590029974797377,-1,-1
n_id792,0.4993455029502298,0.6579767402110537,-1,-1
n_id793,0.5004428959700918,0.6561294824689672,-1,-1
n_id794,0.5011222322858778,0.6550006025257173,-1,-1
n_id795,0.501906076949311,0.6537348872625514,-1,-1
n_id796,0.5031602354048298,0.6513402920561355,-1,-1
n_id797,0.5036828004565872,0.6503824562628058,-1,-1
n_id798,0.5046234222124207,0.6479194433964263,-1,-1
n_id799,0.5057730664919545,0.6463116436488218,-1,-1
n_id800,0.5068181965954353,0.6449775145410718,-1,-1
n_id801,0.5072362474711396,0.6438144257678512,-1,-1
n_id802,0.5080200979629446,0.6426171281646488,-1,-1
n_id803,0.5086994342787305,0.6420355818703377,-1,-1
n_id804,0.5112077511898022,0.6382384398962081,-1,-1
n_id805,0.5117825733295691,0.6367674754685309,-1,-1
n_id806,0.5136115539248548,0.6334834583133583,-1,-1
n_id807,0.5146566840283695,0.6317046182312354,-1,-1
n_id808,0.515388277432131,0.6305757382879966,-1,-1
n_id809,0.5156495570438407,0.6300284008236673,-1,-1
n_id810,0.5161721220955982,0.6290705650303374,-1,-1
n_id811,0.5185759248306168,0.6240761254530056,-1,-1
n_id812,0.5198300832861696,0.6229472416943762,-1,-1
n_id813,0.5215022926174268,0.6206894818078876,-1,-1
n_id814,0.5221816289332127,0.6190816820602831,-1,-1
n_id815,0.5231222506890463,0.616721295683849,-1,-1
n_id816,0.5244809174922462,0.614121451312933,-1,-1
n_id817,0.5251079967200226,0.6129583625397125,-1,-1
n_id818,0.5266756977035987,0.609811180704467,-1,-1
n_id819,0.5275640565430848,0.6083744251067715,-1,-1
n_id820,0.5283479070348558,0.6076902561379167,-1,-1
n_id821,0.528556929558556,0.6073823766680694,-1,-1
n_id822,0.529811088014075,0.6053298697614827,-1,-1
n_id823,0.5299156021900939,0.6034483993740127,-1,-1
n_id824,0.5306471955938894,0.6005064705186692,-1,-1
n_id825,0.531483297345366,0.5979750438077167,-1,-1
n_id826,0.5313787889976849,0.594725235482526,-1,-1
n_id827,0.531587811521385,0.5940752753436418,-1,-1
n_id828,0.5319013540494422,0.5933568937294035,-1,-1
n_id829,0.5321103765731084,0.5925358894406103,-1,-1
n_id830,0.5326329474532376,0.589320293760792,-1,-1
n_id831,0.5334690492046803,0.5870967388888946,-1,-1
n_id832,0.5338871000803848,0.5845653121779532,-1,-1
n_id833,0.5342006426084758,0.582889094770374,-1,-1
n_id834,0.5340961284324567,0.5815891744926168,-1,-1
n_id835,0.5344096709605138,0.5798787482550669,-1,-1
n_id836,0.5348277218362183,0.578099908172944,-1,-1
n_id837,0.5350367501882902,0.5763210642754305,-1,-1
n_id838,0.5353241583439878,0.5734646536796398,-1,-1
n_id839,0.5353764154319973,0.5723699825663828,-1,-1
n_id840,0.5355854437840354,0.5706253513142417,-1,-1
n_id841,0.5355331866960259,0.5685386317622715,-1,-1
n_id842,0.534958364556259,0.5663492895357576,-1,-1
n_id843,0.5347493362042209,0.5650493654425988,-1,-1
n_id844,0.5348015932922304,0.564159943493842,-1,-1
n_id845,0.5348015932922304,0.5640231119893053,-1,-1
n_id846,0.5350106216442686,0.5627573967261283,-1,-1
n_id847,0.5354809296080164,0.5615600991229259,-1,-1
n_id848,0.5358989804837208,0.5601575523552123,-1,-1
n_id849,0.5362647742714495,0.5586523790975643,-1,-1
n_id850,0.5359512375717302,0.5551631089624898,-1,-1
n_id851,0.5356376950436731,0.5539658151746779,-1,-1
n_id852,0.5354286725200068,0.5534868953703123,-1,-1
n_id853,0.534958364556259,0.5528369314160375,-1,-1
n_id854,0.5346970791162114,0.5522895977671098,-1,-1
n_id855,0.5344880507641733,0.5508870471840056,-1,-1
n_id856,0.534174514064454,0.5489713717819555,-1,-1
n_id857,0.534174514064454,0.5481845763231441,-1,-1
n_id858,0.5337042061007402,0.5461320694165464,-1,-1
n_id859,0.5334951777486682,0.544763727663435,-1,-1
n_id860,0.5331816410489828,0.5428480522613738,-1,-1
n_id861,0.5328158414329162,0.541308670173744,-1,-1
n_id862,0.5321365051171302,0.5383325324884075,-1,-1
n_id863,0.5316139400653729,0.5366905239108213,-1,-1
n_id864,0.5313004033656875,0.5345011816843073,-1,-1
n_id865,0.5307778383139302,0.532448670962319,-1,-1
n_id866,0.530568809961892,0.5304303690703123,-1,-1
n_id867,0.5307255812259206,0.5283094406883714,-1,-1
n_id868,0.5307255812259206,0.5280699826938894,-1,-1
n_id869,0.53192748259343,0.5241360053998326,-1,-1
n_id870,0.5318752255054204,0.5231781696065029,-1,-1
n_id871,0.5318752255054204,0.5206809479101416,-1,-1
n_id872,0.5321365051171302,0.5183205615337075,-1,-1
n_id873,0.5323455334691684,0.5162680508117192,-1,-1
n_id874,0.5321365051171302,0.514968130533962,-1,-1
n_id875,0.5324500476451873,0.5111196753148597,-1,-1
n_id876,0.5321365051171302,0.510059209216194,-1,-1
n_id877,0.5320842480291207,0.5085540359585349,-1,-1
n_id878,0.532031996769449,0.5066725693864667,-1,-1
n_id879,0.53192748259343,0.50482531164438,-1,-1
n_id880,0.5316139400653729,0.5036280140411666,-1,-1
n_id881,0.5314049175417066,0.50102816585486,-1,-1
n_id882,0.5311958891896346,0.49945457875262783,-1,-1
n_id883,0.5310913750136155,0.49914669928279165,-1,-1
n_id884,0.5299417307341157,0.49582847711302785,-1,-1
n_id885,0.5292101373303203,0.4930917974221846,-1,-1
n_id886,0.5284785497548966,0.4905603668958305,-1,-1
n_id887,0.5269108487712867,0.4872763535560595,-1,-1
n_id888,0.5263882837195633,0.48546330082855316,-1,-1
n_id889,0.5252386394400295,0.48365025191644845,-1,-1
n_id890,0.5241935093365487,0.48193982567889854,-1,-1
n_id891,0.5234619159327533,0.4799215276022936,-1,-1
n_id892,0.5231483734046961,0.47838214551465275,-1,-1
n_id893,0.5227303225289578,0.4761243818127735,-1,-1
n_id894,0.5224167858292725,0.47492708420956004,-1,-1
n_id895,0.5222077574772005,0.47338770212193026,-1,-1
n_id896,0.5224167858292725,0.4715404443798326,-1,-1
n_id897,0.5223122716532534,0.4703773556066121,-1,-1
n_id898,0.52226001456521,0.4682222222100799,-1,-1
n_id899,0.522469042917282,0.4658618358336459,-1,-1
n_id900,0.5226258083529388,0.46380932511165746,-1,-1
n_id901,0.523043865057015,0.461106854250796,-1,-1
n_id902,0.5231483734046961,0.45943063684322794,-1,-1
n_id903,0.5233574017567343,0.45795967241555063,-1,-1
n_id904,0.5235141730207628,0.45665974832240286,-1,-1
n_id905,0.5235664301087724,0.4558387478490003,-1,-1
n_id906,0.5241412522485392,0.45402569512149393,-1,-1
n_id907,0.5253431536160486,0.4505364288018211,-1,-1
n_id908,0.5264405408075727,0.4479023756009232,-1,-1
n_id909,0.5272766483873873,0.4459524913688913,-1,-1
n_id910,0.5275379279990631,0.44461835844575065,-1,-1
n_id911,0.5280082359628109,0.4437631491423663,-1,-1
n_id912,0.5288966006306349,0.4419843052448528,-1,-1
n_id913,0.5291056231543012,0.4388029145796256,-1,-1
n_id914,0.5294191656823584,0.43722932366200296,-1,-1
n_id915,0.5293669085943488,0.4351426079254344,-1,-1
n_id916,0.530359781609854,0.43264538622907317,-1,-1
n_id917,0.5315094258893538,0.4302849998526391,-1,-1
n_id918,0.5325545618212064,0.4282666979606325,-1,-1
n_id919,0.5338087202767592,0.4259747292441732,-1,-1
n_id920,0.5344880507641733,0.4244695559865141,-1,-1
n_id921,0.5350106216442686,0.4223144225899708,-1,-1
n_id922,0.534958364556259,0.42015928537804814,-1,-1
n_id923,0.534958364556259,0.41786731666157767,-1,-1
n_id924,0.5354809296080164,0.4159858500895094,-1,-1
n_id925,0.5358989804837208,0.4150622193107708,-1,-1
n_id926,0.5360034946597398,0.4127702505943004,-1,-1
n_id927,0.5365260597114971,0.41037565538788456,-1,-1
n_id928,0.537100881851264,0.4073995177025482,-1,-1
n_id929,0.5375189327269684,0.4048338783462233,-1,-1
n_id930,0.5374144243793212,0.402712953779673,-1,-1
n_id931,0.5375711898149779,0.4013104070119593,-1,-1
n_id932,0.537884732343069,0.40018152325332995,-1,-1
n_id933,0.538564068658821,0.3958712526448529,-1,-1
n_id934,0.5385118115708115,0.39368191041833894,-1,-1
n_id935,0.5386163199184926,0.39197148799617965,-1,-1
n_id936,0.537884732343069,0.3894742662998184,-1,-1
n_id937,0.5369441105872355,0.38701125343343895,-1,-1
n_id938,0.5361602659238023,0.38516399569135246,-1,-1
n_id939,0.5358989804837208,0.38345356945379144,-1,-1
n_id940,0.5348015932922304,0.3805458494284298,-1,-1
n_id941,0.5335996919246871,0.37770654324764114,-1,-1
n_id942,0.5328158414329162,0.3739436101034934,-1,-1
n_id943,0.5321887622051398,0.37209635236140687,-1,-1
n_id944,0.5316661971533824,0.3705227614437842,-1,-1
n_id945,0.5313526604536971,0.36963333949502747,-1,-1
n_id946,0.5317707113294015,0.3687781263762525,-1,-1
n_id947,0.5306210670499016,0.36484414908219576,-1,-1
n_id948,0.5297327023820776,0.36268901568566364,-1,-1
n_id949,0.5292101373303203,0.35981550067488205,-1,-1
n_id950,0.5285830581025438,0.35738669663848444,-1,-1
n_id951,0.5281650072268395,0.35540260357647074,-1,-1
n_id952,0.5272243912993438,0.3521870078966523,-1,-1
n_id953,0.5265973120716013,0.3499976618547367,-1,-1
n_id954,0.5248205885643251,0.34418221798861165,-1,-1
n_id955,0.5242457664245582,0.34250600439643414,-1,-1
n_id956,0.5238799668084916,0.33973511587560906,-1,-1
n_id957,0.522155500389191,0.3351169696126975,-1,-1
n_id958,0.5216329353374676,0.3328249970808254,-1,-1
n_id959,0.5214239069854294,0.3320039966074339,-1,-1
n_id960,0.5196471834781193,0.3258806732714616,-1,-1
n_id961,0.5189155959026956,0.32297295324609987,-1,-1
n_id962,0.5181840024989002,0.32068098452962945,-1,-1
n_id963,0.5177136945351863,0.31862847380765214,-1,-1
n_id964,0.5166489636524189,0.31539576989745227,-1,-1
n_id965,0.5163550219036145,0.3141129502192843,-1,-1
n_id966,0.5161459935515764,0.3126761946215888,-1,-1
n_id967,0.5156756855878285,0.31028159941517297,-1,-1
n_id968,0.5151008634480956,0.3085711769930247,-1,-1
n_id969,0.5152053776241147,0.3056292443222796,-1,-1
n_id970,0.5142647558682811,0.303610942430273,-1,-1
n_id971,0.5140557333445809,0.2994375071417342,-1,-1
n_id972,0.5134286541168385,0.29598244965204323,-1,-1
n_id973,0.5125925465370239,0.2940667742499931,-1,-1
n_id974,0.5118609531332285,0.29078275709482054,-1,-1
n_id975,0.5110771084697954,0.28736190843511134,-1,-1
n_id976,0.12014566229444315,0.82659896524467,-1,-1
n_id977,0.12111240676592659,0.8261200454403044,-1,-1
n_id978,0.12214447551159938,0.8255983665061677,-1,-1
n_id979,0.12381668484285656,0.8250595831570292,-1,-1
n_id980,0.12742238894541852,0.823883667026413,-1,-1
n_id981,0.1286373574991416,0.8233662613344702,-1,-1
n_id982,0.1293297551727355,0.8232465342449244,-1,-1
n_id983,0.13622762084983622,0.8209203566984722,-1,-1
n_id984,0.13727275678168882,0.8205782683986542,-1,-1
n_id985,0.14061717544420316,0.8193809707954407,-1,-1
n_id986,0.14317774944328435,0.8183889261721292,-1,-1
n_id987,0.1462608884941229,0.8174310865634088,-1,-1
n_id988,0.14856017705315647,0.8163706242801336,-1,-1
n_id989,0.15070269434816144,0.8156522464812859,-1,-1
n_id990,0.1556344089452006,0.8145361938954315,-1,-1
n_id991,0.1567187347788829,0.8140316193762859,-1,-1
n_id992,0.15750257944231605,0.8138007116816041,-1,-1
n_id993,0.15848892469305226,0.8133260689348337,-1,-1
n_id994,0.16068369907606678,0.8125050646460406,-1,-1
n_id995,0.1637145810388958,0.811513020022729,-1,-1
n_id996,0.16758157058150538,0.8102130959295701,-1,-1
n_id997,0.16909700864873398,0.8096657584652408,-1,-1
n_id998,0.1723891760516106,0.8086737138419292,-1,-1
n_id999,0.17526328675041106,0.807852709553136,-1,-1
n_id1000,0.1770922673456968,0.8072369582442448,-1,-1
n_id1001,0.18106376523598755,0.8064843716154153,-1,-1
n_id1002,0.18189987281580203,0.8062791186355134,-1,-1
n_id1003,0.1846694693385495,0.8051844475222564,-1,-1
n_id1004,0.1875958371253595,0.8047055277179018,-1,-1
n_id1005,0.1915150779276407,0.8035082301146883,-1,-1
n_id1006,0.1938666294030556,0.8030635191403044,-1,-1
n_id1007,0.19590463252200763,0.8024135590014313,-1,-1
n_id1008,0.19783812729334635,0.801866221537102,-1,-1
n_id1009,0.20029418711640848,0.8012846790581815,-1,-1
n_id1010,0.20301152655114643,0.8002926344348699,-1,-1
n_id1011,0.2042134279186897,0.8002584256048881,-1,-1
n_id1012,0.20635595104203258,0.7996084616506134,-1,-1
n_id1013,0.21116355068376602,0.7983085413728561,-1,-1
n_id1014,0.21696403499771433,0.7958797373364586,-1,-1
n_id1015,0.21942009482077646,0.7948876888977564,-1,-1
n_id1016,0.2259521667101484,0.793006222325677,-1,-1
n_id1017,0.22762437604140556,0.7924246798467676,-1,-1
n_id1018,0.23253649568752985,0.791261591073547,-1,-1
n_id1019,0.23535834929832078,0.7904405867847538,-1,-1
n_id1020,0.2389117963128732,0.7894827471760224,-1,-1
n_id1021,0.24063626273217384,0.7889354135270947,-1,-1
n_id1022,0.24256975750347862,0.788456493722729,-1,-1
n_id1023,0.24450324644641158,0.7873618226094721,-1,-1
n_id1024,0.24612320451803105,0.7868829028051063,-1,-1
n_id1025,0.24915408648086007,0.7860618985163131,-1,-1
n_id1026,0.25406620029861254,0.7849330185730744,-1,-1
n_id1027,0.2543797428266697,0.784830392083129,-1,-1
n_id1028,0.25594743798194175,0.7838383474598174,-1,-1
n_id1029,0.2600234500482515,0.7819226720577562,-1,-1
n_id1030,0.2620092019075658,0.7809648324490359,-1,-1
n_id1031,0.26430849046659943,0.7794938680213586,-1,-1
n_id1032,0.2661374710618852,0.7787412813925291,-1,-1
n_id1033,0.26880255923698537,0.7777150241238451,-1,-1
n_id1034,0.271101847796019,0.7765519353506245,-1,-1
n_id1035,0.2744462664585333,0.7750809709229473,-1,-1
n_id1036,0.27559591073806705,0.7744994284440266,-1,-1
n_id1037,0.2767978121055764,0.7739520909797085,-1,-1
n_id1038,0.2787313068769151,0.7733363396708061,-1,-1
n_id1039,0.2798809511564149,0.7728232110364586,-1,-1
n_id1040,0.2835389123469864,0.7711469936288905,-1,-1
n_id1041,0.28395696322272473,0.7709417444643902,-1,-1
n_id1042,0.2842705057507819,0.7709417444643902,-1,-1
n_id1043,0.28630850886976783,0.7697444468611879,-1,-1
n_id1044,0.2877194385893492,0.7686155669179381,-1,-1
n_id1045,0.28845103199311073,0.7685471492579744,-1,-1
n_id1046,0.28923487665657777,0.7685471492579744,-1,-1
n_id1047,0.2897574417083012,0.7682734824335106,-1,-1
n_id1048,0.29127288560390163,0.7678287714591266,-1,-1
n_id1049,0.29195222191968756,0.7675893096492541,-1,-1
n_id1050,0.29242252988340145,0.7673840604847538,-1,-1
n_id1051,0.29273606658312074,0.7673156428247903,-1,-1
n_id1052,0.2954534118462305,0.7663235982014787,-1,-1
n_id1053,0.2970211070014686,0.7651263005982653,-1,-1
n_id1054,0.30036552566398295,0.7637921676751246,-1,-1
n_id1055,0.3024557916993502,0.7628343318817948,-1,-1
n_id1056,0.3061137528899217,0.7610554879842814,-1,-1
n_id1057,0.30856981271298384,0.7602002748655063,-1,-1
n_id1058,0.3140567486705032,0.7586608927778655,-1,-1
n_id1059,0.3147883420742986,0.7581819767889014,-1,-1
n_id1060,0.31792373821314673,0.7568478438657608,-1,-1
n_id1061,0.32053656930023744,0.7554795059280399,-1,-1
n_id1062,0.3224178011551948,0.7538032885204607,-1,-1
n_id1063,0.32335842291102834,0.7530849107216241,-1,-1
n_id1064,0.32597124816974726,0.7518534042884288,-1,-1
n_id1065,0.33025628858809514,0.7504850625353063,-1,-1
n_id1066,0.33412327813073867,0.7488772666031036,-1,-1
n_id1067,0.33590000163801487,0.7481930938188359,-1,-1
n_id1068,0.3363703096017627,0.7479194269943721,-1,-1
n_id1069,0.3380947760210294,0.7472352580255173,-1,-1
n_id1070,0.3387741123368153,0.7468247558811152,-1,-1
n_id1071,0.34211853099932965,0.7453537914534378,-1,-1
n_id1072,0.34603777762998267,0.74388282321037,-1,-1
n_id1073,0.350166046784302,0.7421724007882107,-1,-1
n_id1074,0.3709380352759393,0.933517614121798,-1,-1
n_id1075,0.3675413595254155,0.9327479230779887,-1,-1
n_id1076,0.36388339833481004,0.9319269187891955,-1,-1
n_id1077,0.3631256763870268,0.931790087284659,-1,-1
n_id1078,0.359049664320717,0.930661207341409,-1,-1
n_id1079,0.3539023877785329,0.9298059942226341,-1,-1
n_id1080,0.35225630699126353,0.9290191987638228,-1,-1
n_id1081,0.3495389675565256,0.9277363790856659,-1,-1
n_id1082,0.3477622440492494,0.9267272300473635,-1,-1
n_id1083,0.34504489878613964,0.925512828029159,-1,-1
n_id1084,0.3404724502120603,0.9235458393821363,-1,-1
n_id1085,0.33778123932131016,0.9223485417789228,-1,-1
n_id1086,0.33433230065440495,0.9208262641062728,-1,-1
n_id1087,0.33333942763893365,0.9202789266419545,-1,-1
n_id1088,0.331719475395686,0.9196802797480431,-1,-1
n_id1089,0.3291850299405926,0.9187053357243319,-1,-1
n_id1090,0.32636317632983564,0.9179869579254841,-1,-1
n_id1091,0.32382873087474223,0.9162252222583521,-1,-1
n_id1092,0.3211636485280138,0.9149081937502024,-1,-1
n_id1093,0.31653893703758706,0.9127188515236884,-1,-1
n_id1094,0.3134296752710986,0.9114702406755022,-1,-1
n_id1095,0.31068620146400105,0.910409778392227,-1,-1
n_id1096,0.30901399213270997,0.9091782719590318,-1,-1
n_id1097,0.3070804973614052,0.9083572676702386,-1,-1
n_id1098,0.30436315792666724,0.9075704722114273,-1,-1
n_id1099,0.302377406067319,0.907023134747109,-1,-1
n_id1100,0.3000258604202759,0.9061337166137429,-1,-1
n_id1101,0.29801398001697377,0.9053982343999043,-1,-1
n_id1102,0.2955579260222495,0.904611438941093,-1,-1
n_id1103,0.29388571086262055,0.9039614749868182,-1,-1
n_id1104,0.2921089873553443,0.9032773060179523,-1,-1
n_id1105,0.29022775550042085,0.9028154906285886,-1,-1
n_id1106,0.2886077974288014,0.9022852613946407,-1,-1
n_id1107,0.28568142964199145,0.9015497753654115,-1,-1
n_id1108,0.28338214108295784,0.9010537549614566,-1,-1
n_id1109,0.282127982627439,0.9008142931515728,-1,-1
n_id1110,0.2786790497889056,0.9000617065227433,-1,-1
n_id1111,0.27517785986232873,0.8995998911333796,-1,-1
n_id1112,0.2735317790750933,0.8991209751444044,-1,-1
n_id1113,0.2701089689521759,0.897735528976291,-1,-1
n_id1114,0.2690638388486951,0.8970513600074362,-1,-1
n_id1115,0.26765290912911377,0.8962987733786066,-1,-1
n_id1116,0.2656149060101278,0.8952041022653496,-1,-1
n_id1117,0.26449139027461577,0.8944515156365201,-1,-1
n_id1118,0.2615127653998302,0.8933226356932703,-1,-1
n_id1119,0.25950088499649415,0.8924674225744953,-1,-1
n_id1120,0.2576196473131989,0.8917148359456658,-1,-1
n_id1121,0.25707095371741984,0.8914240608908205,-1,-1
n_id1122,0.25592130943792,0.8906714742619909,-1,-1
n_id1123,0.2548239222464297,0.890414911852518,-1,-1
n_id1124,0.2534652496148579,0.8900044097081159,-1,-1
n_id1125,0.2523156053353581,0.8894570760591882,-1,-1
n_id1126,0.25168852610758163,0.8890123650848043,-1,-1
n_id1127,0.25077403872410775,0.8886018629404133,-1,-1
n_id1128,0.2492324662845195,0.8882597784559747,-1,-1
n_id1129,0.24719446316553356,0.8877124409916566,-1,-1
n_id1130,0.2448690460625122,0.8869256455328453,-1,-1
n_id1131,0.24353650197496207,0.886292789808952,-1,-1
n_id1132,0.24092367088787137,0.8855230987651315,-1,-1
n_id1133,0.23880728213685415,0.8848047171508931,-1,-1
n_id1134,0.23726571552563777,0.8844797370814456,-1,-1
n_id1135,0.23572414308604955,0.8840521305220637,-1,-1
n_id1136,0.23483578424656343,0.8836245277780723,-1,-1
n_id1137,0.2332942118069752,0.8830258770687702,-1,-1
n_id1138,0.2315958739316963,0.8821022462900318,-1,-1
n_id1139,0.22968850770441324,0.8807510127672907,-1,-1
n_id1140,0.2253512160263937,0.8790234821147499,-1,-1
n_id1141,0.22375738649879598,0.8782195822409476,-1,-1
n_id1142,0.22177164046781955,0.8773985817675451,-1,-1
n_id1143,0.22046522492429116,0.8763039068388976,-1,-1
n_id1144,0.2190542952047098,0.8749355689011656,-1,-1
n_id1145,0.21691177790970478,0.873601435978025,-1,-1
n_id1146,0.21503054022640952,0.8727462228592501,-1,-1
n_id1147,0.21252222331533785,0.872096262720377,-1,-1
n_id1148,0.21231319496329976,0.8720278450604134,-1,-1
n_id1149,0.20990939805658504,0.871001591607109,-1,-1
n_id1150,0.20680013046175869,0.8698898160788611,-1,-1
n_id1151,0.20332506907920359,0.868812249380595,-1,-1
n_id1152,0.2005293381840965,0.8673412811375272,-1,-1
n_id1153,0.19728943369756727,0.8661952967792975,-1,-1
n_id1154,0.1934747012429672,0.8649124809165201,-1,-1
n_id1155,0.19033930510411914,0.8632875767539246,-1,-1
n_id1156,0.18840581616115223,0.8621244879807042,-1,-1
n_id1157,0.1874390658613309,0.8614916284414204,-1,-1
n_id1158,0.18490462623460932,0.8602943308382068,-1,-1
n_id1159,0.18169084446376393,0.8589944105604497,-1,-1
n_id1160,0.17897350502899206,0.8577800085422563,-1,-1
n_id1161,0.1748974871343444,0.856155104379661,-1,-1
n_id1162,0.17270271275132987,0.8548551802865021,-1,-1
n_id1163,0.1708737321560102,0.8537947180032269,-1,-1
n_id1164,0.16839154378896026,0.8530763402043792,-1,-1
n_id1165,0.16703287698576022,0.8523579624055314,-1,-1
n_id1166,0.16651030610566497,0.8519816690911223,-1,-1
n_id1167,0.16431553172265045,0.8504251825884904,-1,-1
n_id1168,0.16154593519986907,0.8486292342759749,-1,-1
n_id1169,0.15942954062051398,0.8463543699745065,-1,-1
n_id1170,0.15786184546527585,0.8452425944462475,-1,-1
n_id1171,0.15443904117076418,0.8424374970954407,-1,-1
n_id1172,0.15143428775192297,0.8407954885178544,-1,-1
n_id1173,0.14903048501687036,0.8389311263607769,-1,-1
n_id1174,0.14573831761402764,0.8367075753042701,-1,-1
n_id1175,0.14296872109124625,0.834552441907738,-1,-1
n_id1176,0.14103522631994145,0.8325341400157313,-1,-1
n_id1177,0.13847465814919815,0.8309605490981087,-1,-1
n_id1178,0.1361753637618267,0.8293527493505042,-1,-1
n_id1179,0.1344770258865478,0.8284975362317293,-1,-1
n_id1180,0.13243902276756184,0.827026571804063,-1,-1
n_id1181,0.12943426934875457,0.8250595831570292,-1,-1
n_id1182,0.12795148759028274,0.8242129241534449,-1,-1
n_id1183,0.126690795541657,0.8235886187293519,-1,-1
n_id1184,0.12580243670217087,0.822972863605059,-1,-1
n_id1185,0.124548278246652,0.8220834454717039,-1,-1
n_id1186,0.12415635591493543,0.8218439836618202,-1,-1
n_id1187,0.12379055629883483,0.8215703168373564,-1,-1
n_id1188,0.12329411979109921,0.8213650638574655,-1,-1
n_id1189,0.12181133803262738,0.8205440595686613,-1,-1
n_id1190,0.12097523628115078,0.8200651435796973,-1,-1
n_id1191,0.11917238422988675,0.8183205085121655,-1,-1
n_id1192,0.11726501800256976,0.8174823998083816,-1,-1
n_id1193,0.11582795973900059,0.8165929816750154,-1,-1
n_id1194,0.11493960089951447,0.8157548729712313,-1,-1
n_id1195,0.1138683422520459,0.8144720532930634,-1,-1
n_id1196,0.11237902690043328,0.8131721291999155,-1,-1
n_id1197,0.11164743349667175,0.8119919360116931,-1,-1
n_id1198,0.11055004630514753,0.8109656825583996,-1,-1
n_id1199,0.10952451115258162,0.8099137705749246,-1,-1
n_id1200,0.10843365755416426,0.8087592359168948,-1,-1
n_id1201,0.10744078453869302,0.8075619383136813,-1,-1
n_id1202,0.106552419870869,0.8064159539554516,-1,-1
n_id1203,0.10519374723929714,0.804825258622838,-1,-1
n_id1204,0.10388733752410664,0.8032174588752335,-1,-1
n_id1205,0.10260705052456605,0.8019517436120565,-1,-1
n_id1206,0.10054291303322048,0.7995229395756589,-1,-1
n_id1207,0.09926262603367988,0.7985308949523473,-1,-1
n_id1208,0.0988184466139538,0.7974362238390903,-1,-1
n_id1209,0.09800846757816102,0.7960678820859679,-1,-1
n_id1210,0.09701559456265585,0.7944942911683451,-1,-1
n_id1211,0.09573530756311525,0.793006222325677,-1,-1
n_id1212,0.09523887105537962,0.7919628644573927,-1,-1
n_id1213,0.09424599803990838,0.7907484624391995,-1,-1
n_id1214,0.0930179681283773,0.7895853736659678,-1,-1
n_id1215,0.09270442560032016,0.7888156826221473,-1,-1
n_id1216,0.0919989607405125,0.7878065335838449,-1,-1
n_id1217,0.09134575879712013,0.7868829028051063,-1,-1
n_id1218,0.09071867956934374,0.7857369184468767,-1,-1
n_id1219,0.08928162130577456,0.7834620541453972,-1,-1
n_id1220,0.08862841353401037,0.7821792344672291,-1,-1
n_id1221,0.08836713392230064,0.7814437522534016,-1,-1
n_id1222,0.08792294867420272,0.7802806634801699,-1,-1
n_id1223,0.08766166906252693,0.7792202011968947,-1,-1
n_id1224,0.08745264071048882,0.777663714694263,-1,-1
n_id1225,0.08700846129076271,0.7764151038460879,-1,-1
n_id1226,0.08664266167466213,0.7757651398918132,-1,-1
n_id1227,0.08619848225493602,0.7743454887091086,-1,-1
n_id1228,0.0859110740992385,0.7726863757165314,-1,-1
n_id1229,0.08580655992321945,0.7714719775137286,-1,-1
n_id1230,0.08557140302715963,0.7704970334900063,-1,-1
n_id1231,0.085074966519424,0.7690944867223037,-1,-1
n_id1232,0.08491819525539543,0.7682734824335106,-1,-1
n_id1233,0.08491819525539543,0.7676577273092177,-1,-1
n_id1234,0.08465691564371963,0.7668709318504063,-1,-1
n_id1235,0.08457853001168837,0.7648697343733907,-1,-1
n_id1236,0.08444788729164761,0.7636895411851792,-1,-1
n_id1237,0.08436950165965028,0.7623040988324675,-1,-1
n_id1238,0.0842127362239596,0.7613291586241469,-1,-1
n_id1239,0.08413435059196228,0.7606791946698721,-1,-1
n_id1240,0.08402983641594323,0.7591398125822312,-1,-1
n_id1241,0.08392532223992417,0.757822787889472,-1,-1
n_id1242,0.0839775793279337,0.7566768035312423,-1,-1
n_id1243,0.08350727136418588,0.7553255661931108,-1,-1
n_id1244,0.08342888573218855,0.7547440198987997,-1,-1
n_id1245,0.08340275718816684,0.7536664532005336,-1,-1
n_id1246,0.08329824301214778,0.7524520511823403,-1,-1
n_id1247,0.08311534320409748,0.7509468779246812,-1,-1
n_id1248,0.08301083485645025,0.7496469576469129,-1,-1
n_id1249,0.08267116378437138,0.7482101982338379,-1,-1
n_id1250,0.08248826397635502,0.7472181536105152,-1,-1
n_id1251,0.082253112908667,0.7459866471773311,-1,-1
n_id1252,0.08230536999667654,0.7450630163985926,-1,-1
n_id1253,0.08209634164463843,0.7430276139069967,-1,-1
n_id1254,0.08217472727663576,0.7422579228631763,-1,-1
n_id1255,0.08178280494491919,0.7407356413751246,-1,-1
n_id1256,0.08157377659288109,0.7397264923368222,-1,-1
n_id1257,0.08136474824084299,0.7384778814886471,-1,-1
n_id1258,0.08131249115283347,0.7380673793442449,-1,-1
n_id1259,0.08126023989316183,0.7369042905710244,-1,-1
n_id1260,0.08102508299713594,0.7362372260171494,-1,-1
n_id1261,0.08068541775342888,0.7352451813938378,-1,-1
n_id1262,0.0809205688211169,0.7328505861874219,-1,-1
n_id1263,0.08084218318908563,0.7319440598236743,-1,-1
n_id1264,0.08086831173310736,0.7314651400193085,-1,-1
n_id1265,0.08085525037526545,0.7299086535166768,-1,-1
n_id1266,0.08082912183127765,0.7295152557872766,-1,-1
n_id1267,0.08067235056721515,0.7283179581840743,-1,-1
n_id1268,0.08046332221517705,0.7268127849264152,-1,-1
n_id1269,0.08046332221517705,0.726179929202522,-1,-1
n_id1270,0.0803326853235081,0.7247431736048375,-1,-1
n_id1271,0.08022817114748905,0.723819542826088,-1,-1
n_id1272,0.07999301425146316,0.7223485783984217,-1,-1
n_id1273,0.0796533490077561,0.7213736343746994,-1,-1
n_id1274,0.07910465541197703,0.7205013168409335,-1,-1
n_id1275,0.07897401269197019,0.719492167802631,-1,-1
n_id1276,0.07858209036025361,0.717730432135499,-1,-1
n_id1277,0.07847757618423455,0.7168410101867423,-1,-1
n_id1278,0.07819016220016521,0.715609503753547,-1,-1
n_id1279,0.07800726822048673,0.714754290634772,-1,-1
n_id1280,0.07758921151641053,0.7137793504264514,-1,-1
n_id1281,0.07748469734039148,0.7134201615270331,-1,-1
n_id1282,0.07685761811261509,0.7120347153589197,-1,-1
n_id1283,0.0767008526769244,0.7113334419750629,-1,-1
n_id1284,0.07623053888483869,0.7099479958069496,-1,-1
n_id1285,0.07573410237710307,0.7087678064341286,-1,-1
n_id1286,0.07489800062566039,0.707690235920472,-1,-1
n_id1287,0.07461058664159105,0.7071600066865241,-1,-1
n_id1288,0.07417946857967293,0.706167958247822,-1,-1
n_id1289,0.0738659318799876,0.7049706606446086,-1,-1
n_id1290,0.07321272410822341,0.7030036719975857,-1,-1
n_id1291,0.07292531595252588,0.7021997721237835,-1,-1
n_id1292,0.07248113070442797,0.7012932495754264,-1,-1
n_id1293,0.07229823672474948,0.700745912111097,-1,-1
n_id1294,0.07206307982868966,0.7002327834767607,-1,-1
n_id1295,0.07313433847619216,0.6987105058041106,-1,-1
n_id1296,0.07438849693171103,0.697957919175281,-1,-1
n_id1297,0.07522460451152553,0.6971540193014788,-1,-1
n_id1298,0.07710584219485472,0.6956317416288289,-1,-1
n_id1299,0.07817710084235723,0.694673905835499,-1,-1
n_id1300,0.07979705308560486,0.6938871103766877,-1,-1
n_id1301,0.08191344183658814,0.6929292707679674,-1,-1
n_id1302,0.08332437155616951,0.692159579724147,-1,-1
n_id1303,0.08366404262821445,0.6919030173146741,-1,-1
n_id1304,0.08515335215145525,0.6911846395158263,-1,-1
n_id1305,0.0861462251669265,0.6905175711465606,-1,-1
n_id1306,0.08964741509346942,0.6890123978889016,-1,-1
n_id1307,0.09288732540833652,0.6876953731961535,-1,-1
n_id1308,0.0945334061956059,0.6869598909823148,-1,-1
n_id1309,0.09756428815843492,0.6858139028086835,-1,-1
n_id1310,0.09847878137024674,0.6853691956497012,-1,-1
n_id1311,0.10124837789302814,0.6840863759715333,-1,-1
n_id1312,0.10224125090849938,0.6836074561671787,-1,-1
n_id1313,0.10495859617160914,0.682632515958858,-1,-1
n_id1314,0.10574244083504229,0.6823759497339834,-1,-1
n_id1315,0.10660467695887851,0.6821364917395013,-1,-1
n_id1316,0.10731014181865224,0.6818970337450193,-1,-1
n_id1317,0.1113077682529647,0.6801352942624967,-1,-1
n_id1318,0.11230064126843595,0.6794511252936308,-1,-1
n_id1319,0.11345028554793578,0.6786814342498103,-1,-1
n_id1320,0.11426026458376247,0.6783051409354012,-1,-1
n_id1321,0.11632440207510804,0.6776893858111082,-1,-1
n_id1322,0.11721276091456023,0.6772788836667061,-1,-1
n_id1323,0.11987784908966048,0.6763381522883672,-1,-1
n_id1324,0.12178520948860565,0.675534252414565,-1,-1
n_id1325,0.12311775357615577,0.6750382281952083,-1,-1
n_id1326,0.12426739785568952,0.6743369548113626,-1,-1
n_id1327,0.12559994194323965,0.6735843681825331,-1,-1
n_id1328,0.12831728137797757,0.6721647169998285,-1,-1
n_id1329,0.13171396295687327,0.6706766443417697,-1,-1
n_id1330,0.1326284503403472,0.6700266842028856,-1,-1
n_id1331,0.13351681500817122,0.6696503908884763,-1,-1
n_id1332,0.13558094667114495,0.6687267601097378,-1,-1
n_id1333,0.13667833386263525,0.6679741734809083,-1,-1
n_id1334,0.13921277931772866,0.6670505465175602,-1,-1
n_id1335,0.14075435175731688,0.6659558715889016,-1,-1
n_id1336,0.14284461196431233,0.6652203893750741,-1,-1
n_id1337,0.1438374849797836,0.6644506983312536,-1,-1
n_id1338,0.14467359255959808,0.6639375735122967,-1,-1
n_id1339,0.14908927569798675,0.6622955649347104,-1,-1
n_id1340,0.14916765550164618,0.6622784605197195,-1,-1
n_id1341,0.15125792153697953,0.6613719341559718,-1,-1
n_id1342,0.15298238795624625,0.6607219740170877,-1,-1
n_id1343,0.15460234019952782,0.6600207006332419,-1,-1
n_id1344,0.15577811302304936,0.6594220499239399,-1,-1
n_id1345,0.15687550021453966,0.6589431301195742,-1,-1
n_id1346,0.15896576624987302,0.6581905434907447,-1,-1
n_id1347,0.16032443888144488,0.6575405833518605,-1,-1
n_id1348,0.1612650548089066,0.6569590408729511,-1,-1
n_id1349,0.16385175735200952,0.6557275344397558,-1,-1
n_id1350,0.16798002650632882,0.6536579193027876,-1,-1
n_id1351,0.1689990280658218,0.6531618950834309,-1,-1
n_id1352,0.17145508788888394,0.6522211637050921,-1,-1
n_id1353,0.1718208816765788,0.6516225129957901,-1,-1
n_id1354,0.17276150343241234,0.6511435931914354,-1,-1
n_id1355,0.17589689374288858,0.6494673795992579,-1,-1
n_id1356,0.17699428676278461,0.6491595039448123,-1,-1
n_id1357,0.17884939007372028,0.6484582267455538,-1,-1
n_id1358,0.17981614037354163,0.6479793107565898,-1,-1
n_id1359,0.1819064005805371,0.6473464512173059,-1,-1
n_id1360,0.18334345884410624,0.6466280734184582,-1,-1
n_id1361,0.1847282600196659,0.6458754867896286,-1,-1
n_id1362,0.18681852022666137,0.6449176471809083,-1,-1
n_id1363,0.18896104335000427,0.6438058716526605,-1,-1
n_id1364,0.1909467893809807,0.642950662349276,-1,-1
n_id1365,0.19256674162422832,0.642112553645492,-1,-1
n_id1366,0.1946570076595617,0.6411205052067899,-1,-1
n_id1367,0.19619857427081203,0.6404705450679057,-1,-1
n_id1368,0.19821045467414805,0.6392732474646923,-1,-1
n_id1369,0.19951687021767645,0.6387601188303558,-1,-1
n_id1370,0.20168551605670318,0.6378707006969896,-1,-1
n_id1371,0.20489929782754857,0.6361773788744307,-1,-1
n_id1372,0.2069373009465345,0.6354076878306102,-1,-1
n_id1373,0.207773408526349,0.6348090371213082,-1,-1
n_id1374,0.20926271804955587,0.633919618987942,-1,-1
n_id1375,0.21064751922511554,0.6331328235291307,-1,-1
n_id1376,0.2133909872038752,0.6316789597010537,-1,-1
n_id1377,0.21621284664300403,0.630122473198422,-1,-1
n_id1378,0.21780667034226386,0.6294896174745398,-1,-1
n_id1379,0.21932210840949246,0.6288396573356556,-1,-1
n_id1380,0.22203945367260222,0.6273344840779965,-1,-1
n_id1381,0.22342425484816186,0.6267529377836855,-1,-1
n_id1382,0.22640287972298137,0.6257608931603739,-1,-1
n_id1383,0.22679480205469793,0.6253845998459646,-1,-1
n_id1384,0.22857152556197416,0.6247346358916899,-1,-1
n_id1385,0.2292508618777601,0.6245806999721624,-1,-1
n_id1386,0.23170692170082222,0.6228189604896398,-1,-1
n_id1387,0.23350977375212018,0.6219808517858557,-1,-1
n_id1388,0.23549551978306266,0.6209203895025694,-1,-1
n_id1389,0.2370370922226848,0.6202875337786873,-1,-1
n_id1390,0.2387615586419515,0.619295485339974,-1,-1
n_id1391,0.240512153605206,0.6183376495466443,-1,-1
n_id1392,0.24192307749641553,0.617362705522933,-1,-1
n_id1393,0.24270692798822052,0.6168153718740054,-1,-1
n_id1394,0.2437259295477135,0.6164903879891672,-1,-1
n_id1395,0.24563329577503049,0.6153786124609194,-1,-1
n_id1396,0.2471748682146187,0.6144549854975714,-1,-1
n_id1397,0.24855966356184045,0.6140102745231875,-1,-1
n_id1398,0.25004897891341915,0.613069539329458,-1,-1
n_id1399,0.2517995738766736,0.6121117035361282,-1,-1
n_id1400,0.2532627548558927,0.6113420124923078,-1,-1
n_id1401,0.25441239913542646,0.6105552170334965,-1,-1
n_id1402,0.25545753506727903,0.6102473413790508,-1,-1
n_id1403,0.2562413797307122,0.6098710442492399,-1,-1
n_id1404,0.25736490129459605,0.6094947509348196,-1,-1
n_id1405,0.26010836927335573,0.6084000798215626,-1,-1
n_id1406,0.2614670419048936,0.6078014329276623,-1,-1
n_id1407,0.2638185875519367,0.6067580712439763,-1,-1
n_id1408,0.26494210328744877,0.6063133640849941,-1,-1
n_id1409,0.2661701331989798,0.605731817790683,-1,-1
n_id1410,0.2680252423382873,0.6048937090868989,-1,-1
n_id1411,0.26896585826574904,0.6044661025275059,-1,-1
n_id1412,0.2701677596332923,0.6039016644635874,-1,-1
n_id1413,0.09060763180021782,0.8026915028834906,-1,-1
n_id1414,0.0912935017091106,0.8028411655608132,-1,-1
n_id1415,0.09385406987981998,0.8034911256996974,-1,-1
n_id1416,0.09683269475463947,0.8047226321328926,-1,-1
n_id1417,0.09986357671743457,0.8057146805715948,-1,-1
n_id1418,0.10174481440076376,0.8068093516848518,-1,-1
n_id1419,0.10320800120832073,0.807459311823736,-1,-1
n_id1420,0.10524600432730667,0.808280316112529,-1,-1
n_id1421,0.10702272783458289,0.8089986939113768,-1,-1
n_id1422,0.10812011502610712,0.8093407783958042,-1,-1
n_id1423,0.11240515544445501,0.8101617826845974,-1,-1
n_id1424,0.1143386502157598,0.8107091201489267,-1,-1
n_id1425,0.11705598965053167,0.8108117428234816,-1,-1
n_id1426,0.12275195978846092,0.8111196222933177,-1,-1
n_id1427,0.12317654425727216,0.8112136946680724,-1,-1
n_id1428,0.12499899125945105,0.8114617067777563,-1,-1
n_id1429,0.12604412136296575,0.81173537360222,-1,-1
n_id1430,0.1293885458538519,0.8120774580866476,-1,-1
n_id1431,0.13377809461984702,0.8121458757466222,-1,-1
n_id1432,0.1343529167596139,0.8122827110665494,-1,-1
n_id1433,0.13618189735489963,0.8125221690610315,-1,-1
n_id1434,0.13769734125050007,0.8127616270555135,-1,-1
n_id1435,0.13978760145749553,0.8131721291999155,-1,-1
n_id1436,0.14245268963259577,0.8133773821798064,-1,-1
n_id1437,0.1451700290673337,0.8136510490042702,-1,-1
n_id1438,0.15248595144851063,0.8137194666642338,-1,-1
n_id1439,0.15368785281605388,0.8140957599786541,-1,-1
n_id1440,0.15687550021453966,0.8146773062729652,-1,-1
n_id1441,0.15745032235430653,0.8148141377775019,-1,-1
n_id1442,0.15974961674167798,0.814950973097429,-1,-1
n_id1443,0.16393014298400682,0.8153614752418201,-1,-1
n_id1444,0.16565460940330745,0.8155667244063314,-1,-1
n_id1445,0.16873774262577418,0.8160798530406679,-1,-1
n_id1446,0.17082800866110753,0.8163535198651427,-1,-1
n_id1447,0.17396340479995562,0.8168666484994792,-1,-1
n_id1448,0.18347410156414704,0.817995528442729,-1,-1
n_id1449,0.18357861574016607,0.818166572592638,-1,-1
n_id1450,0.1849372825433661,0.8185086570770654,-1,-1
n_id1451,0.1877068848944854,0.8186112797516203,-1,-1
n_id1452,0.19240997618857159,0.8191928260459315,-1,-1
n_id1453,0.1950750585353,0.8195349105303589,-1,-1
n_id1454,0.1967995249545667,0.819705954680279,-1,-1
n_id1455,0.20139810790100565,0.8205611639836633,-1,-1
n_id1456,0.2039064189837055,0.8207664169635541,-1,-1
n_id1457,0.20463801238750096,0.8209716661280543,-1,-1
n_id1458,0.207773408526349,0.8213821682724565,-1,-1
n_id1459,0.21022946834941114,0.822066341056713,-1,-1
n_id1460,0.21305132196016816,0.8226136747056406,-1,-1
n_id1461,0.21493255964346342,0.8232978436745065,-1,-1
n_id1462,0.21911308588582618,0.8241188479632997,-1,-1
n_id1463,0.22036724434134505,0.824255683283227,-1,-1
n_id1464,0.2214123744448258,0.8247003942576109,-1,-1
n_id1465,0.22329361212815502,0.8254187720564585,-1,-1
n_id1466,0.22726511001844577,0.8271291982940084,-1,-1
n_id1467,0.22768316089415014,0.8272660297985451,-1,-1
n_id1468,0.2295121414894698,0.8276423231129543,-1,-1
n_id1469,0.22998245528155553,0.827881784922838,-1,-1
n_id1470,0.2310275853850363,0.8284291185717657,-1,-1
n_id1471,0.23259528054027442,0.8292501228605588,-1,-1
n_id1472,0.2342674898715316,0.8295237896850226,-1,-1
n_id1473,0.2355216483270844,0.8299342918294248,-1,-1
n_id1474,0.3211832434789287,0.8920440930727087,-1,-1
n_id1475,0.32306448116222397,0.8920783019026906,-1,-1
n_id1476,0.3273495157522339,0.8915993820983248,-1,-1
n_id1477,0.3288127025597909,0.8915309644383612,-1,-1
n_id1478,0.33633764746466804,0.8907441689795499,-1,-1
n_id1479,0.33753954883217735,0.8906073336596227,-1,-1
n_id1480,0.33999560865523953,0.890470502155086,-1,-1
n_id1481,0.340831716235054,0.8899915823507204,-1,-1
n_id1482,0.34438516324960644,0.888554826753036,-1,-1
n_id1483,0.3468934801606781,0.8873917379798043,-1,-1
n_id1484,0.34835666113989716,0.886844400515475,-1,-1
n_id1485,0.35232815903018794,0.885749729402218,-1,-1
n_id1486,0.3537390887497693,0.8849971427733885,-1,-1
n_id1487,0.35541129808102645,0.8841761384845953,-1,-1
n_id1488,0.3631975284259512,0.882294671912527,-1,-1
n_id1489,0.3631975284259512,0.8817815432781795,-1,-1
n_id1490,0.3628839917262319,0.8798316590461476,-1,-1
n_id1491,0.36492199484521787,0.8767528948708657,-1,-1
n_id1492,0.3657058453370229,0.8748372194688157,-1,-1
n_id1493,0.3667509754405036,0.873503086545675,-1,-1
n_id1494,0.3689980069115277,0.8715189934836612,-1,-1
n_id1495,0.3701476511910275,0.8699454025660386,-1,-1
n_id1496,0.3713495525585708,0.8674139758550862,-1,-1
n_id1497,0.3721856601383853,0.866592971566293,-1,-1
n_id1498,0.374014640733671,0.8648141314841701,-1,-1
n_id1499,0.37704552269650005,0.8620774517933268,-1,-1
n_id1500,0.3782996811520189,0.8595802300969656,-1,-1
n_id1501,0.3796060966955812,0.8582460971738249,-1,-1
n_id1502,0.38352533749786244,0.8545173728596701,-1,-1
n_id1503,0.38436144507767694,0.8536963685708769,-1,-1
n_id1504,0.3862949340206099,0.8525674886276271,-1,-1
n_id1505,0.3888555080196911,0.8510623153699679,-1,-1
n_id1506,0.3910502824027056,0.8493860979623998,-1,-1
n_id1507,0.3950217861213682,0.8464441691070563,-1,-1
n_id1508,0.39773912555610613,0.8444942848750244,-1,-1
n_id1509,0.399202312363697,0.8430233204473472,-1,-1
n_id1510,0.4008745216949542,0.8415865610342611,-1,-1
n_id1511,0.40160611509874966,0.8404576810910224,-1,-1
n_id1512,0.40317381025398774,0.8388498813434179,-1,-1
n_id1513,0.40463699123320684,0.8374473345757042,-1,-1
n_id1514,0.4062569493048263,0.8354974503436723,-1,-1
n_id1515,0.40745885067233567,0.8342317350804952,-1,-1
n_id1516,0.4082426953357688,0.833410730791702,-1,-1
n_id1517,0.40902654582757375,0.832487103828354,-1,-1
n_id1518,0.41001941884307896,0.8313924288997065,-1,-1
n_id1519,0.4111690631225788,0.8302977577864384,-1,-1
n_id1520,0.4120051707023933,0.8294425446676635,-1,-1
n_id1521,0.4129980437178645,0.8284162912143701,-1,-1
n_id1522,0.4141999450854078,0.8280399978999609,-1,-1
n_id1523,0.416865033260508,0.827184784781186,-1,-1
n_id1524,0.417648883752313,0.8267742826367839,-1,-1
n_id1525,0.4213068391145466,0.8256111938635633,-1,-1
n_id1526,0.4230835626218228,0.8247901895747701,-1,-1
n_id1527,0.42486028612909904,0.8238665626114221,-1,-1
n_id1528,0.42951112616351356,0.8222245540338359,-1,-1
n_id1529,0.43228072268629497,0.8209930476006406,-1,-1
n_id1530,0.43520709047310496,0.8202062521418293,-1,-1
n_id1531,0.4359909409649099,0.8198641676574018,-1,-1
n_id1532,0.4382379724359,0.8179484922553517,-1,-1
n_id1533,0.44121659731071955,0.8159986080233087,-1,-1
n_id1534,0.44790544046412,0.8117567550748064,-1,-1
n_id1535,0.4488983134796252,0.8110383772759586,-1,-1
n_id1536,0.45119760203862486,0.8095674090328907,-1,-1
n_id1537,0.45224273214213956,0.8085753644095791,-1,-1
n_id1538,0.4552736141049686,0.8053597649143702,-1,-1
n_id1539,0.4584090102437827,0.8030335873679291,-1,-1
n_id1540,0.4601334766630494,0.8013231649457697,-1,-1
n_id1541,0.4610218413308734,0.8000232408526109,-1,-1
n_id1542,0.46143989220661175,0.7997837828581288,-1,-1
n_id1543,0.46384369494166433,0.7976286456461951,-1,-1
n_id1544,0.4667178056404648,0.7954735122496629,-1,-1
n_id1545,0.4703235097430267,0.7913342819757042,-1,-1
n_id1546,0.4715254111105361,0.7897948998880745,-1,-1
n_id1547,0.4739814709335982,0.7877765979960678,-1,-1
n_id1548,0.47565368026488936,0.7865450953782742,-1,-1
n_id1549,0.47743040377216556,0.7850399183052246,-1,-1
n_id1550,0.47920712727944176,0.7835005362175838,-1,-1
n_id1551,0.4807225711750422,0.782953202568645,-1,-1
n_id1552,0.4835444247857992,0.7806612338521857,-1,-1
n_id1553,0.48532114829307543,0.7790876429345629,-1,-1
n_id1554,0.4891881320073471,0.7770693410425563,-1,-1
n_id1555,0.49321189281401917,0.7746405370061586,-1,-1
n_id1556,0.49504086758096705,0.7735800747228835,-1,-1
n_id1557,0.4979672411961149,0.7718696484853336,-1,-1
n_id1558,0.4990646283876052,0.7713565236663877,-1,-1
n_id1559,0.5002665297551485,0.7711170618565041,-1,-1
n_id1560,0.5019387390864056,0.769851346593327,-1,-1
n_id1561,0.5039767422053916,0.7689961372899538,-1,-1
n_id1562,0.5074779379603063,0.7675251690468858,-1,-1
n_id1563,0.5086275822398061,0.7667041685734833,-1,-1
n_id1564,0.5116584642026352,0.7646516578514949,-1,-1
n_id1565,0.5131216451818542,0.7631806934238287,-1,-1
n_id1566,0.5167796063724257,0.7593835476343086,-1,-1
n_id1567,0.5191311520194688,0.7584599206709606,-1,-1
n_id1568,0.5204898246510407,0.7575362898922221,-1,-1
n_id1569,0.5223188052463265,0.7561337431245083,-1,-1
n_id1570,0.5246703508933694,0.7547996102013677,-1,-1
n_id1571,0.5258199951728694,0.7543891080569767,-1,-1
n_id1572,0.5273876903281074,0.7527128906494086,-1,-1
n_id1573,0.5309411373426938,0.7504893395929018,-1,-1
n_id1574,0.5322998099742318,0.7491552104851628,-1,-1
n_id1575,0.5349648923209941,0.7473421577576563,-1,-1
n_id1576,0.5379957742838231,0.7455291088455517,-1,-1
n_id1577,0.5397724977910993,0.7437502649480382,-1,-1
n_id1578,0.5424375859661995,0.7423819270103174,-1,-1
n_id1579,0.5434827160696803,0.7412188382370857,-1,-1
n_id1580,0.545102668312928,0.7397136649794266,-1,-1
n_id1581,0.5491786803792378,0.7371822344530836,-1,-1
n_id1582,0.5518960256423815,0.7348902657366131,-1,-1
n_id1583,0.5549791646931861,0.7330772168245084,-1,-1
n_id1584,0.5576442470399484,0.731640461226824,-1,-1
n_id1585,0.5627653950381107,0.7278091066073221,-1,-1
n_id1586,0.5632879600898681,0.7273301906183581,-1,-1
n_id1587,0.5663188420526633,0.7246277197574855,-1,-1
n_id1588,0.5685658735236873,0.7234988359988562,-1,-1
n_id1589,0.5693497240154922,0.7228146670299902,-1,-1
n_id1590,0.5699768032432686,0.7219936627411971,-1,-1
n_id1591,0.5716490125745258,0.7224041648855881,-1,-1
n_id1592,0.5723283488903117,0.7226778355254536,-1,-1
n_id1593,0.5743663520092638,0.7233962133243014,-1,-1
n_id1594,0.5759863042525454,0.7240461734631743,-1,-1
n_id1595,0.5781810844638977,0.7248329689219858,-1,-1
n_id1596,0.5795920083551073,0.7256539732107788,-1,-1
n_id1597,0.5807416526346071,0.7264407686695903,-1,-1
n_id1598,0.5830931982816502,0.7276038574428219,-1,-1
n_id1599,0.5853402355810461,0.7290064042105245,-1,-1
n_id1600,0.5868556736482746,0.7307852481080491,-1,-1
n_id1601,0.5876395241400797,0.7316062523968422,-1,-1
n_id1602,0.5906181490148652,0.734513972422204,-1,-1
n_id1603,0.5919245645584276,0.7354718120309243,-1,-1
n_id1604,0.5922381012581468,0.7358138965153628,-1,-1
n_id1605,0.5921335870820938,0.7367717323086925,-1,-1
n_id1606,0.593230974273618,0.7378664072373401,-1,-1
n_id1607,0.5939625676774135,0.7387216165407244,-1,-1
n_id1608,0.5950076977808942,0.7400899582938469,-1,-1
n_id1609,0.5958438053607088,0.7414240874015859,-1,-1
n_id1610,0.5961573478887658,0.742860846814672,-1,-1
n_id1611,0.5965231416764947,0.7440581444178854,-1,-1
n_id1612,0.5970979638162276,0.7460422374798992,-1,-1
n_id1613,0.5980385797437233,0.7491210016551809,-1,-1
n_id1614,0.5981430939197423,0.7495657126295537,-1,-1
n_id1615,0.5986656589714997,0.7510366770572311,-1,-1
n_id1616,0.5987701731475187,0.7519260951905973,-1,-1
n_id1617,0.5993972523752612,0.752986561289263,-1,-1
n_id1618,0.6004946395667854,0.7556206144901719,-1,-1
n_id1619,0.600860439182852,0.7571942054077836,-1,-1
n_id1620,0.6011217187945618,0.7581520412011133,-1,-1
n_id1621,0.6019578263743424,0.7593835476343086,-1,-1
n_id1622,0.6030029564778571,0.7629754404439267,-1,-1
n_id1623,0.6033687502655519,0.7634885690782743,-1,-1
n_id1624,0.603473264441571,0.7641043203871767,-1,-1
n_id1625,0.60357777861759,0.7652332003304154,-1,-1
n_id1626,0.6041526007573569,0.7668410000780199,-1,-1
n_id1627,0.6055635304769382,0.7699197642533017,-1,-1
n_id1628,0.6056157875649478,0.7701250172331925,-1,-1
n_id1629,0.6066086605804191,0.7727248616041086,-1,-1
n_id1630,0.607392511072224,0.7748799988160424,-1,-1
n_id1631,0.6078105619479623,0.7769325057226291,-1,-1
n_id1632,0.6084376411757048,0.7785403054702336,-1,-1
n_id1633,0.6102143646830149,0.7810717359965766,-1,-1
n_id1634,0.6107891868227479,0.7834663273876019,-1,-1
n_id1635,0.6117820598382531,0.7852109624551336,-1,-1
n_id1636,0.6129839612057624,0.7870924290272019,-1,-1
n_id1637,0.6135065262575198,0.7886660199448245,-1,-1
n_id1638,0.6151264843291392,0.7917789929500881,-1,-1
n_id1639,0.6153355068528055,0.7927368325588086,-1,-1
n_id1640,0.6158580719045629,0.7945156726409315,-1,-1
n_id1641,0.6166419223963678,0.796944476677329,-1,-1
n_id1642,0.6174257728881728,0.79848385876497,-1,-1
n_id1643,0.619202496395449,0.8007416186514587,-1,-1
n_id1644,0.6197773185351819,0.801938916254661,-1,-1
n_id1645,0.6202476264989298,0.8039572181466675,-1,-1
n_id1646,0.6217108133065207,0.8054281825743338,-1,-1
n_id1647,0.6226514292339824,0.8096358266928544,-1,-1
n_id1648,0.6227559434100014,0.8105936663015858,-1,-1
n_id1649,0.6227559434100014,0.812235674879172,-1,-1
n_id1650,0.6231217371977302,0.8139460973013314,-1,-1
n_id1651,0.62427138147723,0.8160670256832723,-1,-1
n_id1652,0.6246371810932967,0.8171274879665585,-1,-1
n_id1653,0.6246371810932967,0.818735287714163,-1,-1
n_id1654,0.6243758956532491,0.820445713951713,-1,-1
n_id1655,0.62427138147723,0.8216430077395247,-1,-1
n_id1656,0.624166867301211,0.8227718914981652,-1,-1
n_id1657,0.6239055876895352,0.8255085711890084,-1,-1
n_id1658,0.6232262513737493,0.8265690334722836,-1,-1
n_id1659,0.6228604575860205,0.8271505759512041,-1,-1
n_id1660,0.6212404995144011,0.8289978375086813,-1,-1
n_id1661,0.6201431123229108,0.8305714284263039,-1,-1
n_id1662,0.6179483379398962,0.8330686463072746,-1,-1
n_id1663,0.6173212587121198,0.8337186064461477,-1,-1
n_id1664,0.6158058148165533,0.8350869481992701,-1,-1
n_id1665,0.6150742272411297,0.8359763701480268,-1,-1
n_id1666,0.6137678116975673,0.8372078727658315,-1,-1
n_id1667,0.6128271899417338,0.8380630858846065,-1,-1
n_id1668,0.6108414439107575,0.8393972188077361,-1,-1
n_id1669,0.6097440567192671,0.8410050185553406,-1,-1
n_id1670,0.6074447681602335,0.8436048629262566,-1,-1
n_id1671,0.6060860955286956,0.8447337428695065,-1,-1
n_id1672,0.6055635304769382,0.8455547471582996,-1,-1
n_id1673,0.6045706516330952,0.846581000611593,-1,-1
n_id1674,0.603786806969662,0.8475388402203133,-1,-1
n_id1675,0.6030029564778571,0.8482914268491429,-1,-1
n_id1676,0.6014352613226189,0.8493176803024363,-1,-1
n_id1677,0.5988746873235378,0.852156986483236,-1,-1
n_id1678,0.5979863226557137,0.8531148260919563,-1,-1
n_id1679,0.5972547350802901,0.8542094972052133,-1,-1
n_id1680,0.5960005766247374,0.8556462528029088,-1,-1
n_id1681,0.594694161081209,0.856638301241611,-1,-1
n_id1682,0.5931264659259369,0.8578355950294227,-1,-1
n_id1683,0.5911407140666226,0.8597170654168927,-1,-1
n_id1684,0.5906704061028747,0.8600249410713384,-1,-1
n_id1685,0.588057575015784,0.8618721988134249,-1,-1
n_id1686,0.5869079307362842,0.8636681471259404,-1,-1
n_id1687,0.5857060293687409,0.8650022762336794,-1,-1
n_id1688,0.5847131563532697,0.8660627385169546,-1,-1
n_id1689,0.5842950996491935,0.8672942449501498,-1,-1
n_id1690,0.5837725345974362,0.8680126227489976,-1,-1
n_id1691,0.5825706332299267,0.8689020446977543,-1,-1
n_id1692,0.5808461668106262,0.8702019687909132,-1,-1
n_id1693,0.5787559066036646,0.8715018890686704,-1,-1
n_id1694,0.5776585194121404,0.8725965639973179,-1,-1
n_id1695,0.5768746689203355,0.8737254439405678,-1,-1
n_id1696,0.5757772817288451,0.8757095370025815,-1,-1
n_id1697,0.5754114821127785,0.8762226618215384,-1,-1
n_id1698,0.5731121935537449,0.8777620439091682,-1,-1
n_id1699,0.5726418855899971,0.8787198835178996,-1,-1
n_id1700,0.5716490125745258,0.8797803458011748,-1,-1
n_id1701,0.5708651620827209,0.88084080808445,-1,-1
n_id1702,0.569715517803221,0.8818670653531451,-1,-1
n_id1703,0.5680955655599734,0.8829275276364202,-1,-1
n_id1704,0.566580121664373,0.8842616605595609,-1,-1
n_id1705,0.5654304773848392,0.8852194963528796,-1,-1
n_id1706,0.5642285760173299,0.8862115447915928,-1,-1
n_id1707,0.5630266746497866,0.8874772562393682,-1,-1
n_id1708,0.5588461484074577,0.8912401931989065,-1,-1
n_id1709,0.5583235833557343,0.8916164865133157,-1,-1
n_id1710,0.5574874816042578,0.8925401134766637,-1,-1
n_id1711,0.5549791646931861,0.8941137043942864,-1,-1
n_id1712,0.5539340287613335,0.8951741704929632,-1,-1
n_id1713,0.5539340287613335,0.8962004239462567,-1,-1
n_id1714,0.5525753619581334,0.8976713883739228,-1,-1
n_id1715,0.5514257176786336,0.8992449792915455,-1,-1
n_id1716,0.5500670450470618,0.9009554055291065,-1,-1
n_id1717,0.5484993498918237,0.9024947876167363,-1,-1
n_id1718,0.5468271347322285,0.9035894587300044,-1,-1
n_id1719,0.5432736877176422,0.9073694962891319,-1,-1
n_id1720,0.5429078939299474,0.9077714481337338,-1,-1
n_id1721,0.543812059285416,0.9079208017640767,-1,1
n_id1722,0.5425421001422186,0.9084641674023889,-1,-1
n_id1723,0.5414185844067065,0.9088319104170091,-1,-1
n_id1724,0.540138297407166,0.909028609281709,-1,-1
n_id1725,0.5376299804960943,0.9100206539050206,-1,-1
n_id1726,0.537002901268318,0.9099522400604476,-1,-1
n_id1727,0.5340242763935323,0.9109100758537774,-1,-1
n_id1728,0.5324043241502847,0.9116284536526251,-1,-1
n_id1729,0.530679857730984,0.9124494579414183,-1,-1
n_id1730,0.5259245093488883,0.9136809643746135,-1,-1
n_id1731,0.5244090654533219,0.9142625106689246,-1,-1
n_id1732,0.521796240194569,0.9150835111423161,-1,-1
n_id1733,0.520124025034974,0.9156650574366273,-1,-1
n_id1734,0.5173021714241831,0.916383435235475,-1,-1
n_id1735,0.5151596541291781,0.9172044395242681,-1,-1
n_id1736,0.5123900517780587,0.9182306929775615,-1,-1
n_id1737,0.5106133282707825,0.9189490745917999,-1,-1
n_id1738,0.5073734237842873,0.9198727015551478,-1,-1
n_id1739,0.5058057228006774,0.920454247849459,-1,-1
n_id1740,0.5040159379355592,0.9207236376163274,-1,-1
n_id1741,0.5021477674384437,0.9213778748128069,-1,-1
n_id1742,0.5002142726671389,0.9220962526116546,-1,-1
n_id1743,0.4990646283876052,0.9224041320814909,-1,-1
n_id1744,0.495824718072772,0.9236014296847043,-1,-1
n_id1745,0.49352542951373846,0.9244224339734974,-1,-1
n_id1746,0.4922190139701761,0.9247987272879067,-1,-1
n_id1747,0.49049454755090943,0.9253802697668272,-1,-1
n_id1748,0.4879339735518282,0.9261328563956568,-1,-1
n_id1749,0.48662756383663774,0.9265433585400478,-1,-1
n_id1750,0.48192447254255155,0.9280485317977069,-1,-1
n_id1751,0.48093159369870847,0.9285274516020726,-1,-1
n_id1752,0.47743040377216556,0.9296221227153296,-1,-1
n_id1753,0.4763330165806413,0.930169460179659,-1,-1
n_id1754,0.47523562938915104,0.9306825849986048,-1,-1
n_id1755,0.4703235097430267,0.9322561759162274,-1,-1
n_id1756,0.46875581458778864,0.9329061398705022,-1,-1
n_id1757,0.4657771897129691,0.9338297668338501,-1,-1
n_id1758,0.4628508219261931,0.9346849799526251,-1,-1
n_id1759,0.4597676828753546,0.9355744019013819,-1,-1
n_id1760,0.456684543824516,0.9362243620402659,-1,-1
n_id1761,0.453653661861687,0.9371479928190045,-1,-1
n_id1762,0.45093632242694903,0.9379689971077977,-1,-1
n_id1763,0.4487415422155627,0.9387900013965909,-1,-1
n_id1764,0.4445610159732339,0.9404320061587865,-1,-1
n_id1765,0.44257526994229135,0.9408425083031775,-1,-1
n_id1766,0.44236624159021937,0.9409109259631412,-1,-1
n_id1767,0.44121659731071955,0.9413214281075433,-1,-1
n_id1768,0.43876053748765736,0.9421766412263182,-1,-1
n_id1769,0.4371928423324193,0.9426555610306839,-1,-1
n_id1770,0.4335348811418478,0.9438186498039045,-1,-1
n_id1771,0.43097430714273266,0.9448791120871797,-1,-1
n_id1772,0.42924984072346595,0.9455974898860274,-1,-1
n_id1773,0.4269505521644324,0.9462816588548933,-1,-1
n_id1774,0.4240241843776564,0.947034245483723,-1,-1
n_id1775,0.4219861754302986,0.9478552497725161,-1,-1
n_id1776,0.41953011560723646,0.9488130893812364,-1,-1
n_id1777,0.4163947252967602,0.9497709251745662,-1,-1
n_id1778,0.4132070720699026,0.9509682227777796,-1,-1
n_id1779,0.41179614235035517,0.9512761022476158,-1,-1
n_id1780,0.41001941884307896,0.9518918535565182,-1,-1
n_id1781,0.4025989881142209,0.9538417377885501,-1,-1
n_id1782,0.40139708674671154,0.9544916979274343,-1,-1
n_id1783,0.3964849671005872,0.955791622020582,-1,-1
n_id1784,0.38995289521121534,0.9579467554171253,-1,-1
n_id1785,0.38760134956417225,0.9583572575615162,-1,-1
n_id1786,0.3862949340206099,0.9585967193714,-1,-1
n_id1787,0.38373436584990056,0.9590756391757657,-1,-1
n_id1788,0.380755740975081,0.9595545551647298,-1,-1
n_id1789,0.3787177320277572,0.9600676837990773,-1,-1
n_id1790,0.3768364943444619,0.9606492262779868,-1,-1
n_id1791,0.37411915490969005,0.9614018167222068,-1,-1
n_id1792,0.3718198663506565,0.9620859856910727,-1,-1
n_id1793,0.3700953999313898,0.9626675281699933,-1,-1
n_id1794,0.36659420417647504,0.9629754076398295,-1,-1
n_id1795,0.3649742519332274,0.9635227412887682,-1,-1
n_id1796,0.36095049695492715,0.9645489947420617,-1,-1
n_id1797,0.35802412916811716,0.9646858300619888,-1,-1
n_id1798,0.3576060782924128,0.9648226653819161,-1,-1
n_id1799,0.35598612022079335,0.9652331675263182,-1,-1
n_id1800,0.3545751963295838,0.9655410431807638,-1,-1
n_id1801,0.35342555205008397,0.9658489188352205,-1,-1
n_id1802,0.3522236506825407,0.9661225856596843,-1,-1
n_id1803,0.3514267330045559,0.9662850795097931,-1,-1
n_id1804,0.3510348106728393,0.966387702184348,-1,-1
n_id1805,0.09127390092982393,0.802323763684272,-1,-1
n_id1806,0.09200549433361938,0.8018106350499246,-1,-1
n_id1807,0.09359932386121712,0.800887004271186,-1,-1
n_id1808,0.09459219687668836,0.8003396706222472,-1,-1
n_id1809,0.09639504892798631,0.7992449956935996,-1,-1
n_id1810,0.09689148543572194,0.7987318708746427,-1,-1
n_id1811,0.09791048699521492,0.798030597490797,-1,-1
n_id1812,0.10061476507214487,0.7964570065731743,-1,-1
n_id1813,0.10108507303589269,0.7961149182733452,-1,-1
n_id1814,0.101947309159695,0.7952255001399791,-1,-1
n_id1815,0.10296631071918796,0.7945413311711241,-1,-1
n_id1816,0.10356726140294263,0.7941137246117311,-1,-1
n_id1817,0.1058404214179884,0.7927111740286269,-1,-1
n_id1818,0.10654588627776213,0.7923348807142176,-1,-1
n_id1819,0.10738199385757662,0.7917020249903244,-1,-1
n_id1820,0.10845325250507912,0.7905731450470856,-1,-1
n_id1821,0.10960289678457893,0.7897008275133198,-1,-1
n_id1822,0.11187605679962472,0.7884864254951154,-1,-1
n_id1823,0.1138095515709295,0.7873746499668676,-1,-1
n_id1824,0.11603045449793183,0.785937894369172,-1,-1
n_id1825,0.11689269062176805,0.7850142635904336,-1,-1
n_id1826,0.11767654111357302,0.7843129902065766,-1,-1
n_id1827,0.12013259510826334,0.7822604794845994,-1,-1
n_id1828,0.12122998812812545,0.7815421016857517,-1,-1
n_id1829,0.1235031481431373,0.7802763864225746,-1,-1
n_id1830,0.12512310038638494,0.7795580086237268,-1,-1
n_id1831,0.12689982389369509,0.7786343778449882,-1,-1
n_id1832,0.12815398234921396,0.7778133735561952,-1,-1
n_id1833,0.12946039789277627,0.7768897465928472,-1,-1
n_id1834,0.1325174083995931,0.7752477380152608,-1,-1
n_id1835,0.1334057672390453,0.7746319867063696,-1,-1
n_id1836,0.13526087637835277,0.7735715206076927,-1,-1
n_id1837,0.13672406318594366,0.7727163113043084,-1,-1
n_id1838,0.13826562979716006,0.7715532225310878,-1,-1
n_id1839,0.13972881660475095,0.7705611740923746,-1,-1
n_id1840,0.14155779137166488,0.7692612499992268,-1,-1
n_id1841,0.14281194982721768,0.7677902855715495,-1,-1
n_id1842,0.14437965081082763,0.7666100923833381,-1,-1
n_id1843,0.14644378247380135,0.7652075456156243,-1,-1
n_id1844,0.14897822792886084,0.7632747657985833,-1,-1
n_id1845,0.14989271531233475,0.762487970339772,-1,-1
n_id1846,0.15054592308409895,0.7620090505354062,-1,-1
n_id1847,0.15250554639942548,0.7608630661771766,-1,-1
n_id1848,0.15530127146619466,0.7594092061644903,-1,-1
n_id1849,0.155823836517952,0.759272370844563,-1,-1
n_id1850,0.15692122953781412,0.7588105554551882,-1,-1
n_id1851,0.08655774827792975,0.7794211733037996,-1,-1
n_id1852,0.085408103998396,0.7776081243916949,-1,-1
n_id1853,0.08352686631510074,0.7754529909951627,-1,-1
n_id1854,0.07955536842481,0.771519013701106,-1,-1
n_id1855,0.07840572414531018,0.7704585476024292,-1,-1
n_id1856,0.07594966432224803,0.7674824099171039,-1,-1
n_id1857,0.07469550586669524,0.7658746101694994,-1,-1
n_id1858,0.07312780488308529,0.7639247259374564,-1,-1
n_id1859,0.07135108137580908,0.7621458858553335,-1,-1
n_id1860,0.06988790039659,0.7604354596177836,-1,-1
n_id1861,0.06837245650102351,0.7588618687001609,-1,-1
n_id1862,0.06717055513348023,0.7575961534369949,-1,-1
n_id1863,0.06591640250629927,0.7566041088136833,-1,-1
n_id1864,0.06330357141920855,0.7525675050296813,-1,-1
n_id1865,0.06163136208795137,0.7505834119676564,-1,-1
n_id1866,0.05948883896460848,0.7477783184322401,-1,-1
n_id1867,0.05839145177308426,0.7460336833647084,-1,-1
n_id1868,0.057241807493584436,0.7441522167926401,-1,-1
n_id1869,0.05640570574214176,0.7420997060706517,-1,-1
n_id1870,0.054001903007089146,0.7385078132610335,-1,-1
n_id1871,0.0528522587275554,0.737071057663338,-1,-1
n_id1872,0.05102327813226965,0.7352580087512333,-1,-1
n_id1873,0.04924655462499343,0.7328976223747993,-1,-1
n_id1874,0.04794013908143111,0.7308109028228401,-1,-1
n_id1875,0.04741757402967376,0.7297504405395538,-1,-1
n_id1876,0.045222793818321345,0.7265006322143631,-1,-1
n_id1877,0.04381186992711179,0.7232850327191541,-1,-1
n_id1878,0.041982889331826055,0.7202404773738652,-1,-1
n_id1879,0.04078098796428278,0.7180169263173584,-1,-1
n_id1880,0.03968360077279248,0.7162038774052537,-1,-1
n_id1881,0.037959134353525784,0.7138434910288196,-1,-1
n_id1882,0.03670497589797299,0.7117225626468787,-1,-1
n_id1883,0.034248916074910846,0.7083017139871696,-1,-1
n_id1884,0.0326289638316632,0.7060439541006809,-1,-1
n_id1885,0.031479313723791556,0.7039572345487106,-1,-1
n_id1886,0.030277412356282212,0.7020757679766424,-1,-1
n_id1887,0.02944131060480561,0.7000916749146286,-1,-1
n_id1888,0.02865746011300064,0.6986207104869514,-1,-1
n_id1889,0.028082637973267693,0.6975944532182563,-1,-1
n_id1890,0.026149143201928973,0.6944130663684308,-1,-1
n_id1891,0.02520852727446725,0.6929763069553447,-1,-1
n_id1892,0.024163397170986475,0.69116325804324,-1,-1
n_id1893,0.023902111730938855,0.6906159205789107,-1,-1
n_id1894,0.023536317943210077,0.6875029475736472,-1,-1
n_id1895,0.023431803767191027,0.6847320590528221,-1,-1
n_id1896,0.02301375289145273,0.6815506722029855,-1,-1
n_id1897,0.022595696187376533,0.6772746104245013,-1,-1
n_id1898,0.022647953275386056,0.6764193973057263,-1,-1
n_id1899,0.02301375289145273,0.6742300512638107,-1,-1
n_id1900,0.02290923871543368,0.6727932956661263,-1,-1
n_id1901,0.022647953275386056,0.6708092026041015,-1,-1
n_id1902,0.022282159487657282,0.668551442717624,-1,-1
n_id1903,0.022334416575700733,0.6672515186244651,-1,-1
n_id1904,0.022386673663710256,0.665746345366806,-1,-1
n_id1905,0.02280472453941463,0.6636596296302375,-1,-1
n_id1906,0.023536317943210077,0.6616755365682238,-1,-1
n_id1907,0.023797597554919805,0.6596572346762172,-1,-1
n_id1908,0.024320168435015048,0.657741559274167,-1,-1
n_id1909,0.024633705134700375,0.6548680442633855,-1,-1
n_id1910,0.025469812714514872,0.6528497423713899,-1,-1
n_id1911,0.025678835238215073,0.6517550712581219,-1,-1
n_id1912,0.026358171554000998,0.6490868092272423,-1,-1
n_id1913,0.027194279133781567,0.646794840510783,-1,-1
n_id1914,0.026828479517714894,0.6458027920720697,-1,-1
n_id1915,0.027246536221825015,0.6444686629643307,-1,-1
n_id1916,0.02750781583350082,0.6428950720467079,-1,-1
n_id1917,0.027821358361557965,0.6417661921034692,-1,-1
n_id1918,0.028448437589334363,0.6406031033302375,-1,-1
n_id1919,0.02881423137706314,0.6393715968970534,-1,-1
n_id1920,0.029702590216515338,0.6373532950050468,-1,-1
n_id1921,0.03006838983258201,0.6360533709118878,-1,-1
n_id1922,0.030799983236377455,0.6340692816652648,-1,-1
n_id1923,0.03153157081180108,0.632085188603251,-1,-1
n_id1924,0.03226316421559653,0.6303747623657011,-1,-1
n_id1925,0.033883116458844176,0.6282538377991397,-1,-1
n_id1926,0.03445793859861105,0.6277065003348214,-1,-1
n_id1927,0.03660046172195394,0.6250724471339125,-1,-1
n_id1928,0.03712302677371129,0.623738314210783,-1,-1
n_id1929,0.03863846484093989,0.6217200123187764,-1,-1
n_id1930,0.03952682950876391,0.6205911323755375,-1,-1
n_id1931,0.04057195961224468,0.61891491878336,-1,-1
n_id1932,0.04156483845608775,0.6175807858602194,-1,-1
n_id1933,0.04323704778734492,0.6160071949425967,-1,-1
n_id1934,0.04449120624289772,0.6142283548604738,-1,-1
n_id1935,0.045745358870078696,0.6128942219373442,-1,-1
n_id1936,0.04752208820572674,0.611423257509667,-1,-1
n_id1937,0.04929881171300295,0.6098496665920442,-1,-1
n_id1938,0.05076199269222203,0.6086523689888419,-1,-1
n_id1939,0.05379287465501712,0.6067709024167625,-1,-1
n_id1940,0.05651021408978899,0.6053341430036764,-1,-1
n_id1941,0.05990689566868468,0.6037605520860648,-1,-1
n_id1942,0.06163136208795137,0.6029395516126622,-1,-1
n_id1943,0.06346034268323712,0.6022553788284057,-1,-1
n_id1944,0.06790214853727568,0.6010922900551741,-1,-1
n_id1945,0.06983564330858047,0.6003397034263556,-1,-1
n_id1946,0.07380714119887122,0.5987319036787511,-1,-1
n_id1947,0.07537484218248115,0.598252987689776,-1,-1
n_id1948,0.0780921816172191,0.5975688149055194,-1,-1
n_id1949,0.08086177814000049,0.5969188547666353,-1,-1
n_id1950,0.08148885736777689,0.5966793967721532,-1,-1
n_id1951,0.08415394554287714,0.5958926013133419,-1,-1
n_id1952,0.08671451954195833,0.595447890338969,-1,-1
n_id1953,0.08864800848492523,0.5952426373590672,-1,-1
n_id1954,0.09403043609476341,0.5951400146845235,-1,-1
n_id1955,0.09711357514560195,0.5947979263846944,-1,-1
n_id1956,0.09889029865287817,0.5947295125401213,-1,-1
n_id1957,0.10113733012390222,0.5944558419002558,-1,-1
n_id1958,0.10270503110751215,0.5943190103957192,-1,-1
n_id1959,0.10955063969656942,0.5935664237669007,-1,-1
n_id1960,0.11315634379916531,0.5928822509826331,-1,-1
n_id1961,0.11613496867395087,0.5924375400082603,-1,-1
n_id1962,0.12146513919581346,0.5918559975293398,-1,-1
n_id1963,0.12710885224573318,0.5912402462204486,-1,-1
n_id1964,0.1293036266287477,0.5908297440760464,-1,-1
n_id1965,0.1309758359600049,0.5905218646062103,-1,-1
n_id1966,0.1359402126941387,0.5893929846629603,-1,-1
n_id1967,0.13693308570960994,0.5893587758329786,-1,-1
n_id1968,0.14205423370777231,0.5884693576996124,-1,-1
n_id1969,0.14743666131764444,0.5875799357508557,-1,-1
n_id1970,0.1529758543631733,0.586827349122026,-1,-1
n_id1971,0.15527514292220687,0.5864852646375986,-1,-1
n_id1972,0.15804474527332615,0.5859721360032512,-1,-1
n_id1973,0.16170270646389764,0.585151131714458,-1,-1
n_id1974,0.16468133133871712,0.5846037980655303,-1,-1
n_id1975,0.1669283628097412,0.5840906694311828,-1,-1
n_id1976,0.17058632400031268,0.5834065004623169,-1,-1
n_id1977,0.17743193258940385,0.5824828696835783,-1,-1
n_id1978,0.17952219862477115,0.5825512873435419,-1,-1
n_id1979,0.18208276679548052,0.5819013272046689,-1,-1
n_id1980,0.1837549819551095,0.581696074224767,-1,-1
n_id1981,0.1891374037366098,0.5811829455904195,-1,-1
n_id1982,0.19462434552246702,0.5803961501316082,-1,-1
n_id1983,0.200581595272106,0.5797119811627532,-1,-1
n_id1984,0.20512792113050152,0.5789936033639055,-1,-1
n_id1985,0.2059640228819442,0.5789251857039419,-1,-1
n_id1986,0.20821105435296824,0.5787541453694235,-1,-1
n_id1987,0.2108761425280685,0.5783436432250214,-1,-1
n_id1988,0.21458636080668342,0.5779673499106122,-1,-1
n_id1989,0.21672887810168842,0.5777963057606921,-1,-1
n_id1990,0.2184533445209551,0.5775910565961918,-1,-1
n_id1991,0.21991653132851208,0.5774200124462828,-1,-1
n_id1992,0.22305192163898832,0.5767016346474351,-1,-1
n_id1993,0.22545572437404093,0.5759148391886237,-1,-1
n_id1994,0.22670988282959373,0.5754701282142509,-1,-1
n_id1995,0.22859112051288902,0.574785959245385,-1,-1
n_id1996,0.23021107275613667,0.5740333726165554,-1,-1
n_id1997,0.23188328791576565,0.5722545287190419,-1,-1
n_id1998,0.2339735481227611,0.5706809378014193,-1,-1
n_id1999,0.23522770657828,0.5694494351836257,-1,-1
n_id2000,0.23648186503383278,0.568354760254967,-1,-1
n_id2001,0.2374224809612945,0.5672942979716918,-1,-1
n_id2002,0.23804956018907092,0.5665075025128805,-1,-1
n_id2003,0.23904243903291397,0.5657549158840509,-1,-1
n_id2004,0.23966951826069038,0.5652075784197216,-1,-1
n_id2005,0.24087141379986182,0.5647286624307576,-1,-1
n_id2006,0.24546999674626685,0.5629840273632258,-1,-1
n_id2007,0.24797831365733852,0.5618893562499578,-1,-1
n_id2008,0.25059113891605744,0.561205187281103,-1,-1
n_id2009,0.2533084841792011,0.5605552233268283,-1,-1
n_id2010,0.25571228691425374,0.5599394720179259,-1,-1
n_id2011,0.2580638325612629,0.5593579257236148,-1,-1
n_id2012,0.26015409276825835,0.5587421744147235,-1,-1
n_id2013,0.2642823619225777,0.5580237966158758,-1,-1
n_id2014,0.2661635996059069,0.5577501297914119,-1,-1
n_id2015,0.2704486400242548,0.5570659570071443,-1,-1
n_id2016,0.2718073068274548,0.5567580813526988,-1,-1
n_id2017,0.27536075967037904,0.5562107477037711,-1,-1
n_id2018,0.28079543853988886,0.5552186992650578,-1,-1
n_id2019,0.2837218063266649,0.5546371567861483,-1,-1
n_id2020,0.28528950731027486,0.5542608634717281,-1,-1
n_id2021,0.28884295432486123,0.5537135260074099,-1,-1
n_id2022,0.2902016269563991,0.5536451083474352,-1,-1
n_id2023,0.2922918871633946,0.5533030238630077,-1,-1
n_id2024,0.2933370172668754,0.5530977746985075,-1,-1
n_id2025,0.15436065553873293,0.7513359985964859,-1,-1
n_id2026,0.15227038950339958,0.7481888205766423,-1,-1
n_id2027,0.15122525939988488,0.7457258077102629,-1,-1
n_id2028,0.149971100944366,0.7439469638127383,-1,-1
n_id2029,0.14887371375284178,0.742647043534981,-1,-1
n_id2030,0.14756729820931339,0.7400129903340832,-1,-1
n_id2031,0.1462608884941229,0.7371736841532834,-1,-1
n_id2032,0.14516349547426077,0.7345738397823673,-1,-1
n_id2033,0.14469318751051294,0.7319055739360971,-1,-1
n_id2034,0.14427513663480857,0.7299556897040541,-1,-1
n_id2035,0.14448416498684666,0.727629512157613,-1,-1
n_id2036,0.1452680096502798,0.7262269653898993,-1,-1
n_id2037,0.1450589871265796,0.7218824859514515,-1,-1
n_id2038,0.14547703800231793,0.7191458062606083,-1,-1
n_id2039,0.14579057470203716,0.7162038774052537,-1,-1
n_id2040,0.1463131397537606,0.7135698203889652,-1,-1
n_id2041,0.14641765392977965,0.7105936827036289,-1,-1
n_id2042,0.14662668228181774,0.7088490514514877,-1,-1
n_id2043,0.14798535491338957,0.703238856749863,-1,-1
n_id2044,0.1486646854008037,0.7003311329091106,-1,-1
n_id2045,0.14876919957682272,0.6977654973681764,-1,-1
n_id2046,0.14887371375284178,0.6957471954761698,-1,-1
n_id2047,0.14887371375284178,0.6937288935841743,-1,-1
n_id2048,0.1482466345250993,0.6921210976519604,-1,-1
n_id2049,0.14673119645787072,0.6895212494656537,-1,-1
n_id2050,0.14746278986163222,0.6868529874347741,-1,-1
n_id2051,0.1484034057891279,0.6829532189706992,-1,-1
n_id2052,0.15033690056043267,0.6789508240166788,-1,-1
n_id2053,0.15200910989168984,0.6760773128212989,-1,-1
n_id2054,0.1523226465914091,0.6749826417080419,-1,-1
n_id2055,0.1521658811557184,0.6721433355272421,-1,-1
n_id2056,0.15206136697969938,0.6693382381764353,-1,-1
n_id2057,0.15195685280368032,0.6660884298512446,-1,-1
n_id2058,0.1521658811557184,0.6634201678203538,-1,-1
n_id2059,0.1523226465914091,0.6620860387126148,-1,-1
n_id2060,0.15462193515044267,0.6578099769341307,-1,-1
n_id2061,0.1560328648699901,0.6555864220622333,-1,-1
n_id2062,0.15749605167758102,0.6531576218412262,-1,-1
n_id2063,0.15833215342902368,0.6517208624281401,-1,-1
n_id2064,0.1598475973246241,0.6500104400059918,-1,-1
n_id2065,0.160317905288338,0.6493262672217243,-1,-1
n_id2066,0.16057918490004772,0.64676063168079,-1,-1
n_id2067,0.16120626412782413,0.6432713653611172,-1,-1
n_id2068,0.16162432083190031,0.6408767701547013,-1,-1
n_id2069,0.16151980665588128,0.6371822546705284,-1,-1
n_id2070,0.1619901146196291,0.6356086637529056,-1,-1
n_id2071,0.16204237170763863,0.6345824064842217,-1,-1
n_id2072,0.16637966921399602,0.6310931401645489,-1,-1
n_id2073,0.16888798029669588,0.628219628969158,-1,-1
n_id2074,0.1710305034200727,0.6244909008396125,-1,-1
n_id2075,0.17176209682383423,0.6227462695874714,-1,-1
n_id2076,0.17275496983933938,0.6210358433499104,-1,-1
n_id2077,0.1735910774191539,0.6191201679478603,-1,-1
n_id2078,0.1744794362586061,0.6176149946902012,-1,-1
n_id2079,0.1768309819056492,0.6157335281181329,-1,-1
n_id2080,0.1794438129927399,0.6140915195405465,-1,-1
n_id2081,0.18200438116344927,0.612073217648551,-1,-1
n_id2082,0.1846694693385495,0.6099522930819896,-1,-1
n_id2083,0.1875958371253595,0.6074208625556466,-1,-1
n_id2084,0.18837968761716445,0.6058814804680057,-1,-1
n_id2085,0.18926804645661666,0.6048210181847306,-1,-1
n_id2086,0.1927692363831935,0.6020159208339236,-1,-1
n_id2087,0.19506852494219312,0.6000318277718989,-1,-1
n_id2088,0.19768135602931777,0.5977740678854213,-1,-1
n_id2089,0.2009735234321605,0.5949347617046216,-1,-1
n_id2090,0.20342957742688472,0.5925401664982057,-1,-1
n_id2091,0.2057288718142562,0.5907613264160828,-1,-1
n_id2092,0.20750559532156634,0.5897350691473989,-1,-1
n_id2093,0.2094390842644993,0.588127273215185,-1,-1
n_id2094,0.21194740117557098,0.5852537582044034,-1,-1
n_id2095,0.2162846986819284,0.5822434116890963,-1,-1
n_id2096,0.21942009482077646,0.5799514429726259,-1,-1
n_id2097,0.2212490695877243,0.5785831012195034,-1,-1
n_id2098,0.22375738649879598,0.5776594704407648,-1,-1
n_id2099,0.036417561913937566,0.6386190102682239,-1,-1
n_id2100,0.042270297487523575,0.6360875797418697,-1,-1
n_id2101,0.04686888043392861,0.6337614021954285,-1,-1
n_id2102,0.05564798379432459,0.629314300082426,-1,-1
n_id2103,0.0612916910158725,0.6268512872160354,-1,-1
n_id2104,0.06787601999325396,0.624319860505094,-1,-1
n_id2105,0.07571450742618821,0.6215831808142397,-1,-1
n_id2106,0.08303042980736511,0.6193254171123606,-1,-1
n_id2107,0.09348174249901826,0.6155624839682239,-1,-1
n_id2108,0.10246987421145233,0.6130994711018445,-1,-1
n_id2109,0.11511596711449182,0.6087207866488055,-1,-1
n_id2110,0.12149126773983518,0.607352444895683,-1,-1
n_id2111,0.12514922893040667,0.6054367694936329,-1,-1
n_id2112,0.1297478060484738,0.6035210940915716,-1,-1
n_id2113,0.13915398863661227,0.5997581609474351,-1,-1
n_id2114,0.14573831761402764,0.5970214812565918,-1,-1
n_id2115,0.153681319222947,0.5944216330702741,-1,-1
n_id2116,0.15765281711323775,0.5927112106481258,-1,-1
n_id2117,0.1661183837739484,0.5893587758329786,-1,-1
n_id2118,0.17176209682383423,0.5871694336064646,-1,-1
n_id2119,0.1748974871343444,0.5861431801531712,-1,-1
n_id2120,0.17782385492112043,0.5852537582044034,-1,-1
n_id2121,0.18200438116344927,0.5845011715755849,-1,-1
n_id2122,0.19245569968347423,0.5823118255336693,-1,-1
n_id2123,0.19924905118455588,0.5810119052559011,-1,-1
n_id2124,0.20353409160290378,0.5800540656471806,-1,-1
n_id2125,0.23880728213685415,0.8288011386439812,-1,-1
n_id2126,0.23896405340088273,0.8276038410407677,-1,-1
n_id2127,0.23964338971666865,0.8263894390225744,-1,-1
n_id2128,0.24165526429163287,0.8243711371305679,-1,-1
n_id2129,0.2416813928356546,0.8236014460867473,-1,-1
n_id2130,0.2417336499236641,0.8231909439423564,-1,-1
n_id2131,0.24181203555566144,0.8230370042074383,-1,-1
n_id2132,0.24241298623945004,0.8218055015896336,-1,-1
n_id2133,0.24267426585112584,0.8202319106720108,-1,-1
n_id2134,0.24332747362289003,0.8188293600889177,-1,-1
n_id2135,0.24369327323899065,0.8173070824162677,-1,-1
n_id2136,0.24439873809876436,0.8162295157180016,-1,-1
n_id2137,0.2446600177104741,0.8156821782536724,-1,-1
n_id2138,0.245130325674188,0.8149638004548246,-1,-1
n_id2139,0.24625384140970003,0.8120218715994811,-1,-1
n_id2140,0.24711607753353623,0.8099009432175291,-1,-1
n_id2141,0.24776928530530043,0.8085326052797972,-1,-1
n_id2142,0.24784767093729776,0.8069248055321927,-1,-1
n_id2143,0.24823959326901432,0.8054880461191066,-1,-1
n_id2144,0.24847475016507414,0.8042907485159043,-1,-1
n_id2145,0.2489711866728098,0.8030934547280925,-1,-1
n_id2146,0.24954600881257666,0.8018277394649154,-1,-1
n_id2147,0.24996405968831495,0.799518666333454,-1,-1
n_id2148,0.250983061247774,0.7974148423665041,-1,-1
n_id2149,0.2513488608638746,0.7956017934543993,-1,-1
n_id2150,0.25213271135567955,0.7938058451418839,-1,-1
n_id2151,0.2532300985471699,0.792266463054243,-1,-1
n_id2152,0.25328235563517937,0.7916507117453517,-1,-1
n_id2153,0.2540923288426343,0.7895297833633997,-1,-1
n_id2154,0.25406620029861254,0.7881614454256789,-1,-1
n_id2155,0.2550329505984678,0.7860405170437269,-1,-1
n_id2156,0.25513746477448684,0.7853392436598701,-1,-1
n_id2157,0.2562348519659772,0.7824657324644901,-1,-1
n_id2158,0.25628710905398666,0.7813368487058497,-1,-1
n_id2159,0.256940310997413,0.7792501329692811,-1,-1
n_id2160,0.2576719044012084,0.7775226023167404,-1,-1
n_id2161,0.2584296263489917,0.7757779710645992,-1,-1
n_id2162,0.2593702422764534,0.7740846492420403,-1,-1
n_id2163,0.25963152771653497,0.7728018295638723,-1,-1
n_id2164,0.25999732150422983,0.7715361181160969,-1,-1
n_id2165,0.26138212267978944,0.7695862338840539,-1,-1
n_id2166,0.2616172795758493,0.7689704787597721,-1,-1
n_id2167,0.2622704873476135,0.7674995143320948,-1,-1
n_id2168,0.26300207492303707,0.7656180477600265,-1,-1
n_id2169,0.26347238288678493,0.7635313282080562,-1,-1
n_id2170,0.26373366832683254,0.7625563879997356,-1,-1
n_id2171,0.2636291541508135,0.7615130263160497,-1,-1
n_id2172,0.26438687609859673,0.7593749973345084,-1,-1
n_id2173,0.26496169823836363,0.7581263864863333,-1,-1
n_id2174,0.26543200620211144,0.7571856512925929,-1,-1
n_id2175,0.26569329164215905,0.7563817552341923,-1,-1
n_id2176,0.2662419852379042,0.7553554979654972,-1,-1
n_id2177,0.26666003611364253,0.7544147665871583,-1,-1
n_id2178,0.26760065786947607,0.7531319469090014,-1,-1
n_id2179,0.26788806602517357,0.7521398984702882,-1,-1
n_id2180,0.26827998835689015,0.7512333759219312,-1,-1
n_id2181,0.26890706758466654,0.7503610583881652,-1,-1
n_id2182,0.26937738137675227,0.7492321784449265,-1,-1
n_id2183,0.26992607497249743,0.7475046477923858,-1,-1
n_id2184,0.27070991963593055,0.7469231053134652,-1,-1
n_id2185,0.27149377012773557,0.7456744944652901,-1,-1
n_id2186,0.27285244275930737,0.742886501529463,-1,-1
n_id2187,0.2732182365470022,0.7422023325605971,-1,-1
n_id2188,0.2738453157747786,0.7414155371017858,-1,-1
n_id2189,0.2745769091785741,0.7404234886630836,-1,-1
n_id2190,0.27473368044260266,0.740115613008638,-1,-1
n_id2191,0.2756481678260766,0.7388670021604519,-1,-1
n_id2192,0.2765365324939006,0.7378407487071584,-1,-1
n_id2193,0.277189734437293,0.737088162078329,-1,-1
n_id2194,0.27860066415687434,0.7357540291551883,-1,-1
n_id2195,0.27982869406840544,0.7345567353673764,-1,-1
n_id2196,0.28071705873622943,0.7336673134186197,-1,-1
n_id2197,0.28097833834790525,0.7332910201042104,-1,-1
n_id2198,0.28178831738373195,0.7313924491171402,-1,-1
n_id2199,0.2821541111714268,0.7295109825450719,-1,-1
n_id2200,0.28228475389146757,0.7285018296913788,-1,-1
n_id2201,0.28236313952346487,0.7271677005836287,-1,-1
n_id2202,0.28241539661150833,0.7264493189693904,-1,-1
n_id2203,0.2825199049591556,0.7261243388999539,-1,-1
n_id2204,0.2827811903992032,0.724345498817831,-1,-1
n_id2205,0.2827811903992032,0.7220193212713787,-1,-1
n_id2206,0.2827550618552154,0.7198983928894267,-1,-1
n_id2207,0.28267667622318415,0.7187010952862244,-1,-1
n_id2208,0.28241539661150833,0.717674841832931,-1,-1
n_id2209,0.28228475389146757,0.7171959220285653,-1,-1
n_id2210,0.28191895427540087,0.7138263866138287,-1,-1
n_id2211,0.28202346845141996,0.7129540690800629,-1,-1
n_id2212,0.2823892680674866,0.7115173134823785,-1,-1
n_id2213,0.2827550618552154,0.7104568473837016,-1,-1
n_id2214,0.2830686043832725,0.7095503248353446,-1,-1
n_id2215,0.283251498362951,0.7089003608810699,-1,-1
n_id2216,0.2834605267149891,0.7068136451445013,-1,-1
n_id2217,0.2835389123469864,0.7059071187807537,-1,-1
n_id2218,0.28359116943499596,0.7046414035175766,-1,-1
n_id2219,0.2836695550670272,0.7031875435048902,-1,-1
n_id2220,0.2834605267149891,0.7016994746622331,-1,-1
n_id2221,0.2833560125389701,0.7005192814740105,-1,-1
n_id2222,0.2836695550670272,0.6998522169201467,-1,-1
n_id2223,0.28398309176674646,0.6988430640664425,-1,-1
n_id2224,0.28406147739874377,0.6976115576332583,-1,-1
n_id2225,0.28421824866277234,0.6963287417704809,-1,-1
n_id2226,0.28479307080253924,0.6947722552678491,-1,-1
n_id2227,0.28502822187022725,0.694378857538449,-1,-1
n_id2228,0.2852372502222653,0.6920697844069876,-1,-1
n_id2229,0.2853156358542966,0.6911974668732218,-1,-1
n_id2230,0.2856291725539819,0.6898120207051085,-1,-1
n_id2231,0.28552465837796287,0.6878279314584853,-1,-1
n_id2232,0.28573368673000094,0.6870069271696921,-1,-1
n_id2233,0.28623012323773656,0.6848517899577583,-1,-1
n_id2234,0.28656979430981544,0.6836887011845377,-1,-1
n_id2235,0.2866481799418467,0.6826111344862718,-1,-1
n_id2236,0.286622051397825,0.6815164633730036,-1,-1
n_id2237,0.2868833310095347,0.6804046878447557,-1,-1
n_id2238,0.2869355880975442,0.6801139127898994,-1,-1
n_id2239,0.2870923593615728,0.6784890124427057,-1,-1
n_id2240,0.28730138188523907,0.677154879519565,-1,-1
n_id2241,0.286961716641532,0.6756154974319241,-1,-1
n_id2242,0.28698784518555376,0.673699822029874,-1,-1
n_id2243,0.2867526882894939,0.6722630664321785,-1,-1
n_id2244,0.28672655974550615,0.6715446848179402,-1,-1
n_id2245,0.2871184879055606,0.6696119050008992,-1,-1
n_id2246,0.2869355880975442,0.668551442717624,-1,-1
n_id2247,0.28672655974550615,0.666841016480063,-1,-1
n_id2248,0.2867004312014844,0.6652674255624514,-1,-1
n_id2249,0.286857202465513,0.6642411721091469,-1,-1
n_id2250,0.286857202465513,0.6635570031402921,-1,-1
n_id2251,0.28704010227356325,0.6621031431276057,-1,-1
n_id2252,0.2870923593615728,0.6607861146194559,-1,-1
n_id2253,0.28714461644958233,0.6592980457767988,-1,-1
n_id2254,0.28730138188523907,0.6580494349286127,-1,-1
n_id2255,0.2876671815013397,0.6568863461553921,-1,-1
n_id2256,0.28761492441333014,0.6563732175210446,-1,-1
n_id2257,0.28787620402500597,0.6547654177734401,-1,-1
n_id2258,0.28829426072908215,0.6535852245852286,-1,-1
n_id2259,0.28808523237704403,0.6522681998924694,-1,-1
n_id2260,0.2879545896570372,0.6499933355909899,-1,-1
n_id2261,0.28808523237704403,0.6485394717629129,-1,-1
n_id2262,0.2880591038330563,0.6473763829896924,-1,-1
n_id2263,0.2883987749051012,0.6458198964870606,-1,-1
n_id2264,0.2883465178170917,0.6442805143994197,-1,-1
n_id2265,0.2881897465530631,0.6421937986628511,-1,-1
n_id2266,0.28829426072908215,0.6408083524947378,-1,-1
n_id2267,0.2883987749051012,0.6397649946264535,-1,-1
n_id2268,0.2883987749051012,0.6393887013120443,-1,-1
n_id2269,0.2888168257808395,0.6377809015644398,-1,-1
n_id2270,0.28894746850088027,0.6362415194767989,-1,-1
n_id2271,0.28907810539254924,0.6347363462191398,-1,-1
n_id2272,0.2888952114128707,0.6335732574459192,-1,-1
n_id2273,0.28850328325278235,0.6325812090072059,-1,-1
n_id2274,0.2882420036410726,0.6319654576983147,-1,-1
n_id2275,0.2882420036410726,0.6311444534095216,-1,-1
n_id2276,0.28803297528903454,0.6291774647624877,-1,-1
n_id2277,0.28792846111301545,0.628219628969158,-1,-1
n_id2278,0.2875365387812989,0.6266460380515352,-1,-1
n_id2279,0.2875104102372772,0.6249356118139853,-1,-1
n_id2280,0.28737976751727035,0.6240632942802194,-1,-1
n_id2281,0.2868310739215252,0.6228488922620262,-1,-1
n_id2282,0.28672655974550615,0.6201122125711719,-1,-1
n_id2283,0.28672655974550615,0.6191714811928329,-1,-1
n_id2284,0.2864391515898086,0.6180939144945669,-1,-1
n_id2285,0.2860211007140703,0.6172900146207647,-1,-1
n_id2286,0.2856030440099941,0.6159045684526513,-1,-1
n_id2287,0.2851849931342558,0.6146046481748941,-1,-1
n_id2288,0.2849759647822177,0.61376653947111,-1,-1
n_id2289,0.2845056568184699,0.6117824464090852,-1,-1
n_id2290,0.28395696322272473,0.6107048797108192,-1,-1
n_id2291,0.28312085564291023,0.6089431402282965,-1,-1
n_id2292,0.2826244191351746,0.6079853044349668,-1,-1
n_id2293,0.2819712113634104,0.6069932559962646,-1,-1
n_id2294,0.28121349524396505,0.6061209384624877,-1,-1
n_id2295,0.2805341589281791,0.60518020708416,-1,-1
n_id2296,0.2794890288246984,0.6025290494682601,-1,-1
n_id2297,0.27880969250891247,0.601537001029558,-1,-1
n_id2298,0.27771230531742214,0.6003054945963627,-1,-1
n_id2299,0.27666716938556957,0.5991081969931603,-1,-1
n_id2300,0.27601396161377145,0.598252987689776,-1,-1
n_id2301,0.27562203928205486,0.5976543369804739,-1,-1
n_id2302,0.5034411157958263,0.919457926168552,-1,-1
n_id2303,0.5049565538630548,0.9168238691522524,-1,-1
n_id2304,0.5082487212658976,0.9127188515236884,-1,-1
n_id2305,0.510338981472893,0.908066496430784,-1,-1
n_id2306,0.5115931399284458,0.9063902790232159,-1,-1
n_id2307,0.5119589395445125,0.9058771503888683,-1,-1
n_id2308,0.5159304374348033,0.9009511284715,-1,-1
n_id2309,0.5179161892941175,0.8988302000895592,-1,-1
n_id2310,0.5196406557134182,0.8960935203987047,-1,-1
n_id2311,0.5222012238841276,0.893185800373343,-1,-1
n_id2312,0.5238734390437565,0.8913043338012747,-1,-1
n_id2313,0.5249185691472373,0.8886018629404133,-1,-1
n_id2314,0.5257024138106705,0.8868914367028523,-1,-1
n_id2315,0.5263294930384469,0.8848047171508931,-1,-1
n_id2316,0.5301964825810904,0.8776893530070109,-1,-1
n_id2317,0.5316074123006378,0.8756710511150043,-1,-1
n_id2318,0.5329138220158283,0.8729343714241611,-1,-1
n_id2319,0.5339067008596714,0.8697187719289521,-1,-1
n_id2320,0.5361537323306954,0.8646559146916566,-1,-1
n_id2321,0.5361537323306954,0.8641769948872908,-1,-1
n_id2322,0.5391323572055149,0.8588404708255315,-1,-1
n_id2323,0.5398639506092764,0.8566169197690247,-1,-1
n_id2324,0.5409613378008007,0.8545302002170545,-1,-1
n_id2325,0.5419542108162719,0.8511093515573452,-1,-1
n_id2326,0.5428948325721055,0.8484410895264656,-1,-1
n_id2327,0.5439399626756202,0.8467306632889158,-1,-1
n_id2328,0.5449328356910914,0.8440966100880178,-1,-1
n_id2329,0.5454031436548392,0.8427624771648772,-1,-1
n_id2330,0.5469708446384153,0.8405047172783997,-1,-1
n_id2331,0.548799825233701,0.8376312060830087,-1,-1
n_id2332,0.5503675203889731,0.8346208557522999,-1,-1
n_id2333,0.5515171646684729,0.8320894290413585,-1,-1
n_id2334,0.5519352155442112,0.8289764560360949,-1,-1
n_id2335,0.5532938881757491,0.826171358685277,-1,-1
n_id2336,0.553868710315516,0.8239135987987994,-1,-1
n_id2337,0.5551751258590444,0.8208690434534995,-1,-1
n_id2338,0.5565337984906162,0.8184402394171019,-1,-1
n_id2339,0.5575266715060875,0.8154983067463567,-1,-1
n_id2340,0.5576834427701161,0.8126932132109405,-1,-1
n_id2341,0.5584150303455736,0.80981969820017,-1,-1
n_id2342,0.5584150303455736,0.808040858118047,-1,-1
n_id2343,0.5586240586976117,0.8046200056429361,-1,-1
n_id2344,0.5601395025931781,0.8009254901587631,-1,-1
n_id2345,0.5608188330806262,0.7977783083235177,-1,-1
n_id2346,0.5613414039607214,0.7949732109727109,-1,-1
n_id2347,0.5618117119244692,0.7932285797205698,-1,-1
n_id2348,0.5616026835723973,0.7904919000297265,-1,-1
n_id2349,0.561968477360126,0.7871052563845975,-1,-1
n_id2350,0.562752327851931,0.7837528253848518,-1,-1
n_id2351,0.5623865340642022,0.7815292743283561,-1,-1
n_id2352,0.5623342769761926,0.780024101070697,-1,-1
n_id2353,0.5627000707639215,0.7772190037198902,-1,-1
n_id2354,0.5631703787276353,0.7751664929979017,-1,-1
n_id2355,0.563431664167717,0.7732166087658698,-1,-1
n_id2356,0.5635361783437359,0.7717114355082108,-1,-1
n_id2357,0.5633794070797074,0.7696247159562405,-1,-1
n_id2358,0.5635884354317455,0.7674353737297266,-1,-1
n_id2359,0.5640587433954594,0.7645276498889633,-1,-1
n_id2360,0.5639019721314308,0.7604910499203517,-1,-1
n_id2361,0.5639019721314308,0.7583017038784472,-1,-1
n_id2362,0.5639019721314308,0.7561123616519221,-1,-1
n_id2363,0.5633794070797074,0.7538546017654335,-1,-1
n_id2364,0.5632748929036884,0.7517336733834925,-1,-1
n_id2365,0.5632226358156788,0.7499206244713879,-1,-1
n_id2366,0.5640064863074499,0.7474234027750266,-1,-1
n_id2367,0.5642677717475314,0.7435236343109517,-1,-1
n_id2368,0.5642677717475314,0.7425315896876401,-1,-1
n_id2369,0.5644245371831882,0.740855372280072,-1,-1
n_id2370,0.5646858226232357,0.7391107410279308,-1,-1
n_id2371,0.5641110004834688,0.7371950656258808,-1,-1
n_id2372,0.5641110004834688,0.7353820128983743,-1,-1
n_id2373,0.5643200288355409,0.7338768396407153,-1,-1
n_id2374,0.5646335655352263,0.7319269554086834,-1,-1
n_id2375,0.5660444952548076,0.7304901998109878,-1,-1
n_id2376,0.5669328540942599,0.7293271110377674,-1,-1
n_id2377,0.5678734758500934,0.7281640222645468,-1,-1
n_id2378,0.5685528063375075,0.7268640981713879,-1,-1
n_id2379,0.5690753772176027,0.725495760233656,-1,-1
n_id2380,0.5691276284772744,0.7246063382848993,-1,-1
n_id2381,0.5698069647930603,0.7236484986761789,-1,-1
n_id2382,0.5690231201295932,0.7201592323565061,-1,-1
n_id2383,0.5685528063375075,0.719509272217622,-1,-1
n_id2384,0.5676644474980552,0.7181067254499194,-1,-1
n_id2385,0.5671418824462979,0.7172173035011515,-1,-1
n_id2386,0.5666193173945745,0.7164647168723219,-1,-1
n_id2387,0.5660967523428171,0.7157121302435036,-1,-1
n_id2388,0.565574181462688,0.7148569171247174,-1,-1
n_id2389,0.5652606447630026,0.7143779973203629,-1,-1
n_id2390,0.5649471022349455,0.7137964548414423,-1,-1
n_id2391,0.5648425938872643,0.7134201615270331,-1,-1
n_id2392,0.5642155146595219,0.712838615232722,-1,-1
n_id2393,0.5638497150434213,0.712393904258338,-1,-1
n_id2394,0.5634839212557264,0.7118807794393922,-1,-1
n_id2395,0.562752327851931,0.711128188995172,-1,-1
n_id2396,0.5623342769761926,0.7099308952073603,-1,-1
n_id2397,0.5620207344481355,0.7085283446242561,-1,-1
n_id2398,0.5614981693963782,0.7070573801965787,-1,-1
n_id2399,0.5611323756086833,0.705723247273438,-1,-1
n_id2400,0.560714324732945,0.7038759895313516,-1,-1
n_id2401,0.5603485251168784,0.7017208561348194,-1,-1
n_id2402,0.5596691888010924,0.7001814740471785,-1,-1
n_id2403,0.5593556521014071,0.6975816258608719,-1,-1
n_id2404,0.5587808299616402,0.6966922077275057,-1,-1
n_id2405,0.5587808299616402,0.6960764526032128,-1,-1
n_id2406,0.5584672874335831,0.6950501991499194,-1,-1
n_id2407,0.5581014936458543,0.6931003149178764,-1,-1
n_id2408,0.5574744144180779,0.6912872621903811,-1,-1
n_id2409,0.557108620630383,0.6898162977627038,-1,-1
n_id2410,0.5571608777183926,0.6889952934739106,-1,-1
n_id2411,0.557108620630383,0.6885505824995378,-1,-1
n_id2412,0.5567428210142825,0.6869427865673239,-1,-1
n_id2413,0.5567950781023259,0.6838982274066334,-1,-1
n_id2414,0.5566383068382634,0.6812641742057355,-1,-1
n_id2415,0.5559589763508493,0.6789722054892651,-1,-1
n_id2416,0.5556976909108017,0.6765776102828492,-1,-1
n_id2417,0.5554886625587636,0.6752434811751102,-1,-1
n_id2418,0.5553318971231068,0.6747645613707445,-1,-1
n_id2419,0.5548615833309872,0.6720962993398648,-1,-1
n_id2420,0.5548093320713495,0.6702490377823878,-1,-1
n_id2421,0.5543912753672733,0.6687096556947469,-1,-1
n_id2422,0.5540254815795446,0.6674781530769532,-1,-1
n_id2423,0.5537641961394969,0.6656993091794287,-1,-1
n_id2424,0.553868710315516,0.6636467984574513,-1,-1
n_id2425,0.5536596819634778,0.6618337495453467,-1,-1
n_id2426,0.5528235802120351,0.6596101984888398,-1,-1
n_id2427,0.5527713231239917,0.6581392340611625,-1,-1
n_id2428,0.5523532722482873,0.6549920522259283,-1,-1
n_id2429,0.5521442438962493,0.6538631722826784,-1,-1
n_id2430,0.5520919868082398,0.650715990447433,-1,-1
n_id2431,0.5521442438962493,0.6491081906998285,-1,-1
n_id2432,0.5520919868082398,0.6468846358279311,-1,-1
n_id2433,0.5519874726322207,0.6455847155501739,-1,-1
n_id2434,0.5523532722482873,0.6434979959982148,-1,-1
n_id2435,0.5522487580722683,0.6423691160549649,-1,-1
n_id2436,0.5520919868082398,0.6413428626016715,-1,-1
n_id2437,0.5520919868082398,0.6404534406529148,-1,-1
n_id2438,0.5519874726322207,0.6390166850552194,-1,-1
n_id2439,0.55183070719653,0.6379904277865354,-1,-1
n_id2440,0.5519874726322207,0.6357326679000468,-1,-1
n_id2441,0.5518829584562016,0.6342617034723694,-1,-1
n_id2442,0.5514649075804633,0.6322091927503921,-1,-1
n_id2443,0.5516739359325015,0.6303961438382875,-1,-1
n_id2444,0.5518829584562016,0.6288909705806284,-1,-1
n_id2445,0.5518829584562016,0.6263937488842671,-1,-1
n_id2446,0.5517784501085204,0.6239649448478695,-1,-1
n_id2447,0.5516739359325015,0.6224939804201921,-1,-1
n_id2448,0.5516216788444919,0.6212966828169898,-1,-1
n_id2449,0.5513603934044443,0.6195862603948304,-1,-1
n_id2450,0.5513081363164347,0.6178416253272988,-1,-1
n_id2451,0.5510468567047251,0.6161311990897378,-1,-1
n_id2452,0.5514649075804633,0.61366819003876,-1,-1
n_id2453,0.55183070719653,0.611718305806717,-1,-1
n_id2454,0.551726193020511,0.6105894258634782,-1,-1
n_id2455,0.5512558792284252,0.6087079554760083,-1,-1
n_id2456,0.5495314128091585,0.605321315646292,-1,-1
n_id2457,0.5496359269851776,0.6049450223318716,-1,-1
n_id2458,0.5496881840731871,0.6046029378474442,-1,-1
n_id2459,0.5495314128091585,0.6024820094654922,-1,-1
n_id2460,0.5488520823217444,0.6009084185478695,-1,-1
n_id2461,0.5483817685296248,0.5978980720325624,-1,-1
n_id2462,0.548120488917949,0.5950245608371715,-1,-1
n_id2463,0.5480682318299395,0.5930404677751577,-1,-1
n_id2464,0.548225003093968,0.5902353704243397,-1,-1
n_id2465,0.5481727460059586,0.588935446331192,-1,-1
n_id2466,0.5479114605659109,0.5868145217646306,-1,-1
n_id2467,0.5477546893018485,0.5842830912382875,-1,-1
n_id2468,0.5474411526021631,0.5819227048618535,-1,-1
n_id2469,0.5475456667781822,0.5799728206298216,-1,-1
n_id2470,0.5473888955141536,0.5784334385421807,-1,-1
n_id2471,0.5471798671621154,0.5771677232790147,-1,-1
n_id2472,0.5475979238661917,0.5761414698257102,-1,-1
n_id2473,0.5471276100741059,0.5737810834492874,-1,-1
n_id2474,0.547336638426144,0.5729600791604942,-1,-1
n_id2475,0.5473888955141536,0.5707707369339691,-1,-1
n_id2476,0.5475979238661917,0.568855061531919,-1,-1
n_id2477,0.5483817685296248,0.5644079556035148,-1,-1
n_id2478,0.5491133619334202,0.5608502716238783,-1,-1
n_id2479,0.5487475681456915,0.5598582270005668,-1,-1
n_id2480,0.5500539836892537,0.556608418675376,-1,-1
n_id2481,0.5514649075804633,0.5537691163099779,-1,-1
n_id2482,0.5518829584562016,0.5513745211035621,-1,-1
n_id2483,0.5523010151602779,0.5490483435571099,-1,-1
n_id2484,0.5527190660359822,0.5470300416651032,-1,-1
n_id2485,0.5532416310877396,0.54562749108201,-1,-1
n_id2486,0.553973224491535,0.5439854863198144,-1,-1
n_id2487,0.5563770272265877,0.5421382247623261,-1,-1
n_id2488,0.5576311856821065,0.5413856381335077,-1,-1
n_id2489,0.559251137925388,0.5405304288301234,-1,-1
n_id2490,0.562752327851931,0.5389226290825189,-1,-1
n_id2491,0.5642155146595219,0.5383410827882077,-1,-1
n_id2492,0.565574181462688,0.537212202844969,-1,-1
n_id2493,0.5713224086886267,0.5338597718452234,-1,-1
n_id2494,0.5743532906514558,0.532217763267637,-1,-1
n_id2495,0.5769661159101747,0.5309178391744782,-1,-1
n_id2496,0.5782202743657274,0.5301994613756305,-1,-1
n_id2497,0.5798924836969847,0.5293442482568554,-1,-1
n_id2498,0.5824008006080563,0.5281127418236713,-1,-1
n_id2499,0.5854316825708853,0.5266759862259758,-1,-1
n_id2500,0.5877832282179284,0.5255813151127189,-1,-1
n_id2501,0.5899257455129334,0.52428139101956,-1,-1
n_id2502,0.590761853092714,0.523597222050694,-1,-1
n_id2503,0.5923295482479521,0.5226735912719555,-1,-1
n_id2504,0.596823617018372,0.5199711204110941,-1,-1
n_id2505,0.5990706484893961,0.5187738228078805,-1,-1
n_id2506,0.600533835296953,0.51761073403466,-1,-1
n_id2507,0.6031466605557059,0.5162423960969281,-1,-1
n_id2508,0.6050801553270106,0.5151477249836711,-1,-1
n_id2509,0.6080587802018301,0.5137793832305487,-1,-1
n_id2510,0.6108283767245776,0.5125478767973645,-1,-1
n_id2511,0.6156359821946829,0.5102901169108759,-1,-1
n_id2512,0.6194507146493168,0.5082376061888986,-1,-1
n_id2513,0.6216977461203409,0.5075534372200327,-1,-1
n_id2514,0.6246241139071169,0.5056719706479643,-1,-1
n_id2515,0.6278117671339745,0.504029962070378,-1,-1
n_id2516,0.6296407477292603,0.50293529095711,-1,-1
n_id2517,0.6316264937602367,0.5018064110138711,-1,-1
n_id2518,0.6337167597955701,0.5007117399006142,-1,-1
n_id2519,0.6374792351621945,0.4987618556685712,-1,-1
n_id2520,0.6386288794416943,0.49821451820425294,-1,-1
n_id2521,0.6401965745969325,0.4972566824109232,-1,-1
n_id2522,0.6422345835442902,0.4961620074822645,-1,-1
n_id2523,0.6451609513310662,0.4935621631113485,-1,-1
n_id2524,0.6470421831860236,0.4919201545337622,-1,-1
n_id2525,0.6486098841696336,0.49020973211160285,-1,-1
n_id2526,0.6514839948684,0.4883624705541258,-1,-1
n_id2527,0.6534174896397388,0.4869599237864121,-1,-1
n_id2528,0.6547761564429389,0.485283706378844,-1,-1
n_id2529,0.655089698970996,0.48477058155989816,-1,-1
n_id2530,0.657807038405734,0.48169181738461636,-1,-1
n_id2531,0.6595837619130102,0.4793314310081823,-1,-1
n_id2532,0.6617785421243965,0.4759789961930462,-1,-1
n_id2533,0.6634507514556537,0.47389228045647763,-1,-1
n_id2534,0.6648094240872255,0.4723528983688367,-1,-1
n_id2535,0.667788048962011,0.46954780101801874,-1,-1
n_id2536,0.6686764078014972,0.468247876924871,-1,-1
n_id2537,0.6709756963605308,0.46544277957405306,-1,-1
n_id2538,0.6720208264640115,0.46404023280635043,-1,-1
n_id2539,0.6739020641473068,0.4622613927242275,-1,-1
n_id2540,0.6746336575511023,0.4611325089655871,-1,-1
n_id2541,0.6759923301826741,0.4602088820022391,-1,-1
n_id2542,0.6790754692334787,0.4586352910846164,-1,-1
n_id2543,0.6831514812997885,0.45695907367704836,-1,-1
n_id2544,0.6846669193670171,0.45630911353816417,-1,-1
n_id2545,0.6858688207345603,0.45562494456930935,-1,-1
n_id2546,0.6873842646301608,0.4547355226205415,-1,-1
n_id2547,0.6894745248371223,0.45343559852739374,-1,-1
n_id2548,0.6908854545567037,0.4527856383885096,-1,-1
n_id2549,0.6935505369034322,0.45182779877978924,-1,-1
n_id2550,0.6945434157472752,0.45114362981092326,-1,-1
n_id2551,0.6963201392545854,0.45011737635762994,-1,-1
n_id2552,0.697940091497833,0.4495358300633188,-1,-1
n_id2553,0.6988807074252947,0.44898849641439115,-1,-1
n_id2554,0.6995077866530711,0.44881745226447106,-1,-1
n_id2555,0.7005006654969141,0.4469359856924027,-1,-1
n_id2556,0.7012322530723378,0.4446782258059141,-1,-1
n_id2557,0.7018593323001142,0.442591506253955,-1,-1
n_id2558,0.7026954398799287,0.44002587071302074,-1,-1
n_id2559,0.703008976579614,0.43862332012991645,-1,-1
n_id2560,0.7038450841594285,0.435920849269055,-1,-1
n_id2561,0.7044199062991954,0.43390254737704836,-1,-1
n_id2562,0.7055695505786952,0.43178162281049803,-1,-1
n_id2563,0.706928223210267,0.4288054813097711,-1,-1
n_id2564,0.7076598166140625,0.4268555970777392,-1,-1
n_id2565,0.7077120678737002,0.4239820858823482,-1,-1
n_id2566,0.7086526896295338,0.4220664104802981,-1,-1
n_id2567,0.7097500768210241,0.4181666420162231,-1,-1
n_id2568,0.7108997211005578,0.4162167577841912,-1,-1
n_id2569,0.7122583937320958,0.413890580237739,-1,-1
n_id2570,0.7131467525715819,0.41125652322145057,-1,-1
n_id2571,0.7138783459753434,0.4092382251448456,-1,-1
n_id2572,0.7145054252031198,0.40732254974278437,-1,-1
n_id2573,0.7155505553066345,0.40420957673753194,-1,-1
n_id2574,0.7163866628864151,0.4024991504999709,-1,-1
n_id2575,0.7170137421141914,0.40075451543243923,-1,-1
n_id2576,0.7182679005697442,0.39729945794274824,-1,-1
n_id2577,0.719208516497206,0.3956574531805525,-1,-1
n_id2578,0.7205149320407682,0.39398123577298444,-1,-1
n_id2579,0.7226574493357394,0.39028671647342084,-1,-1
n_id2580,0.7231800143874967,0.38891837853568895,-1,-1
n_id2581,0.7241206361433302,0.387378996448048,-1,-1
n_id2582,0.7253225375108395,0.38594223703496194,-1,-1
n_id2583,0.7272037751941688,0.38409497929287545,-1,-1
n_id2584,0.7284056765616781,0.38272664135515466,-1,-1
n_id2585,0.7322204031879402,0.3776295752878774,-1,-1
n_id2586,0.7336835899955312,0.37605598437025467,-1,-1
n_id2587,0.737759602061841,0.370172122844166,-1,-1
n_id2588,0.7389092463413408,0.36859853192654335,-1,-1
n_id2589,0.7398498622688364,0.3677091099777755,-1,-1
n_id2590,0.7417310999521317,0.366101310230171,-1,-1
n_id2591,0.7424626933559272,0.3653145147713708,-1,-1
n_id2592,0.7449710102669989,0.36226995942607076,-1,-1
n_id2593,0.7462251687225177,0.3603884928540025,-1,-1
n_id2594,0.74753158426608,0.35888331959634334,-1,-1
n_id2595,0.749674101561085,0.356830808874355,-1,-1
n_id2596,0.7505102091408656,0.3549835511322684,-1,-1
n_id2597,0.7513985679803518,0.35392308884899326,-1,-1
n_id2598,0.7543249357671278,0.350160151889455,-1,-1
n_id2599,0.7561016592744378,0.34827868531738665,-1,-1
n_id2600,0.7578783827817142,0.3461577607508363,-1,-1
n_id2601,0.7606479851328334,0.3436605390544751,-1,-1
n_id2602,0.7626337311638098,0.34184749014237037,-1,-1
n_id2603,0.7646717401111337,0.3400686462448458,-1,-1
n_id2604,0.7665007207064194,0.33716092621948407,-1,-1
n_id2605,0.7694270884932294,0.33510841549749565,-1,-1
n_id2606,0.771830891228282,0.3323375269766706,-1,-1
n_id2607,0.7730327925957914,0.3304902692345841,-1,-1
n_id2608,0.774861773191111,0.3288824694869796,-1,-1
n_id2609,0.7756978749425537,0.3275141315492477,-1,-1
n_id2610,0.776899776310063,0.32624841628608175,-1,-1
n_id2611,0.7796171215731728,0.32320386094078174,-1,-1
n_id2612,0.7814983534281301,0.32108293255882975,-1,-1
n_id2613,0.7825434893599827,0.3200224702755546,-1,-1
n_id2614,0.7839021561631828,0.3187225461824068,-1,-1
n_id2615,0.7850518004426826,0.31752524857919334,-1,-1
n_id2616,0.7869852952140214,0.31625953331601625,-1,-1
n_id2617,0.7898071488247783,0.3152332798627229,-1,-1
n_id2618,0.7928380307876074,0.3122913510073794,-1,-1
n_id2619,0.7945102459472363,0.3107861739343298,-1,-1
n_id2620,0.7970185570299362,0.30887049853227966,-1,-1
n_id2621,0.7998926735570745,0.307023240790182,-1,-1
n_id2622,0.8018261625000415,0.3051759830480955,-1,-1
n_id2623,0.8038641714473652,0.30319188998608176,-1,-1
n_id2624,0.8066337679701466,0.30137884107397706,-1,-1
n_id2625,0.8083059773014039,0.2995999971764636,-1,-1
n_id2626,0.8112323450882138,0.29747907260990214,-1,-1
n_id2627,0.8139496903513236,0.2960081043668343,-1,-1
n_id2628,0.8163534930863762,0.2948108105790225,-1,-1
n_id2629,0.8176599086299046,0.2940582201348024,-1,-1
n_id2630,0.8186527816454098,0.29340825999591824,-1,-1
n_id2631,0.8198546830129191,0.293031966681509,-1,-1
n_id2632,0.8198938729147488,0.29188598232326823,-1,-1
n_id2633,0.8198938729147488,0.2913557492739409,-1,-1
n_id2634,0.8202596725308154,0.29085972886997485,-1,-1
n_id2635,0.8205732092305348,0.2903123914056455,-1,-1
n_id2636,0.8210957742822921,0.2895427003618251,-1,-1
n_id2637,0.8214093168103492,0.28885853139297024,-1,-1
n_id2638,0.8220886531261351,0.2881572580091134,-1,-1
n_id2639,0.8233689401256757,0.28714810515542033,-1,-1
n_id2640,0.8248059925608731,0.2862757876216434,-1,-1
n_id2641,0.825824994120366,0.2857626628026976,-1,-1
n_id2642,0.8269746442282377,0.28482192760896813,-1,-1
n_id2643,0.8280459028757402,0.28382988298565653,-1,-1
n_id2644,0.8301361630827356,0.28215366557808846,-1,-1
n_id2645,0.8313903215382545,0.2810589944648204,-1,-1
n_id2646,0.8320174007660309,0.2806484923204294,-1,-1
n_id2647,0.8328012512578359,0.279861696861618,-1,-1
n_id2648,0.8338202528173289,0.2787499213333701,-1,-1
n_id2649,0.8349437685528409,0.27755262373015666,-1,-1
n_id2650,0.836746620604105,0.2759619283975431,-1,-1
n_id2651,0.8381314217796646,0.2747646307943407,-1,-1
n_id2652,0.8396991169349366,0.2736357508510909,-1,-1
n_id2653,0.8419984054939362,0.27206215993346816,-1,-1
n_id2654,0.8425993561777249,0.27172007544904075,-1,-1
n_id2655,0.844950901824768,0.27040304694089096,-1,-1
n_id2656,0.845734752316539,0.2696846691420543,-1,-1
n_id2657,0.8469105251400606,0.26841895387887726,-1,-1
n_id2658,0.8486611201033489,0.2672729695206476,-1,-1
n_id2659,0.849784635838861,0.26645196523185444,-1,-1
n_id2660,0.8519271589622038,0.26504941846414076,-1,-1
n_id2661,0.8538606479051708,0.2635955584514543,-1,-1
n_id2662,0.8545399842209567,0.2627745541626612,-1,-1
n_id2663,0.8554806059767902,0.26200486311884075,-1,-1
n_id2664,0.8567086358883214,0.26099571026514773,-1,-1
n_id2665,0.858563739199257,0.2595589546674522,-1,-1
n_id2666,0.860235954358886,0.2584813879691862,-1,-1
n_id2667,0.8624307287419005,0.256394668417227,-1,-1
n_id2668,0.8636326301094098,0.25500922606450427,-1,-1
n_id2669,0.8644948604048742,0.25441057535520223,-1,-1
n_id2670,0.8652787108966792,0.2538803461212655,-1,-1
n_id2671,0.866193204108491,0.25321327775199987,-1,-1
n_id2672,0.8677608992637291,0.2521186066387318,-1,-1
n_id2673,0.8708962954025772,0.24992926441221786,-1,-1
n_id2674,0.8718630398740607,0.2492450954433519,-1,-1
n_id2675,0.8731694554175891,0.24808200667013133,-1,-1
n_id2676,0.8740316857130535,0.24738072947088394,-1,-1
n_id2677,0.8752597156245845,0.24633737160259966,-1,-1
n_id2678,0.8761742088363963,0.2455676805587792,-1,-1
n_id2679,0.877219338939911,0.24479798951495876,-1,-1
n_id2680,0.8783428546754231,0.24372042281668158,-1,-1
n_id2681,0.8788915482711682,0.24324150301232697,-1,-1
n_id2682,0.8798321700270018,0.24248891638349743,-1,-1
n_id2683,0.8800673210946898,0.24231787223358842,-1,-1
n_id2684,0.8814782508142711,0.24081269897592933,-1,-1
n_id2685,0.8823666096537234,0.23985486318259955,-1,-1
n_id2686,0.8828369234458091,0.23930752571827024,-1,-1
n_id2687,0.8831504601455283,0.23881150149891361,-1,-1
n_id2688,0.8833072314095569,0.23860625233441338,-1,-1
n_id2689,0.8853974916165184,0.2383496861095499,-1,-1
n_id2690,0.8866516500720713,0.23807601928507496,-1,-1
n_id2691,0.8873832434758667,0.23804181045509318,-1,-1
n_id2692,0.8885590162993882,0.23776814363062934,-1,-1
n_id2693,0.8890554528071238,0.23759709948072036,-1,-1
n_id2694,0.8894212524231905,0.2375628944661291,-1,-1
n_id2695,0.8930530792414024,0.2370668702467725,-1,-1
n_id2696,0.8948820598367221,0.23675899459232688,-1,-1
n_id2697,0.8990103289910414,0.23614323946803395,-1,-1
n_id2698,0.9015709029901225,0.23590378147355193,-1,-1
n_id2699,0.90434049951287,0.23566431966366824,-1,-1
n_id2700,0.9064307655482373,0.2353222351792408,-1,-1
n_id2701,0.9086255399312518,0.23515119484472238,-1,-1
n_id2702,0.9115519077180279,0.235048568354777,-1,-1
n_id2703,0.9136421737533952,0.23508277718475878,-1,-1
n_id2704,0.9169865924159095,0.2355274881591427,-1,-1
n_id2705,0.9192336238869335,0.23576694615362473,-1,-1
n_id2706,0.9222645058497286,0.23621165712799755,-1,-1
n_id2707,0.9284830410394153,0.23744316356119283,-1,-1
n_id2708,0.9287965777391345,0.23757999506572947,-1,-1
n_id2709,0.9305733012464107,0.238093123700077,-1,-1
n_id2710,0.936948607700092,0.23894833681885191,-1,-1
n_id2711,0.9389343537310684,0.23922200364331575,-1,-1
n_id2712,0.9406065630623256,0.23942725662320655,-1,-1
n_id2713,0.942905857449731,0.23983775876760866,-1,-1
n_id2714,0.9447870893046544,0.2399745902721453,-1,-1
n_id2715,0.9474521774797546,0.2403166747565727,-1,-1
n_id2716,0.9501172656548889,0.24082980339092022,-1,-1
n_id2717,0.9523120400378694,0.24113767904536584,-1,-1
n_id2718,0.9581125185234798,0.24233497664857934,-1,-1
n_id2719,0.9599414991187656,0.2425402296284701,-1,-1
n_id2720,0.9613524288383469,0.24288231411289754,-1,-1
n_id2721,0.9645400762368327,0.24322439859733608,-1,-1
n_id2722,0.9673619356759615,0.24339544274724506,-1,-1
n_id2723,0.9697427280403188,0.2434299033932927,-1,1
n_id2724,0.9395305018450598,0.2474191924660955,-1,1
n_id2725,0.9400839980106022,0.24620053628266136,-1,-1
n_id2726,0.9406065630623256,0.24507165633942257,-1,-1
n_id2727,0.9413381564661211,0.2436691095717089,-1,-1
n_id2728,0.9419129786058879,0.24236918547856112,-1,-1
n_id2729,0.942226521133945,0.24175343416965878,-1,-1
n_id2730,0.9426968290976928,0.2402482609119997,-1,-1
n_id2731,0.882967560337478,0.2371352879067472,-1,-1
n_id2732,0.8824972523737302,0.23597219913351553,-1,-1
n_id2733,0.8828630519898307,0.23426177289596564,-1,-1
n_id2734,0.8832811028655352,0.23289343495824485,-1,-1
n_id2735,0.8831765886895161,0.23169613735503136,-1,-1
n_id2736,0.8832811028655352,0.23073829774631105,-1,-1
n_id2737,0.8832811028655352,0.22950679131311577,-1,-1
n_id2738,0.8843784900570594,0.22663328011773587,-1,-1
n_id2739,0.8844307471450689,0.22505968920011318,-1,-1
n_id2740,0.884639775497107,0.22276772048364274,-1,-1
n_id2741,0.8853191059845211,0.22061258327172004,-1,-1
n_id2742,0.8851623405488305,0.21917582767402455,-1,-1
n_id2743,0.8852145976368738,0.21791011241084748,-1,-1
n_id2744,0.8853713630725306,0.21524185037996782,-1,-1
n_id2745,0.8855803914245687,0.21442084609117468,-1,-1
n_id2746,0.8855803914245687,0.2129840904934792,-1,-1
n_id2747,0.8856326485125783,0.21103420626144725,-1,-1
n_id2748,0.8856849056005878,0.20898169553946996,-1,-1
n_id2749,0.8856326485125783,0.20795544208616548,-1,-1
n_id2750,0.8855803914245687,0.20395304713215626,-1,-1
n_id2751,0.8850055692848019,0.20244787387449717,-1,-1
n_id2752,0.8846920267567447,0.20066902997697258,-1,-1
n_id2753,0.8844307471450689,0.19930069203925177,-1,-1
n_id2754,0.8842739758810403,0.19697451449279954,-1,-1
n_id2755,0.8840649533573401,0.19581142571957896,-1,-1
n_id2756,0.8835946395652544,0.19416941714199268,-1,-1
n_id2757,0.8832811028655352,0.19225374173993146,-1,-1
n_id2758,0.882967560337478,0.19081698614224707,-1,-1
n_id2759,0.8823927381977111,0.1889013069247953,-1,-1
n_id2760,0.8824449952857206,0.1844884136417745,-1,-1
n_id2761,0.8820269444100163,0.1825385294097426,-1,-1
n_id2762,0.8820269444100163,0.1808623120021745,-1,-1
n_id2763,0.8817134018819253,0.17908347192005158,-1,-1
n_id2764,0.8811908368302018,0.17716779651799036,-1,-1
n_id2765,0.8808773001304825,0.17504686813604947,-1,-1
n_id2766,0.8808773001304825,0.17333644189848849,-1,-1
n_id2767,0.8811385797421922,0.1703603042131632,-1,-1
n_id2768,0.8810340713945111,0.16885513095550408,-1,-1
n_id2769,0.8806682717784444,0.1674183753578197,-1,-1
n_id2770,0.8803547350787592,0.16591319828475895,-1,-1
n_id2771,0.8798321700270018,0.163894900208154,-1,-1
n_id2772,0.8795708845869541,0.16310810474934265,-1,-1
n_id2773,0.8795708845869541,0.1621502651406223,-1,-1
n_id2774,0.8796231416749637,0.16037142505849938,-1,-1
n_id2775,0.8799889354626586,0.15842154082646748,-1,-1
n_id2776,0.879936678374649,0.15616378093997885,-1,-1
n_id2777,0.8797276558509827,0.15305080793471526,-1,-1
n_id2778,0.8791528337112159,0.15110092370268333,-1,-1
n_id2779,0.8789438053591777,0.14976679077954266,-1,-1
n_id2780,0.8792050907992254,0.14757744855302873,-1,-1
n_id2781,0.8794141133229255,0.14692748459875402,-1,-1
n_id2782,0.8801457067266871,0.1452170621765947,-1,-1
n_id2783,0.8806160146904349,0.14333559178912472,-1,-1
n_id2784,0.8809818143065016,0.14131729371251978,-1,-1
n_id2785,0.881608893534278,0.13895690733608573,-1,-1
n_id2786,0.8823927381977111,0.13714385460859044,-1,-1
n_id2787,0.8828630519898307,0.13618601881526068,-1,-1
n_id2788,0.8834378741295638,0.1350229300420401,-1,-1
n_id2789,0.8844830042330785,0.1328335840001245,-1,-1
n_id2790,0.8847965409327637,0.13225204152120396,-1,-1
n_id2791,0.8858416768646163,0.13037057494913562,-1,-1
n_id2792,0.8864687502640209,0.12818122890722003,-1,-1
n_id2793,0.8893428667911932,0.1228447048454607,-1,-1
n_id2794,0.8897086605788881,0.12178424256218552,-1,-1
n_id2795,0.890597025246712,0.12031327813450823,-1,-1
n_id2796,0.8914853840861643,0.11887651872142217,-1,-1
n_id2797,0.8929485708937551,0.11617404786056071,-1,-1
n_id2798,0.893314364681484,0.11497675025734724,-1,-1
n_id2799,0.8937846726451978,0.11381366148412668,-1,-1
n_id2800,0.8955091390644645,0.111316443603156,-1,-1
n_id2801,0.8963975037322885,0.10994810185003354,-1,-1
n_id2802,0.8972336054837652,0.10861397274229455,-1,-1
n_id2803,0.8977039192758509,0.10796400878801983,-1,-1
n_id2804,0.8985400210272936,0.1062193775358787,-1,-1
n_id2805,0.9001599732705412,0.1042352844738539,-1,-1
n_id2806,0.9013096233784128,0.10201173341735816,-1,-1
n_id2807,0.9029818327097039,0.10002764035534445,-1,-1
n_id2808,0.9042882482532323,0.09831721411778345,-1,-1
n_id2809,0.9049153216526369,0.09715412534456289,-1,-1
n_id2810,0.9058559434084704,0.09585420125140402,-1,-1
n_id2811,0.9073713814756991,0.09325435688048796,-1,-1
n_id2812,0.9087300541072709,0.09127026381847425,-1,-1
n_id2813,0.9095139045990759,0.08955984139631493,-1,-1
n_id2814,0.9104545205265375,0.0875415395043083,-1,-1
n_id2815,0.9116041648060375,0.085489028782331,-1,-1
n_id2816,0.9125970436498805,0.08323126889584236,-1,-1
n_id2817,0.914112481717109,0.08189713597270169,-1,-1
n_id2818,0.9165162844521617,0.07970779374618775,-1,-1
n_id2819,0.9196516805910098,0.07594486060205112,-1,-1
n_id2820,0.9213238899222669,0.07313976325123316,-1,-1
n_id2821,0.9242502577090769,0.06930841244713293,-1,-1
n_id2822,0.9261314953923722,0.06622964445646058,-1,-1
n_id2823,0.9283262697753867,0.06267196429221475,-1,-1
n_id2824,0.930207507458682,0.059661613961505995,-1,-1
n_id2825,0.9320364880539677,0.05713018725055353,-1,-1
n_id2826,0.9332383894215109,0.056069724967278356,-1,-1
n_id2827,0.9336041832092058,0.05518030301851051,-1,-1
n_id2828,0.9338654686492873,0.05401721424528994,-1,-1
n_id2829,0.9354331638045255,0.05193049469331973,-1,-1
n_id2830,0.93626927138434,0.05066477943015377,-1,-1
n_id2831,0.9395614329588448,0.05162261903887411,-1,-1
n_id2832,0.9405543118026879,0.051006867729982856,-1,-1
n_id2833,0.941233642290102,0.05045953026565354,-1,-1
n_id2834,0.9418084644298689,0.050049028121251414,-1,-1
n_id2835,0.9422787782219546,0.04977536129678759,-1,-1
n_id2836,0.9430103657973782,0.04970694363682399,-1,-1
n_id2837,0.9443167813409405,0.05015165461119681,-1,-1
n_id2838,0.9460412477602073,0.050835823580062764,-1,-1
n_id2839,0.9477134629198362,0.051348952214410284,-1,-1
n_id2840,0.9490721297230362,0.05203312118327623,-1,-1
n_id2841,0.9508488532303124,0.05278570781210578,-1,-1
n_id2842,0.9553429220006985,0.055248720678485214,-1,-1
n_id2843,0.9574854392957034,0.05624076530179679,-1,-1
n_id2844,0.9593144198909892,0.056719685106151406,-1,-1
n_id2845,0.9614046859263564,0.05750648056496275,-1,-1
n_id2846,0.9629723810815946,0.05801960919931027,-1,-1
n_id2847,0.9646445904128518,0.05856694284823792,-1,-1
n_id2848,0.9664735710081375,0.059661613961505995,-1,-1
n_id2849,0.9684070657794422,0.06027736908579891,-1,-1
n_id2850,0.9710198910381951,0.060756288890153526,-1,-1
n_id2851,0.9738417504773239,0.061200996049135786,-1,-1
n_id2852,0.9759842677723289,0.06144045785901948,-1,-1
n_id2853,0.9773429404038668,0.0619193776633852,-1,-1
n_id2854,0.9784925846834006,0.06246671131231285,-1,-1
n_id2855,0.9795899718748909,0.0632192979411424,-1,-1
n_id2856,0.9803738223666959,0.06404030222993554,-1,-1
n_id2857,0.9816802320818864,0.06506655568322892,-1,-1
n_id2858,0.9847111140447153,0.06626385328644238,-1,-1
n_id2859,0.9862788150282914,0.06790586186402868,-1,-1
n_id2860,0.9898322620428778,0.07101883486928115,-1,-1
n_id2861,0.9904593412706202,0.07180563032809249,-1,-1
n_id2862,0.9915567284621445,0.07286609261137877,-1,-1
n_id2863,0.9924450873015966,0.07392655871004451,-1,-1
n_id2864,0.9935947315811304,0.07508964748326508,-1,-1
n_id2865,0.9940650453732162,0.076868487565388,-1,-1
n_id2866,0.9941173024612256,0.07789474483408304,-1,-1
n_id2867,0.9940127882852066,0.07864733146291258,-1,-1
n_id2868,0.9934902232334493,0.07977621140615135,-1,-1
n_id2869,0.9924973443896061,0.08152084265829247,-1,-1
n_id2870,0.9923405789539494,0.08569427794683122,-1,-1
n_id2871,0.9923928302135872,0.08631003307112414,-1,-1
n_id2872,0.9924450873015966,0.08784941515876504,-1,-1
n_id2873,0.9923405789539494,0.09038084186971751,-1,-1
n_id2874,0.9917657509858108,0.09315173039054256,-1,-1
n_id2875,0.9920792935139018,0.09575157857684918,-1,-1
n_id2876,0.9921838076899209,0.0961962895512331,-1,-1
n_id2877,0.9921315506019114,0.09739358333904491,-1,-1
n_id2878,0.9916612426381635,0.10143018712304704,-1,-1
n_id2879,0.9917657509858108,0.10444053363836522,-1,-1
n_id2880,0.9913477001101063,0.10676671118480636,-1,-1
n_id2881,0.9913477001101063,0.1091613063912222,-1,-1
n_id2882,0.9914522142861254,0.11114539945324702,-1,-1
n_id2883,0.9915567284621445,0.11388207914409026,-1,-1
n_id2884,0.9909296492343681,0.11607142137061531,-1,-1
n_id2885,0.9904070841826107,0.11819234975255623,-1,-1
n_id2886,0.9892574399031109,0.1248287979074744,-1,-1
n_id2887,0.9890484115510728,0.12592346902073137,-1,-1
n_id2888,0.9889438973750537,0.12674447330953562,-1,-1
n_id2889,0.9884213323232964,0.13016532196924482,-1,-1
n_id2890,0.9889961544630632,0.13167049522689284,-1,-1
n_id2891,0.9887871319393631,0.13317567229994248,-1,-1
n_id2892,0.9884213323232964,0.1350913477020037,-1,-1
n_id2893,0.9883168181472773,0.13738331641846305,-1,-1
n_id2894,0.987898767271539,0.13974370279489706,-1,-1
n_id2895,0.9880032814475581,0.1414541252170564,-1,-1
n_id2896,0.9880555385356016,0.14316455145460627,-1,-1
n_id2897,0.987898767271539,0.14538810251111312,-1,-1
n_id2898,0.9874284593078252,0.14703011108869943,-1,-1
n_id2899,0.9864878375519915,0.14908262181068782,-1,-1
n_id2900,0.9856517358005489,0.1519903418360495,-1,-1
n_id2901,0.9850246565727725,0.15489806567681288,-1,-1
n_id2902,0.9853904503604674,0.15917412745529702,-1,-1
n_id2903,0.9852336790964388,0.15996092291410838,-1,-1
n_id2904,0.9848156282207344,0.16184238948617669,-1,-1
n_id2905,0.984293063168977,0.16314231357932443,-1,-1
n_id2906,0.9837704981172197,0.16475010951153837,-1,-1
n_id2907,0.9826731109257294,0.16683682906350858,-1,-1
n_id2908,0.9824640825736913,0.169299841929888,-1,-1
n_id2909,0.982829882189758,0.17183126864084047,-1,-1
n_id2910,0.9829343905374053,0.17347327721842679,-1,-1
n_id2911,0.982725368013739,0.17511528579601307,-1,-1
n_id2912,0.9824118254856818,0.17685991704815418,-1,-1
n_id2913,0.9821505458739721,0.17778354782689273,-1,-1
n_id2914,0.9819415175219339,0.17997289005340666,-1,-1
n_id2915,0.9811054099421195,0.18192277428544967,-1,-1
n_id2916,0.9809486445064627,0.18462524514631115,-1,-1
n_id2917,0.9804783307143431,0.18619883606393384,-1,-1
n_id2918,0.9796944860509099,0.18811451146598396,-1,-1
n_id2919,0.979119663911177,0.18968810238360664,-1,-1
n_id2920,0.9792241780871961,0.19191165725550405,-1,-1
n_id2921,0.9790674068231335,0.19300632836876103,-1,-1
n_id2922,0.979015149735124,0.1941352083120109,-1,-1
n_id2923,0.9785448417714101,0.1978297276115745,-1,-1
n_id2924,0.9778655054556242,0.20049798964245413,-1,-1
n_id2925,0.9775519629275671,0.20207158056007685,-1,-1
n_id2926,0.9773951974918764,0.20391883830216334,-1,-1
n_id2927,0.9770293978758097,0.20710022896739053,-1,-1
n_id2928,0.9759842677723289,0.21000794899276332,-1,-1
n_id2929,0.9757752394202909,0.21079474445157467,-1,-1
n_id2930,0.9756707310726097,0.2118210017202586,-1,-1
n_id2931,0.9753179986427228,0.2132406529029632,-1,-1
n_id2932,0.9751350988346725,0.21389061304183626,-1,-1
n_id2933,0.9746909194149465,0.21684965012757232,-1,-1
n_id2934,0.9742728627108702,0.21804694773078578,-1,-1
n_id2935,0.9734759508612573,0.22054416561174534,-1,-1
n_id2936,0.9725875920217711,0.22232300950926992,-1,-1
n_id2937,0.9719082557060191,0.2247176009002841,-1,-1
n_id2938,0.97180374153,0.22656486245777227,-1,-1
n_id2939,0.9720127698820382,0.22779636889095645,-1,-1
n_id2940,0.9717514844419906,0.23104617340075667,-1,-1
n_id2941,0.9715424560899185,0.23179876002958621,-1,-1
n_id2942,0.9714902048302808,0.2320724306694406,-1,-1
n_id2943,0.9705495830744473,0.23453543972042948,-1,-1
n_id2944,0.9689818879192091,0.23610903063805216,-1,-1
n_id2945,0.9675709581996278,0.2370326614167907,-1,-1
n_id2946,0.9662645426560994,0.23778524804562023,-1,-1
n_id2947,0.9645400762368327,0.23826416784998597,-1,-1
n_id2948,0.962815609817566,0.2385378346744498,-1,-1
n_id2949,0.9607253496105705,0.23860625233441338,-1,-1
n_id2950,0.958321546875518,0.2385378346744498,-1,-1
n_id2951,0.9459367394125261,0.23730632824126563,-1,-1
n_id2952,0.9447870893046544,0.2368274084368999,-1,-1
n_id2953,0.9393524104351446,0.23624586595797936,-1,-1
n_id2954,0.9320364880539677,0.2355959058191063,-1,-1
n_id2955,0.9292668915312202,0.23549327932916092,-1,-1
n_id2956,0.9272288825838964,0.23535644400922262,-1,-1
n_id2957,0.9252431307245481,0.2349117330348498,-1,-1
n_id2958,0.9218987120620338,0.23460385738039308,-1,-1
n_id2959,0.9184497792235004,0.23463806621037486,-1,-1
n_id2960,0.9180839796073998,0.23463806621037486,-1,-1
n_id2961,0.9166207986281807,0.23474069270033135,-1,-1
n_id2962,0.20310950713409254,0.7035339050469241,-1,-1
n_id2963,0.20493848772937828,0.702473442763649,-1,-1
n_id2964,0.20760357590447853,0.7006945988661244,-1,-1
n_id2965,0.20953706484744541,0.6983684213196832,-1,-1
n_id2966,0.21361308274209312,0.6952212394844378,-1,-1
n_id2967,0.21627816508885545,0.6933055640823766,-1,-1
n_id2968,0.2189955103519652,0.6911846395158263,-1,-1
n_id2969,0.22359408747003234,0.6880716665105627,-1,-1
n_id2970,0.22594563311707544,0.6856770713041469,-1,-1
n_id2971,0.22923779469158026,0.68287197395334,-1,-1
n_id2972,0.23143257490293268,0.6811615477157901,-1,-1
n_id2973,0.23352283510992816,0.6794511252936308,-1,-1
n_id2974,0.2370762821245145,0.6768512771073242,-1,-1
n_id2975,0.23984587864726198,0.6750724370252013,-1,-1
n_id2976,0.24528056334514362,0.6713437127110353,-1,-1
n_id2977,0.24695277850477262,0.6694964511535583,-1,-1
n_id2978,0.24956560376349152,0.667101859762533,-1,-1
n_id2979,0.2508197622190443,0.6661782289837944,-1,-1
n_id2980,0.25264874281433003,0.6651177667005193,-1,-1
n_id2981,0.2551048026373922,0.6633389228029947,-1,-1
n_id2982,0.2575086053724448,0.6614916650609082,-1,-1
n_id2983,0.2589717863516639,0.6598496564833218,-1,-1
n_id2984,0.2598601510194879,0.6588576118600102,-1,-1
n_id2985,0.26257749045422585,0.657044559132515,-1,-1
n_id2986,0.2639884201738072,0.6558130565147214,-1,-1
n_id2987,0.2656606295050644,0.6547183815860628,-1,-1
n_id2988,0.2699456699234123,0.6515027859062443,-1,-1
n_id2989,0.2732900885859266,0.6480135195865715,-1,-1
n_id2990,0.27433521868944133,0.6468162219833692,-1,-1
n_id2991,0.27574614840898876,0.6445584582814899,-1,-1
n_id2992,0.27637322763676514,0.6432243291737398,-1,-1
n_id2993,0.27752287191629893,0.6417875735760554,-1,-1
n_id2994,0.2782022082320509,0.6409323604572805,-1,-1
n_id2995,0.2811285760188609,0.6372720499876876,-1,-1
n_id2996,0.28201694068668487,0.6360747523844853,-1,-1
n_id2997,0.283584635841923,0.6346037879568079,-1,-1
n_id2998,0.28452525176938476,0.6336459483480876,-1,-1
n_id2999,0.2861452098410042,0.6323118192403375,-1,-1
n_id3000,0.28719033994448495,0.6317302729460265,-1,-1
n_id3001,0.29100506657074715,0.6293014727250305,-1,-1
n_id3002,0.29424497688561424,0.6271463355130966,-1,-1
n_id3003,0.29654426544464785,0.6247517403066808,-1,-1
n_id3004,0.29790293807621965,0.6230413178845214,-1,-1
n_id3005,0.29978417575951494,0.6206809315080875,-1,-1
n_id3006,0.30124735673873404,0.6188678787805921,-1,-1
n_id3007,0.3034421369500864,0.6165759100641217,-1,-1
n_id3008,0.3082497365918538,0.6118893461412355,-1,-1
n_id3009,0.30950389504737263,0.6109999280078804,-1,-1
n_id3010,0.3104967738912157,0.6097684215746851,-1,-1
n_id3011,0.3114373898186774,0.6084000798215626,-1,-1
n_id3012,0.3127438053622398,0.6065528220794761,-1,-1
n_id3013,0.3141547350818211,0.6050134399918352,-1,-1
n_id3014,0.3159314585890973,0.6034056402442307,-1,-1
n_id3015,0.31666304616452096,0.6023793867909374,-1,-1
n_id3016,0.31943264851564024,0.5998821650945761,-1,-1
n_id3017,0.32089582949485934,0.5984454094968806,-1,-1
n_id3018,0.32251578173810697,0.5966665655993671,-1,-1
n_id3019,0.324187996897736,0.5948535166872624,-1,-1
n_id3020,0.32633051419274095,0.5918773790019372,-1,-1
n_id3021,0.328473031487746,0.5897564506199852,-1,-1
n_id3022,0.33056329752307934,0.58756710839346,-1,-1
n_id3023,0.3328625860821129,0.5850356778671171,-1,-1
n_id3024,0.3338032078379464,0.5831542112950487,-1,-1
n_id3025,0.33448253832536057,0.5821279578417554,-1,-1
n_id3026,0.33584121095689845,0.5801438647797306,-1,-1
n_id3027,0.3379837282519035,0.5790149848364918,-1,-1
n_id3028,0.3407010735150132,0.5766888072900396,-1,-1
n_id3029,0.3422165115822418,0.5746362965680623,-1,-1
n_id3030,0.34430677761760914,0.5728232476559575,-1,-1
n_id3031,0.3461357582128949,0.5708733634239145,-1,-1
n_id3032,0.3476511962801235,0.5684787682174987,-1,-1
n_id3033,0.3494801768754092,0.5663578398355578,-1,-1
n_id3034,0.35256331592624773,0.5633817021502214,-1,-1
n_id3035,0.354444553609543,0.5620133603970989,-1,-1
n_id3036,0.35512388992532895,0.5613291914282441,-1,-1
n_id3037,0.35632579129287223,0.5589003873918464,-1,-1
n_id3038,0.35747543557237205,0.5566426275053578,-1,-1
n_id3039,0.35852056567585283,0.5538717389845327,-1,-1
n_id3040,0.35967020995538657,0.5516139790980441,-1,-1
n_id3041,0.3610811396749679,0.5496298860360193,-1,-1
n_id3042,0.3623875493901245,0.5473037084895781,-1,-1
n_id3043,0.36311914279391994,0.5453196154275534,-1,-1
n_id3044,0.3640597645497535,0.5440196951497961,-1,-1
n_id3045,0.3648958663011962,0.5429934378811011,-1,-1
n_id3046,0.3664635672848061,0.5405988426746964,-1,-1
n_id3047,0.3681880337040728,0.5376227049893599,-1,-1
n_id3048,0.3690241354555494,0.535672820757328,-1,-1
n_id3049,0.36959895759528233,0.533551892375376,-1,-1
n_id3050,0.3715847094546306,0.5306783811799961,-1,-1
n_id3051,0.3724730741224546,0.5286942881179714,-1,-1
n_id3052,0.3734136900499163,0.527052279540385,-1,-1
n_id3053,0.3739885121896832,0.5263681105715302,-1,-1
n_id3054,0.375033642293164,0.524041933025078,-1,-1
n_id3055,0.37581749278496895,0.5216473378186621,-1,-1
n_id3056,0.3765490861887644,0.5192527426122463,-1,-1
n_id3057,0.37843032387205966,0.5156950586326099,-1,-1
n_id3058,0.3785348322197069,0.5141898853749508,-1,-1
n_id3059,0.37968447649924064,0.5117610813385531,-1,-1
n_id3060,0.3803115557269831,0.5096743656019846,-1,-1
n_id3061,0.3811476633067976,0.5081349835143437,-1,-1
n_id3062,0.3828198726380887,0.5069376859111303,-1,-1
n_id3063,0.38428305944564567,0.5049878016790983,-1,-1
n_id3064,0.38548496081318895,0.5020116601783714,-1,-1
n_id3065,0.3858507546008838,0.4998565267818392,-1,-1
n_id3066,0.3857462404248648,0.49780401605985086,-1,-1
n_id3067,0.38569398333685523,0.4960935936376915,-1,-1
n_id3068,0.3857462404248648,0.4939726652557506,-1,-1
n_id3069,0.3861120400409314,0.4917491141992438,-1,-1
n_id3070,0.38684362761638896,0.4868230884664849,-1,-1
n_id3071,0.38694814179240805,0.48466795506994165,-1,-1
n_id3072,0.3871571701444461,0.4837443242912031,-1,-1
n_id3073,0.3870526559684271,0.48261544434796433,-1,-1
n_id3074,0.38741844975612194,0.4789551376937731,-1,-1
n_id3075,0.38741844975612194,0.476423707167419,-1,-1
n_id3076,0.3880455289838983,0.4741659472809414,-1,-1
n_id3077,0.38898615073973186,0.47228448070887313,-1,-1
n_id3078,0.3895087157914892,0.47081351628119583,-1,-1
n_id3079,0.39044933171895096,0.4691030900436459,-1,-1
n_id3080,0.3917557472625133,0.4662295750328644,-1,-1
n_id3081,0.3927486202779845,0.4632876461775209,-1,-1
n_id3082,0.39321893407007025,0.4616456375999346,-1,-1
n_id3083,0.39342795659377044,0.4606193841466412,-1,-1
n_id3084,0.39327119115807974,0.459216833563537,-1,-1
n_id3085,0.39342795659377044,0.45596702905373676,-1,-1
n_id3086,0.39348021368178,0.45374347418183936,-1,-1
n_id3087,0.3933234424177514,0.45175938111982566,-1,-1
n_id3088,0.39306216280604167,0.45021999903218474,-1,-1
n_id3089,0.3927486202779845,0.4477911988111777,-1,-1
n_id3090,0.39259185484229386,0.4461833990635732,-1,-1
n_id3091,0.39212154105020813,0.44478084848046895,-1,-1
n_id3092,0.3915989759984508,0.4432756752228098,-1,-1
n_id3093,0.3911809251227464,0.44180471079514366,-1,-1
n_id3094,0.3909718967707083,0.4409494976763687,-1,-1
n_id3095,0.39222605522622717,0.438452279795398,-1,-1
n_id3096,0.39280087736599406,0.43674185355784817,-1,-1
n_id3097,0.393584727857799,0.4346551340058779,-1,-1
n_id3098,0.3940550358215129,0.43208949846494366,-1,-1
n_id3099,0.3947866292253084,0.4294896540940276,-1,-1
n_id3100,0.39719043196036097,0.4258293436244458,-1,-1
n_id3101,0.3980265395401755,0.4243925880267503,-1,-1
n_id3102,0.39907166964365626,0.422750579449164,-1,-1
n_id3103,0.40001228557115187,0.420629651067212,-1,-1
n_id3104,0.4011619298506517,0.41809822435625954,-1,-1
n_id3105,0.40335671006203805,0.4136853272578482,-1,-1
n_id3106,0.4041405547254712,0.41289853179903685,-1,-1
n_id3107,0.40471537686523806,0.4118380695157617,-1,-1
n_id3108,0.4058127640567284,0.40930663898940756,-1,-1
n_id3109,0.4069101570765905,0.40797250988166855,-1,-1
n_id3110,0.4086868805838667,0.4054068743407343,-1,-1
n_id3111,0.4097320106873814,0.402670194649891,-1,-1
n_id3112,0.4107771407908622,0.4004124309480118,-1,-1
n_id3113,0.41213581342243405,0.39770996008715037,-1,-1
n_id3114,0.41370350857767213,0.3954864090306435,-1,-1
n_id3115,0.41506218120921007,0.393639151288557,-1,-1
n_id3116,0.4152712095612482,0.3933654806486915,-1,-1
n_id3117,0.4174659839442627,0.3911761384221776,-1,-1
n_id3118,0.41908593618751033,0.3889867961956525,-1,-1
n_id3119,0.4201833233790346,0.38720795229813904,-1,-1
n_id3120,0.4211239451348681,0.385018610071614,-1,-1
n_id3121,0.4225348690260777,0.3830003081796185,-1,-1
n_id3122,0.4236845133055775,0.381392508432014,-1,-1
n_id3123,0.4252522142891874,0.37913474854552537,-1,-1
n_id3124,0.4274992457602115,0.37687698865904784,-1,-1
n_id3125,0.4291191980034591,0.37448239345263196,-1,-1
n_id3126,0.43136623530282103,0.3717457137617776,-1,-1
n_id3127,0.4331429588100973,0.3697274118697821,-1,-1
n_id3128,0.434292603089631,0.3681880297821412,-1,-1
n_id3129,0.4348674252293979,0.3672643990034027,-1,-1
n_id3130,0.43742799340010724,0.36435667897804097,-1,-1
n_id3131,0.43941374525942156,0.36203050143158877,-1,-1
n_id3132,0.44056338953895535,0.35949907090524574,-1,-1
n_id3133,0.4433329860617028,0.35505196879223205,-1,-1
n_id3134,0.4441690936415173,0.3533757513846639,-1,-1
n_id3135,0.44552776627308915,0.35176795163705943,-1,-1
n_id3136,0.4472522326923558,0.35022856954941856,-1,-1
n_id3137,0.4489766991116225,0.34858656097183227,-1,-1
n_id3138,0.4505966513548702,0.3465340540652455,-1,-1
n_id3139,0.45242563195015595,0.3442420853487862,-1,-1
n_id3140,0.4558223077007137,0.341060694683559,-1,-1
n_id3141,0.4573377515962802,0.3387345171371068,-1,-1
n_id3142,0.4577558024720185,0.3370925085595205,-1,-1
n_id3143,0.45765128829599944,0.33654517109519116,-1,-1
n_id3144,0.45869642422785206,0.33380849140434793,-1,-1
n_id3145,0.4602641193830902,0.33168756683778644,-1,-1
n_id3146,0.46235437959008563,0.32908771865147984,-1,-1
n_id3147,0.4652807532052335,0.3270352117448931,-1,-1
n_id3148,0.4656988040809718,0.3254274119972886,-1,-1
n_id3149,0.46695296253649066,0.3224854793265434,-1,-1
n_id3150,0.4680503497280149,0.3210145148988661,-1,-1
n_id3151,0.4684684006037193,0.31947513281122525,-1,-1
n_id3152,0.4690954798314957,0.31796995955357726,-1,-1
n_id3153,0.47045415246306754,0.31584903117162527,-1,-1
n_id3154,0.47196959053029613,0.3141386087494659,-1,-1
n_id3155,0.47505272958110073,0.31143613788860447,-1,-1
n_id3156,0.47693396726442994,0.30955467131653613,-1,-1
n_id3157,0.4799125921392155,0.3071258672801385,-1,-1
n_id3158,0.48236865196227763,0.3052101918780773,-1,-1
n_id3159,0.4854517910131162,0.3031234723261182,-1,-1
n_id3160,0.4880123591838256,0.30120779692406807,-1,-1
n_id3161,0.4928722217419403,0.29747907260990214,-1,-1
n_id3162,0.49532828156500247,0.29559760222244325,-1,-1
n_id3163,0.4981501351757934,0.2938187621403203,-1,-1
n_id3164,0.5002926582991363,0.2919030867382591,-1,-1
n_id3165,0.5029054835578891,0.29029528699065466,-1,-1
n_id3166,0.5072427810642465,0.28834540275862275,-1,-1
n_id3167,0.510221405939066,0.28714810515542033,-1,-1
n_id3168,0.5132000308138516,0.28608764287213406,-1,-1
n_id3169,0.5144541892694043,0.28512980326341375,-1,-1
n_id3170,0.5161263986006616,0.28355621234579104,-1,-1
n_id3171,0.5187392296877522,0.2819142075835953,-1,-1
n_id3172,0.5227107275780429,0.2793143593972887,-1,-1
n_id3173,0.5270480250844004,0.27664609736640905,-1,-1
n_id3174,0.5300266499592199,0.2749356749442497,-1,-1
n_id3175,0.5319078876425152,0.2737725861710291,-1,-1
n_id3176,0.5372380581643778,0.2704201513558819,-1,-1
n_id3177,0.5393805754593828,0.2685728936137953,-1,-1
n_id3178,0.5425159715982308,0.2666230093817634,-1,-1
n_id3179,0.546539726576531,0.2641942053453658,-1,-1
n_id3180,0.5503544590311311,0.2620390719488337,-1,-1
n_id3181,0.5519744112743787,0.2612522764900223,-1,-1
n_id3182,0.5548485219731792,0.2592681834279975,-1,-1
n_id3183,0.5585064831637507,0.25745513070050224,-1,-1
n_id3184,0.5597606416193035,0.2568735882215817,-1,-1
n_id3185,0.5610148000748224,0.25646308607719065,-1,-1
n_id3186,0.5635753682455656,0.25533420613394076,-1,-1
n_id3187,0.5660314280686278,0.2539316555508365,-1,-1
n_id3188,0.5676513803118755,0.25304223741748144,-1,-1
n_id3189,0.571518369854485,0.2501687224066999,-1,-1
n_id3190,0.5732428362737857,0.2491424689534065,-1,-1
n_id3191,0.5748627885170333,0.24890300714352281,-1,-1
n_id3192,0.5821787108982102,0.24647420692252683,-1,-1
n_id3193,0.5842689711051717,0.24613212243808832,-1,-1
n_id3194,0.5874566243320294,0.24537953199386822,-1,-1
n_id3195,0.5892856049273151,0.24510586516940439,-1,-1
n_id3196,0.595242854676954,0.244079611716111,-1,-1
n_id3197,0.5964970131324729,0.2438743587362091,-1,-1
n_id3198,0.5983782508157682,0.24356648308176349,-1,-1
n_id3199,0.6020884690943832,0.24312177210739067,-1,-1
n_id3200,0.6043355005654072,0.24267706113300674,-1,-1
n_id3201,0.6080979701036598,0.24141134968523134,-1,-1
n_id3202,0.6089863347714839,0.24106926520079283,-1,-1
n_id3203,0.6110243437188078,0.24076138573095662,-1,-1
n_id3204,0.6131146039258032,0.2405903453964382,-1,-1
n_id3205,0.6136894260655361,0.2405903453964382,-1,-1
n_id3206,0.6162500000646512,0.23935883896324295,-1,-1
n_id3207,0.6187060598877134,0.23799049721012047,-1,-1
n_id3208,0.6198034470792037,0.23764841272569306,-1,-1
n_id3209,0.6265967985802854,0.2352538175192772,-1,-1
n_id3210,0.6302547597708569,0.23395389724152002,-1,-1
n_id3211,0.6317179465784477,0.23323551944267226,-1,-1
n_id3212,0.6348010856292523,0.2319698041794952,-1,-1
n_id3213,0.6419602367464007,0.22940416482317036,-1,-1
n_id3214,0.6447820903571916,0.22772795123099285,-1,-1
n_id3215,0.6476562010559581,0.22635960947787037,-1,-1
n_id3216,0.6496419529153064,0.22550439635909544,-1,-1
n_id3217,0.6535089366295781,0.22365713861700892,-1,-1
n_id3218,0.6555469455769019,0.22245984101380656,-1,-1
n_id3219,0.6607726019227455,0.22027049878728153,-1,-1
n_id3220,0.6659982582685551,0.21767065441636546,-1,-1
n_id3221,0.6669388800243886,0.2167470236376269,-1,-1
n_id3222,0.6696562194591604,0.2151392238900224,-1,-1
n_id3223,0.6721645363702321,0.21342879765247252,-1,-1
n_id3224,0.673418694825751,0.2117183752303132,-1,-1
n_id3225,0.674777361628951,0.21062370411705625,-1,-1
n_id3226,0.6757702404727941,0.20939219768386097,-1,-1
n_id3227,0.678592094083585,0.20740810462184725,-1,-1
n_id3228,0.6799507667151229,0.20562926453972435,-1,-1
n_id3229,0.6828771345019329,0.20237945621453357,-1,-1
n_id3230,0.6850719088849474,0.1991296478893428,-1,-1
n_id3231,0.6864828386044949,0.19697451449279954,-1,-1
n_id3232,0.6889911496872286,0.1946141281163655,-1,-1
n_id3233,0.6899840285310717,0.19290370187881561,-1,-1
n_id3234,0.6915517236863098,0.1909880264767655,-1,-1
n_id3235,0.6919697745620141,0.1896196885390336,-1,-1
n_id3236,0.6942690689494195,0.18688300884819034,-1,-1
n_id3237,0.6956799928406291,0.18527520910058584,-1,-1
n_id3238,0.6971954367361957,0.18387265851748158,-1,-1
n_id3239,0.6982928239277199,0.1825043205797608,-1,-1
n_id3240,0.7026823726937149,0.17863876094566766,-1,-1
n_id3241,0.7032571948334818,0.17802300582137476,-1,-1
n_id3242,0.7053474608688491,0.1755599967703859,-1,-1
n_id3243,0.7071764414641348,0.17361011253835396,-1,-1
n_id3244,0.708848650795392,0.1722417707852315,-1,-1
n_id3245,0.712349840721935,0.16998401089875398,-1,-1
n_id3246,0.7166871382283263,0.16683682906350858,-1,-1
n_id3247,0.7185683759116216,0.16550269995575848,-1,-1
n_id3248,0.7207631502946361,0.16406594054267243,-1,-1
n_id3249,0.7228011592419599,0.16129505202184738,-1,-1
n_id3250,0.7254139845006788,0.1585925811609859,-1,-1
n_id3251,0.7269294283962793,0.1567795322488812,-1,-1
n_id3252,0.7283403522874888,0.15465860386692917,-1,-1
n_id3253,0.7291764598673033,0.15322184826923368,-1,-1
n_id3254,0.7307441550225414,0.15089567072279256,-1,-1
n_id3255,0.7321028276541133,0.14942470629511526,-1,-1
n_id3256,0.7337750369853704,0.14764586239760177,-1,-1
n_id3257,0.735290480880937,0.14555914666102213,-1,-1
n_id3258,0.737067204388247,0.14292509346012425,-1,-1
n_id3259,0.7387916708075137,0.14114624956261076,-1,-1
n_id3260,0.7409341881025188,0.1386490316816401,-1,-1
n_id3261,0.7422928607340566,0.1365281032996881,-1,-1
n_id3262,0.7446966634691092,0.13375721477886304,-1,-1
n_id3263,0.745532765220552,0.1329020016600881,-1,-1
n_id3264,0.7480933392196332,0.1314652460623926,-1,-1
n_id3265,0.7514377578821814,0.12934431768045168,-1,-1
n_id3266,0.7532144813894577,0.12729181077385385,-1,-1
n_id3267,0.755304747424791,0.12544454921637677,-1,-1
n_id3268,0.7579698355998913,0.12318678932988812,-1,-1
n_id3269,0.7612097400864205,0.12062115378895386,-1,-1
n_id3270,0.7628819494176776,0.11901335404134937,-1,-1
n_id3271,0.7636135428214731,0.11771342994820161,-1,-1
n_id3272,0.7659128313804727,0.11593458986607869,-1,-1
n_id3273,0.7685256624675973,0.11388207914409026,-1,-1
n_id3274,0.7696753067470972,0.1129242433507605,-1,-1
n_id3275,0.7721836236581688,0.11124802594319241,-1,-1
n_id3276,0.7738035759014165,0.10981127034549691,-1,-1
n_id3277,0.7751099914449788,0.10820347059789243,-1,-1
n_id3278,0.7764164011601693,0.10642462670037894,-1,-1
n_id3279,0.7774092800040124,0.10526153792715837,-1,-1
n_id3280,0.7782453817554551,0.1043721197937922,-1,-1
n_id3281,0.7785589242835123,0.1040300314939631,-1,-1
n_id3282,0.7831575014015794,0.10197752458737636,-1,-1
n_id3283,0.7850909961728841,0.10095126731868131,-1,-1
n_id3284,0.7867109484161318,0.10013026302988817,-1,-1
n_id3285,0.789167008239194,0.09848825826770355,-1,-1
n_id3286,0.7904734237827563,0.09718833417454469,-1,-1
n_id3287,0.7920933760260039,0.09534107643245816,-1,-1
n_id3288,0.7925114269017083,0.09438323682373782,-1,-1
n_id3289,0.7941836420613373,0.09150972562834683,-1,-1
n_id3290,0.7957513372165754,0.0891835480819057,-1,-1
n_id3291,0.7963784164443518,0.08778099749880144,-1,-1
n_id3292,0.7971622669361568,0.08617319775119694,-1,-1
n_id3293,0.7976848319879141,0.08381281137476292,-1,-1
n_id3294,0.7982596541276471,0.0818287183127381,-1,-1
n_id3295,0.7989912475314425,0.08015250472057167,-1,-1
n_id3296,0.800297657246633,0.07840786965302889,-1,-1
n_id3297,0.8013950502664952,0.0769026963953809,-1,-1
n_id3298,0.8022834091059473,0.07450810118896506,-1,-1
n_id3299,0.8032240250334429,0.07245559046697665,-1,-1
n_id3300,0.804007875525214,0.07053991506492653,-1,-1
n_id3301,0.8042691609652955,0.06930841244713293,-1,-1
n_id3302,0.8045304405769714,0.06797427952399226,-1,-1
n_id3303,0.8058891132085432,0.06369821774550811,-1,-1
n_id3304,0.8063071640842476,0.06287721345671497,-1,-1
n_id3305,0.8067774720479954,0.06209041799790363,-1,-1
n_id3306,0.8071955287520716,0.06130362253909228,-1,-1
n_id3307,0.807718093803829,0.059798449281433186,-1,-1
n_id3308,0.8088154809953193,0.05880640465812161,-1,-1
n_id3309,0.8102786678029101,0.05733543641505376,-1,-1
n_id3310,0.8130482643256915,0.055830263157394665,-1,-1
n_id3311,0.8160268892004772,0.05377775243541735,-1,-1
n_id3312,0.8177513556197438,0.05295675196201477,-1,-1
n_id3313,0.761734205183965,0.05687067172548728,-1,1
n_id3314,0.7626206698059679,0.05730122758507196,-1,-1
n_id3315,0.763404514469401,0.05779725180442858,-1,-1
n_id3316,0.7641099793292087,0.0581564407038469,-1,-1
n_id3317,0.7647370585569512,0.05832748485375589,-1,-1
n_id3318,0.7655209090487561,0.05849852518827432,-1,-1
n_id3319,0.7666444247842682,0.05887481850269465,-1,-1
n_id3320,0.7679508403278305,0.059302425062076565,-1,-1
n_id3321,0.7684995339235756,0.05955899128695116,-1,-1
n_id3322,0.7693878927630279,0.05976424045145139,-1,-1
n_id3323,0.7707465653945997,0.06017474259584241,-1,-1
n_id3324,0.7711646162703041,0.06027736908579891,-1,-1
n_id3325,0.7713475160783544,0.060328682330771606,-1,-1
n_id3326,0.7722881320058161,0.06029447350078981,-1,-1
n_id3327,0.7733332679376687,0.06027736908579891,-1,-1
n_id3328,0.7742738838651644,0.060311577915780706,-1,-1
n_id3329,0.7758154563047526,0.060140533765860614,-1,-1
n_id3330,0.7759460931964215,0.060106324935878815,-1,-1
n_id3331,0.7781670019517957,0.059610300716533296,-1,-1
n_id3332,0.779368903319305,0.059422155967023965,-1,-1
n_id3333,0.7799959767187096,0.05899454940763094,-1,-1
n_id3334,0.780832084298524,0.05861825609322172,-1,-1
n_id3335,0.781851085858017,0.05837879809872859,-1,-1
n_id3336,0.7826088078058342,0.05779725180442858,-1,-1
n_id3337,0.7833142726656079,0.05726701875509016,-1,-1
n_id3338,0.7867632055041414,0.05636049620673308,-1,-1
n_id3339,0.7886183146434488,0.05601841172230566,-1,-1
n_id3340,0.7908392175704511,0.055659222822876234,-1,-1
n_id3341,0.7956468230405563,0.055060572113574215,-1,-1
n_id3342,0.7965351877083804,0.05492374060903758,-1,-1
n_id3343,0.7976325748998707,0.05478690528911039,-1,-1
n_id3344,0.7989651189874547,0.054615861139201395,-1,-1
n_id3345,0.8026230743496544,0.05411984073523534,-1,-1
n_id3346,0.8053142910687764,0.05372644300583522,-1,-1
n_id3347,0.808841609539341,0.05338435470600613,-1,-1
n_id3348,0.8098344825548123,0.0532817320314513,-1,-1
n_id3349,0.8116112060620885,0.0532475232014695,-1,-1
n_id3350,0.8136753435534341,0.0531106878815423,-1,-1
n_id3351,0.8151646530766748,0.05295675196201477,-1,-1
n_id3352,0.8158701179364486,0.05295675196201477,-1,-1
n_id3353,0.8206777234065538,0.05237520566770366,-1,-1
n_id3354,0.82245444691383,0.05193049469331973,-1,-1
n_id3355,0.8241789133330967,0.05184497261836524,-1,-1
n_id3356,0.8265827160681493,0.05143447047397422,-1,-1
n_id3357,0.82919554715524,0.05109238598953569,-1,-1
n_id3358,0.8310506562945476,0.050818719165071864,-1,-1
n_id3359,0.8319912722220092,0.050562156755598935,-1,-1
n_id3360,0.8346824889411312,0.05013455019620591,-1,-1
n_id3361,0.8372691856558623,0.049638525976860394,-1,-1
n_id3362,0.8412668120901747,0.04926223266244007,-1,-1
n_id3363,0.8425209705456936,0.04921091941746737,-1,-1
n_id3364,0.8454212097884819,0.04893725259300355,-1,-1
n_id3365,0.8466492397000129,0.04876620844309455,-1,-1
n_id3366,0.8470150393160796,0.04876620844309455,-1,-1
n_id3367,0.8556896285004565,0.04760311966986288,-1,-1
n_id3368,0.8570483011320283,0.04762022408485378,-1,-1
n_id3369,0.8595304894990783,0.04748339258031715,-1,-1
n_id3370,0.86203880641015,0.04731234843040816,-1,-1
n_id3371,0.8641290666171455,0.04717551311048096,-1,-1
n_id3372,0.8651219396326167,0.04722682635545366,-1,-1
n_id3373,0.8699818021907315,0.04724393077044456,-1,-1
n_id3374,0.8707133955945269,0.04720972194046276,-1,-1
n_id3375,0.8720198111380892,0.04717551311048096,-1,-1
n_id3376,0.8741100713450847,0.04720972194046276,-1,-1
n_id3377,0.8758345377643514,0.04724393077044456,-1,-1
n_id3378,0.8811647082861801,0.04714130428049917,-1,-1
n_id3379,0.882967560337478,0.04707289043592613,-1,-1
n_id3380,0.8855281343365592,0.046850533041033336,-1,-1
n_id3381,0.8913808699101452,0.046508448556605915,-1,-1
n_id3382,0.8930530792414024,0.046508448556605915,-1,-1
n_id3383,0.8949081883807098,0.046491344141615015,-1,-1
n_id3384,0.8977561763638604,0.04640582206666052,-1,-1
n_id3385,0.9017799313421606,0.04640582206666052,-1,-1
n_id3386,0.9046017849529516,0.046628179461542206,-1,-1
n_id3387,0.906247865740187,0.046662388291524005,-1,-1
n_id3388,0.9084426459515733,0.046713701536496705,-1,-1
n_id3389,0.9106112917905661,0.04659397063156041,-1,-1
n_id3390,0.9134331454013571,0.04657686621656951,-1,-1
n_id3391,0.9144521469608161,0.04655976180157861,-1,-1
n_id3392,0.9180055939754025,0.046474239726624116,-1,-1
n_id3393,0.9204093967104551,0.046628179461542206,-1,-1
n_id3394,0.9228654565335173,0.046850533041033336,-1,-1
n_id3395,0.924589922952784,0.046918950700996935,-1,-1
n_id3396,0.9267324460761268,0.046987368360971636,-1,-1
n_id3397,0.9279604759876579,0.04703868160594433,-1,-1
n_id3398,0.9301291218266846,0.04714130428049917,-1,-1
n_id3399,0.932454538929706,0.04748339258031715,-1,-1
n_id3400,0.9343357766130013,0.04744918375033535,-1,-1
n_id3401,0.9363215284723495,0.04772285057479918,-1,-1
n_id3402,0.936608936628047,0.04880041727307635,-1,-1
n_id3403,0.9367134508040661,0.05010034136622411,-1,-1
n_id3404,0.9503262881785551,0.0432244352168239,-1,-1
n_id3405,0.9496208233187814,0.04346389321130593,-1,-1
n_id3406,0.9485495646712788,0.04404543569022648,-1,-1
n_id3407,0.947974742531512,0.0445072510795902,-1,-1
n_id3408,0.9474260489357669,0.04510590178889221,-1,-1
n_id3409,0.9464854330083051,0.046115050827194685,-1,-1
n_id3410,0.9457015825165002,0.046645283876533106,-1,-1
n_id3411,0.9432977797814476,0.046200572902160286,-1,-1
n_id3412,0.9429581145377405,0.046132155242185585,-1,-1
n_id3413,0.9425400578336304,0.045961114907667154,-1,-1
n_id3414,0.9418345929738566,0.045755861927776365,-1,-1
n_id3415,0.9403975405386593,0.04546509068832164,-1,-1
n_id3416,0.9394569187828258,0.045379568613367144,-1,-1
n_id3417,0.9384117886793111,0.04544798627333074,-1,-1
n_id3418,0.9375756869278684,0.045653235437830966,-1,-1
n_id3419,0.9367134508040661,0.046217677317151186,-1,-1
n_id3420,0.9365566795400375,0.04676501096607884,-1,-1
n_id3421,0.936504422452028,0.04708999485091703,-1,-1
n_id3422,0.932454538929706,0.046012424337249294,-1,-1
n_id3423,0.9328203385457726,0.04419937542514457,-1,-1
n_id3424,0.933133875245492,0.04330995347638783,-1,-1
n_id3425,0.9334474177735491,0.04211265587318547,-1,-1
n_id3426,0.9335519261211963,0.04064169144550817,-1,-1
n_id3427,0.9335519261211963,0.03995752247664222,-1,-1
n_id3428,0.9337609544732683,0.03899968286792188,-1,-1
n_id3429,0.9338654686492873,0.03804184707459211,-1,-1
n_id3430,0.9341790053489727,0.03626300317706752,-1,-1
n_id3431,0.9353286496285065,0.03414207861051718,-1,-1
n_id3432,0.9358512146802299,0.03338949198168763,-1,-1
n_id3433,0.9361647572083209,0.032636905352858084,-1,-1
n_id3434,0.9364260426483686,0.03188431872402853,-1,-1
n_id3435,0.7801527479827721,0.059730031621469594,-1,-1
n_id3436,0.7809365984745431,0.05959320011693296,-1,-1
n_id3437,0.7818772144020387,0.05954188687196026,-1,-1
n_id3438,0.7837061949973245,0.059336633892058364,-1,-1
n_id3439,0.7856919468566388,0.05919980238752173,-1,-1
n_id3440,0.7872335134678892,0.05911428031256724,-1,-1
n_id3441,0.7883309006593795,0.05913138472755814,-1,-1
n_id3442,0.789506673482901,0.05911428031256724,-1,-1
n_id3443,0.7914662967982276,0.05909717589757634,-1,-1
n_id3444,0.7934259201135541,0.05885771408770375,-1,-1
n_id3445,0.797266775283804,0.05849852518827432,-1,-1
n_id3446,0.7979983686875994,0.05837879809872859,-1,-1
n_id3447,0.7994354269511686,0.0581906495338287,-1,-1
n_id3448,0.803328539209462,0.05783146063441038,-1,-1
n_id3449,0.8045826976649809,0.05764331588490105,-1,-1
n_id3450,0.8078487365238698,0.05740385407501735,-1,-1
n_id3451,0.8132834212217175,0.05721570932550803,-1,-1
n_id3452,0.8141717800611696,0.05726701875509016,-1,-1
n_id3453,0.8166800969722413,0.05718150049552623,-1,-1
n_id3454,0.8176207128997369,0.05702756076060813,-1,-1
n_id3455,0.8186135917435801,0.0568565204260897,-1,-1
n_id3456,0.8205732092305348,0.05644601828168758,-1,-1
n_id3457,0.8243095560531375,0.05589868081735826,-1,-1
n_id3458,0.8261385366484232,0.055642118407885334,-1,-1
n_id3459,0.8288036189951855,0.055334238938038044,-1,-1
n_id3460,0.8302406772587547,0.055231616263494314,-1,-1
n_id3461,0.8318606295020023,0.055026363283592415,-1,-1
n_id3462,0.8337679957293194,0.054821114119092185,-1,-1
n_id3463,0.835152796904879,0.05471848762914679,-1,-1
n_id3464,0.8388107580954505,0.05453034287963746,-1,-1
n_id3465,0.842024534037958,0.05420535899479927,-1,-1
n_id3466,0.8466492397000129,0.05355539885591512,-1,-1
n_id3467,0.8477205041758873,0.05357250327090602,-1,-1
n_id3468,0.8494449705951539,0.05333304527642399,-1,-1
n_id3469,0.8498891500148801,0.0532646276164604,-1,-1
n_id3470,0.8517703876981754,0.0531448967115241,-1,-1
n_id3471,0.8532596972214161,0.05283702105707848,-1,-1
n_id3472,0.8551409349047114,0.05273439456712198,-1,-1
n_id3473,0.8565518646242928,0.05247783215764905,-1,-1
n_id3474,0.8592692040590307,0.05230678800774006,-1,-1
n_id3475,0.8605233625145835,0.05208443442824893,-1,-1
n_id3476,0.861463984270417,0.051896285863337936,-1,-1
n_id3477,0.8646777602128906,0.051502888133937816,-1,-1
n_id3478,0.8657490188603931,0.051366056629401184,-1,-1
n_id3479,0.8668725345959051,0.05119501247949219,-1,-1
n_id3480,0.8671860771239622,0.05119501247949219,-1,-1
n_id3481,0.8703998588948416,0.050921345655017256,-1,-1
n_id3482,0.8723072192937867,0.050818719165071864,-1,-1
n_id3483,0.8730126841535605,0.050750301505108265,-1,-1
n_id3484,0.8743452282411106,0.05068188384514467,-1,-1
n_id3485,0.8755210010646322,0.050579261170589834,-1,-1
n_id3486,0.8778464181676875,0.050579261170589834,-1,-1
n_id3487,0.8779770608876943,0.050579261170589834,-1,-1
n_id3488,0.8813214795502087,0.050356903775708145,-1,-1
n_id3489,0.8816872791663092,0.05032269494571524,-1,-1
n_id3490,0.8826278950937709,0.05032269494571524,-1,-1
n_id3491,0.8856587770566,0.050356903775708145,-1,-1
n_id3492,0.8901267114546263,0.050066132536242314,-1,-1
n_id3493,0.8909366904904191,0.04998061046128782,-1,-1
n_id3494,0.8931575934174554,0.04975825688179669,-1,-1
n_id3495,0.8944378804169959,0.04968983922183309,-1,-1
n_id3496,0.8959794528565842,0.049638525976860394,-1,-1
n_id3497,0.8975210194678006,0.049604317146878595,-1,-1
n_id3498,0.8996635367628055,0.049638525976860394,-1,-1
n_id3499,0.9008654381303488,0.04970694363682399,-1,-1
n_id3500,0.9041314769892037,0.04945038122735106,-1,-1
n_id3501,0.9042882482532323,0.04943327681236017,-1,-1
n_id3502,0.9065875368122659,0.04924512824744917,-1,-1
n_id3503,0.9076065383717589,0.04914250175750377,-1,-1
n_id3504,0.9092526191589944,0.04907408791293074,-1,-1
n_id3505,0.911186113930333,0.04907408791293074,-1,-1
n_id3506,0.9139557104530805,0.04909118851253108,-1,-1
n_id3507,0.9166207986281807,0.04888593934803085,-1,-1
n_id3508,0.9178488285397118,0.04881752168806725,-1,-1
n_id3509,0.9192858809749431,0.04881752168806725,-1,-1
n_id3510,0.9202787598187862,0.04881752168806725,-1,-1
n_id3511,0.9221599975020814,0.04868069018353062,-1,-1
n_id3512,0.9239367210093576,0.04864648135354882,-1,-1
n_id3513,0.9250341082008818,0.04864648135354882,-1,-1
n_id3514,0.9258440814083028,0.04864648135354882,-1,-1
n_id3515,0.9274117823919128,0.04854385486359232,-1,-1
n_id3516,0.9282740126873772,0.04854385486359232,-1,-1
n_id3517,0.9299462220186343,0.04837281071368333,-1,-1
n_id3518,0.9313571517382156,0.04777416381978298,-1,-1
n_id3519,0.7724710318138663,0.061012851299626455,-1,-1
n_id3520,0.7733071393936809,0.06156018494856521,-1,-1
n_id3521,0.7750316058129476,0.06238118923735835,-1,-1
n_id3522,0.7767038151442047,0.06289431787170588,-1,-1
n_id3523,0.7788463324392098,0.06354427801057892,-1,-1
n_id3524,0.7804140334228197,0.06433107346939027,-1,-1
n_id3525,0.7820339856660673,0.065220495418147,-1,-1
n_id3526,0.7842287600490818,0.06665725101584251,-1,-1
n_id3527,0.7872596420118769,0.06908605505224014,-1,-1
n_id3528,0.7896634447469295,0.0704201879753808,-1,-1
n_id3529,0.7954116719728683,0.07336211683072429,-1,-1
n_id3530,0.796927110040097,0.07459362326391956,-1,-1
n_id3531,0.7981290114076403,0.07520937457281081,-1,-1
n_id3532,0.7991218844231115,0.07568829437717653,-1,-1
n_id3533,0.8000102490909354,0.07623563184150585,-1,-1
n_id3534,0.8042430324212738,0.07866443587790348,-1,-1
n_id3535,0.8052359054367451,0.07931439601677653,-1,-1
n_id3536,0.8070648860320647,0.08088798693439922,-1,-1
n_id3537,0.8085280728396217,0.08170899122319236,-1,-1
n_id3538,0.8096777171191555,0.0824615778520219,-1,-1
n_id3539,0.8103047963469319,0.08273524467649684,-1,-1
n_id3540,0.8132834212217175,0.08393254227969921,-1,-1
n_id3541,0.8145375738488985,0.08485617305843775,-1,-1
n_id3542,0.8157394752164417,0.08564296851724909,-1,-1
n_id3543,0.818509077567561,0.08728497327944482,-1,-1
n_id3544,0.8208606232146041,0.08930327517144034,-1,-1
n_id3545,0.822114781670123,0.09029532361015358,-1,-1
n_id3546,0.8239437622654087,0.09138999472341054,-1,-1
n_id3547,0.8271314096639284,0.09316883480553347,-1,-1
n_id3548,0.8295352123989471,0.09453717655865593,-1,-1
n_id3549,0.8324093230977475,0.09583709683641312,-1,-1
n_id3550,0.832357066009738,0.09587130566639492,-1,-1
n_id3551,0.8343950749570619,0.09747910541399941,-1,-1
n_id3552,0.8365375922520668,0.09857377652725638,-1,-1
n_id3553,0.8380007790596578,0.09939478081606062,-1,-1
n_id3554,0.8399342738309625,0.1006262872492448,-1,-1
n_id3555,0.8416587402502292,0.10165254451793983,-1,-1
n_id3556,0.8438012575452342,0.10288404713573343,-1,-1
n_id3557,0.8463618315443154,0.10425238888885589,-1,-1
n_id3558,0.8486611201033489,0.10517601585219277,-1,-1
n_id3559,0.8496539931188202,0.10582597980646749,-1,-1
n_id3560,0.8509604086623825,0.10661277526527883,-1,-1
n_id3561,0.8526848750816493,0.1077758640385105,-1,-1
n_id3562,0.8537822622731396,0.10876790866182208,-1,-1
n_id3563,0.8539912906252115,0.10893895281173106,-1,-1
n_id3564,0.8568131442359685,0.11088883704377409,-1,-1
n_id3565,0.8582240739555499,0.11191509049706747,-1,-1
n_id3566,0.8587988960953168,0.11300976161032443,-1,-1
n_id3567,0.8601575687268547,0.11509648116229464,-1,-1
n_id3568,0.8624568572858883,0.1177305343631925,-1,-1
n_id3569,0.8631361936016743,0.11868837397191284,-1,-1
n_id3570,0.8656967617723835,0.1198514627451334,-1,-1
n_id3571,0.8659580472124312,0.12033038254949913,-1,-1
n_id3572,0.8677870278077509,0.12358018705929935,-1,-1
n_id3573,0.8685186212115124,0.12491431998242891,-1,-1
n_id3574,0.8692502087869699,0.12614582641562416,-1,-1
n_id3575,0.8701908305428034,0.12747995552336316,-1,-1
n_id3576,0.870817909770546,0.1293614220954426,-1,-1
n_id3577,0.8727514045418847,0.13175601730184733,-1,-1
n_id3578,0.8740055571690317,0.13459532348264708,-1,-1
n_id3579,0.87599130902838,0.1383240477968019,-1,-1
n_id3580,0.8767751595201849,0.1400686828643447,-1,-1
n_id3581,0.8777157754476467,0.14174490027191278,-1,-1
n_id3582,0.8787609055511274,0.14301061171968818,-1,-1
n_id3583,0.8790744480792185,0.14417370049290876,-1,-1
n_id3584,0.879126705167228,0.1449947047817019,-1,-1
n_id3585,0.7875209274519585,0.10223408699684929,-1,-1
n_id3586,0.7891931367832157,0.10233671348679468,-1,-1
n_id3587,0.7929033550617967,0.10264458914125141,-1,-1
n_id3588,0.7967180816880588,0.10295246479569703,-1,-1
n_id3589,0.803563696105488,0.10343138460005165,-1,-1
n_id3590,0.8055494479648362,0.10377346908449017,-1,-1
n_id3591,0.8093119175030888,0.10428659771883769,-1,-1
n_id3592,0.8132834212217175,0.10456026454330151,-1,-1
n_id3593,0.8171504049359891,0.10503918434765613,-1,-1
n_id3594,0.8234211913853134,0.10548389532204006,-1,-1
n_id3595,0.8296397265750001,0.10651014877533344,-1,-1
n_id3596,0.8345518462211243,0.10716010891421758,-1,-1
n_id3597,0.8408748897584243,0.10811794852293792,-1,-1
n_id3598,0.8462050602802869,0.10893895281173106,-1,-1
n_id3599,0.8501243069109399,0.10958891295061522,-1,-1
n_id3600,0.8528939034336873,0.11017045924492634,-1,-1
n_id3601,0.8660625613884503,0.05280281222709668,-1,-1
n_id3602,0.8656967617723835,0.05413694515022624,-1,-1
n_id3603,0.8653832250726983,0.05526582509347611,-1,-1
n_id3604,0.8659057901244217,0.05738674966002645,-1,-1
n_id3605,0.8671599485799745,0.0617312290984742,-1,-1
n_id3606,0.8675257423676693,0.06419424196485364,-1,-1
n_id3607,0.8677347707197414,0.06655462834128767,-1,-1
n_id3608,0.8675779994556788,0.06939393070668576,-1,-1
n_id3609,0.8675257423676693,0.07117277460421036,-1,-1
n_id3610,0.8672644627559936,0.07346474332066968,-1,-1
n_id3611,0.8673689769320125,0.07493570774834699,-1,-1
n_id3612,0.867107691491965,0.07620142301152405,-1,-1
n_id3613,0.8670554344039554,0.08160636473324696,-1,-1
n_id3614,0.8665328693521981,0.08393254227969921,-1,-1
n_id3615,0.8662715839121504,0.08684026612046257,-1,-1
n_id3616,0.8666896406162267,0.08926906634145854,-1,-1
n_id3617,0.8670554344039554,0.09121895057350154,-1,-1
n_id3618,0.8671599485799745,0.09241624817670391,-1,-1
n_id3619,0.8677870278077509,0.0977185672238831,-1,-1
n_id3620,0.8667418977042362,0.10192621134240366,-1,-1
n_id3621,0.8666373835282172,0.10312350894560603,-1,-1
n_id3622,0.8661148184764598,0.10456026454330151,-1,-1
n_id3623,0.8655922534247363,0.10657856643529703,-1,-1
n_id3624,0.8653309679846888,0.10828898885745636,-1,-1
n_id3625,0.8658012759484026,0.11205192581699465,-1,-1
n_id3626,0.8659057901244217,0.11335184609475185,-1,-1
n_id3627,0.8659057901244217,0.11656744558996084,-1,-1
n_id3628,0.8660625613884503,0.11855153865198564,-1,-1
n_id3629,0.8649129171089505,0.12166451165723813,-1,-1
n_id3630,0.8645993745808933,0.12354597822931755,-1,-1
n_id3631,0.8645471174928837,0.12511956914692912,-1,-1
n_id3632,0.8646516316689028,0.12727470635886295,-1,-1
n_id3633,0.8647561458449219,0.12949825741536977,-1,-1
n_id3634,0.8647561458449219,0.1315165593073653,-1,-1
n_id3635,0.8651741967206602,0.13367169270390855,-1,-1
n_id3636,0.8653832250726983,0.13555315927597686,-1,-1
n_id3637,0.8656445105127458,0.13863192726664922,-1,-1
n_id3638,0.8656967617723835,0.14044497617875393,-1,-1
n_id3639,0.8656445105127458,0.14236065158080405,-1,-1
n_id3640,0.8653832250726983,0.14482366444718348,-1,-1
n_id3641,0.86496517419696,0.14691038018376312,-1,-1
n_id3642,0.8645993745808933,0.14937339305014255,-1,-1
n_id3643,0.8640245524411264,0.1515969441066383,-1,-1
n_id3644,0.8635542444773786,0.15611246769500614,-1,-1
n_id3645,0.863501987389369,0.15693347198379928,-1,-1
n_id3646,0.8634497303013595,0.1588491473858494,-1,-1
n_id3647,0.8626136285499169,0.16144899175676547,-1,-1
n_id3648,0.8621433147578311,0.16394621345312668,-1,-1
n_id3649,0.8619865493221405,0.16548559554076758,-1,-1
n_id3650,0.8621955718458406,0.1672302267929087,-1,-1
n_id3651,0.8622478289338502,0.16931694634487893,-1,-1
n_id3652,0.8619865493221405,0.17143787091142926,-1,-1
n_id3653,0.86203880641015,0.17482451455655834,-1,-1
n_id3654,0.8625091143738978,0.17677439878859025,-1,-1
n_id3655,0.8622478289338502,0.1790663675050607,-1,-1
n_id3656,0.8619865493221405,0.18166621187597676,-1,-1
n_id3657,0.8619865493221405,0.18406080708239259,-1,-1
n_id3658,0.8617252638820928,0.18672906911327225,-1,-1
n_id3659,0.861359470094398,0.18782374022652923,-1,-1
n_id3660,0.8613072130063885,0.18891841133978618,-1,-1
n_id3661,0.8616207497060738,0.19155246835608572,-1,-1
n_id3662,0.8621955718458406,0.1944601883814474,-1,-1
n_id3663,0.8631884506896838,0.19637586378349753,-1,-1
n_id3664,0.8634497303013595,0.19866783249996797,-1,-1
n_id3665,0.8643903520571931,0.20030984107755426,-1,-1
n_id3666,0.86496517419696,0.20174659667524975,-1,-1
n_id3667,0.8656967617723835,0.20345702291279963,-1,-1
n_id3668,0.86632384100016,0.20496219617045872,-1,-1
n_id3669,0.8678915419837699,0.20691208040249065,-1,-1
n_id3670,0.8686231295591935,0.20896459112447904,-1,-1
n_id3671,0.8689366720872507,0.21081184886656557,-1,-1
n_id3672,0.8705043672424888,0.21300119490848118,-1,-1
n_id3673,0.8725946332778561,0.21703779487708164,-1,-1
n_id3674,0.8731694554175891,0.2178930079958566,-1,-1
n_id3675,0.8743190996971228,0.2198428922278996,-1,-1
n_id3676,0.876095823204399,0.22302428289311568,-1,-1
n_id3677,0.8780815750637133,0.22572675375398824,-1,-1
n_id3678,0.8796492702189515,0.22812134896040406,-1,-1
n_id3679,0.8801718352707089,0.22948968689812488,-1,-1
n_id3680,0.880485377798766,0.22996860670249059,-1,-1
n_id3681,0.8810601999385328,0.23150798879013149,-1,-1
n_id3682,0.7950981294448112,0.0926899188165694,-1,-1
n_id3683,0.7965090591643925,0.09186891452777626,-1,-1
n_id3684,0.7986515764593637,0.0905005727746538,-1,-1
n_id3685,0.8012644075464543,0.08865331503256728,-1,-1
n_id3686,0.8029366168777454,0.08629292865613325,-1,-1
n_id3687,0.8057584704885025,0.08314574682088786,-1,-1
n_id3688,0.8062287784522503,0.08294049765638763,-1,-1
n_id3689,0.8107751043106458,0.0805459024499718,-1,-1
n_id3690,0.813910494621122,0.07798026309364697,-1,-1
n_id3691,0.8161052748325084,0.07644088100600607,-1,-1
n_id3692,0.8181432779514604,0.07490149891836519,-1,-1
n_id3693,0.8192929222309941,0.0739778719550172,-1,-1
n_id3694,0.8211219028262798,0.07250690371194934,-1,-1
n_id3695,0.8236824768253611,0.07107014811426496,-1,-1
n_id3696,0.8253546861566182,0.06983864168106968,-1,-1
n_id3697,0.8273404380159665,0.06802559276896497,-1,-1
n_id3698,0.8299532691030572,0.06597308204697655,-1,-1
n_id3699,0.8365898493400764,0.0633390288460787,-1,-1
n_id3700,0.83753047109591,0.06275748255176758,-1,-1
n_id3701,0.8405090959707294,0.06149177110399218,-1,-1
n_id3702,0.8443760796850011,0.05954188687196026,-1,-1
n_id3703,0.8482953263156202,0.05742095849000825,-1,-1
n_id3704,0.8513262082784492,0.055984202892312755,-1,-1
n_id3705,0.8522145671179014,0.055505283087958136,-1,-1
n_id3706,0.8532074401334065,0.05492374060903758,-1,-1
n_id3707,0.8547751411170166,0.05427377665476287,-1,-1
n_id3708,0.8569699154999971,0.0532475232014695,-1,-1
n_id3709,0.7293593596753536,0.13095211742804508,-1,-1
n_id3710,0.729881924727077,0.13102053508801978,-1,-1
n_id3711,0.7315541340583341,0.13110605716297427,-1,-1
n_id3712,0.7331218292135723,0.13107184833299249,-1,-1
n_id3713,0.7362572253524203,0.13122578806791058,-1,-1
n_id3714,0.7385042568234444,0.131396828402429,-1,-1
n_id3715,0.7396539011029781,0.13149945489237438,-1,-1
n_id3716,0.741691910050302,0.1314823504773835,-1,-1
n_id3717,0.7430767112258616,0.1315336637223562,-1,-1
n_id3718,0.7441479698733642,0.1315336637223562,-1,-1
n_id3719,0.7467085380440736,0.1316020813823309,-1,-1
n_id3720,0.39570111660878227,0.4464399614730461,-1,-1
n_id3721,0.3968507667166539,0.44537949918977093,-1,-1
n_id3722,0.3977913826441156,0.44384011710213006,-1,-1
n_id3723,0.4002996995551873,0.440898184431396,-1,-1
n_id3724,0.4012925725706925,0.4398719309780915,-1,-1
n_id3725,0.4027557593782495,0.43833254889046175,-1,-1
n_id3726,0.4073020794083071,0.434569615746314,-1,-1
n_id3727,0.40897428873956426,0.4330986475032461,-1,-1
n_id3728,0.4106987551588309,0.4309093052767322,-1,-1
n_id3729,0.4119006565263742,0.4291304651946093,-1,-1
n_id3730,0.412945786629855,0.4273858301270665,-1,-1
n_id3731,0.41393866547369806,0.4260517010193275,-1,-1
n_id3732,0.41665600490846993,0.42369131464289345,-1,-1
n_id3733,0.41733534122425586,0.4221861375698438,-1,-1
n_id3734,0.4187462709438033,0.4195520843689459,-1,-1
n_id3735,0.4201049377470033,0.4173627421424209,-1,-1
n_id3736,0.4216726387306133,0.41537864908040717,-1,-1
n_id3737,0.4226655117460845,0.4141471426472119,-1,-1
n_id3738,0.42449449234137027,0.4121630495851982,-1,-1
n_id3739,0.42820471061998516,0.40778436131676865,-1,-1
n_id3740,0.43055625626702826,0.4060055212346457,-1,-1
n_id3741,0.43217620851027594,0.4036451348582117,-1,-1
n_id3742,0.4331168302661095,0.4030635923792911,-1,-1
n_id3743,0.435311604649124,0.40090845516736845,-1,-1
n_id3744,0.43677478562834304,0.3992322377597892,-1,-1
n_id3745,0.4392831025394147,0.39680343753879327,-1,-1
n_id3746,0.4408508035229908,0.3952640554511524,-1,-1
n_id3747,0.4421049561501717,0.39276683375479116,-1,-1
n_id3748,0.4433591146057245,0.39091957601270466,-1,-1
n_id3749,0.44680805327262973,0.386540887744264,-1,-1
n_id3750,0.44931636435532957,0.3834621235689933,-1,-1
n_id3751,0.4514066303906969,0.38062281738819354,-1,-1
n_id3752,0.45307883972195406,0.3784676839916614,-1,-1
n_id3753,0.4556394137210352,0.37682567541407513,-1,-1
n_id3754,0.4596631686993355,0.37258382246557276,-1,-1
n_id3755,0.4612308638545736,0.3695734759502546,-1,-1
n_id3756,0.46467980252147884,0.36498953470192314,-1,-1
n_id3757,0.4694874021632123,0.36006351278455484,-1,-1
n_id3758,0.4716299252865891,0.3582162550424683,-1,-1
n_id3759,0.4736679284055411,0.3558558686660343,-1,-1
n_id3760,0.4771168670724463,0.35205872669191585,-1,-1
n_id3761,0.4792593843674513,0.3492536293410979,-1,-1
n_id3762,0.4823425234182898,0.34685903413469316,-1,-1
n_id3763,0.48391021857352795,0.34528544321707044,-1,-1
n_id3764,0.4896061887114572,0.34005154182985486,-1,-1
n_id3765,0.49075583299095704,0.33775957311338445,-1,-1
n_id3766,0.49321189281401917,0.3358781065413161,-1,-1
n_id3767,0.4966608256525526,0.3333808848449549,-1,-1
n_id3768,0.49848980624787226,0.33057579130953857,-1,-1
n_id3769,0.5010503744185816,0.3284206540976048,-1,-1
n_id3770,0.5029838691898864,0.32629972953105446,-1,-1
n_id3771,0.5051786435729009,0.32424721880906604,-1,-1
n_id3772,0.5068508587325299,0.3228446720413634,-1,-1
n_id3773,0.5076869604839725,0.3222631257470523,-1,-1
n_id3774,0.5128603655701445,0.3182265219630502,-1,-1
n_id3775,0.5146370890774546,0.3163792642209637,-1,-1
n_id3776,0.515512386559065,0.31610559739649985,-1,-1
n_id3777,0.5161655885024913,0.3156694367219161,-1,-1
n_id3778,0.5182427873516448,0.313882046339993,-1,-1
n_id3779,0.5193924374595165,0.3129584155612545,-1,-1
n_id3780,0.5212214122264642,0.3112137804937117,-1,-1
n_id3781,0.5228936273860932,0.30977702489602726,-1,-1
n_id3782,0.5249838875930888,0.3083744781283136,-1,-1
n_id3783,0.5262380460486076,0.3070745540351658,-1,-1
n_id3784,0.5286941058716698,0.3046457499987682,-1,-1
n_id3785,0.5309933944307034,0.302730074596707,-1,-1
n_id3786,0.5328223750259891,0.30129331899902256,-1,-1
n_id3787,0.5383093168118802,0.2983000768986953,-1,-1
n_id3788,0.5412356845986562,0.2964528153412182,-1,-1
n_id3789,0.5420717863501329,0.2957686463723523,-1,-1
n_id3790,0.5427511226658849,0.2950844774034863,-1,-1
n_id3791,0.5442665665614853,0.2919030867382591,-1,-1
n_id3792,0.5453639537530095,0.2896111180217998,-1,-1
n_id3793,0.5471406772602857,0.2864639361865544,-1,-1
n_id3794,0.5486038582395049,0.2838640918156383,-1,-1
n_id3795,0.5495967370833479,0.2814694966092225,-1,-1
n_id3796,0.5502238163111243,0.27921173672273386,-1,-1
n_id3797,0.5511121751505764,0.27664609736640905,-1,-1
n_id3798,0.5517915114663624,0.2737725861710291,-1,-1
n_id3799,0.5528888986578527,0.2702833160359547,-1,-1
n_id3800,0.5541430571133715,0.26751243133052016,-1,-1
n_id3801,0.5554494726569339,0.2622443211133339,-1,-1
n_id3802,0.555658501008972,0.2606365213657294,-1,-1
n_id3803,0.33483527075524744,0.5093664899475279,-1,-1
n_id3804,0.3370823080546433,0.5087849436532168,-1,-1
n_id3805,0.3391725682616048,0.5079639393644236,-1,-1
n_id3806,0.34188990769637667,0.506971894741112,-1,-1
n_id3807,0.34612269102671506,0.5057403883079279,-1,-1
n_id3808,0.34722007821820533,0.5051588420136168,-1,-1
n_id3809,0.3481606999740389,0.5046799260246527,-1,-1
n_id3810,0.349728395129277,0.504029962070378,-1,-1
n_id3811,0.3523412262164017,0.5023537484782005,-1,-1
n_id3812,0.3557379019669255,0.500745948730596,-1,-1
n_id3813,0.3588210410177641,0.4990355224930461,-1,-1
n_id3814,0.3627925389080548,0.497530349235387,-1,-1
n_id3815,0.36472603367935963,0.49626463397220993,-1,-1
n_id3816,0.3672866076784408,0.4945200027200688,-1,-1
n_id3817,0.36801820108223626,0.4938700387657941,-1,-1
n_id3818,0.372094213148546,0.49085969225048703,-1,-1
n_id3819,0.37538637472305086,0.4886361411939802,-1,-1
n_id3820,0.37883530756158423,0.4866862569619483,-1,-1
n_id3821,0.38097783068496105,0.4854889593587348,-1,-1
n_id3822,0.383015833803947,0.48487320423444186,-1,-1
n_id3823,0.38374742720770855,0.48456532857999624,-1,-1
n_id3824,0.3886595468538328,0.4819654842090802,-1,-1
n_id3825,0.39236976513244776,0.47970772432260267,-1,-1
n_id3826,0.3944077682514337,0.4782709649095166,-1,-1
n_id3827,0.3967593138984429,0.4773815467761504,-1,-1
n_id3828,0.3990063453694669,0.4762526668329005,-1,-1
n_id3829,0.4036049283159059,0.47454224059535066,-1,-1
n_id3830,0.4043365158913295,0.4742685737708868,-1,-1
n_id3831,0.4083080196099921,0.47279760552781896,-1,-1
n_id3832,0.41175695244852545,0.47166872558458023,-1,-1
n_id3833,0.4152058852870588,0.4702319699868847,-1,-1
n_id3834,0.41933415444137817,0.4681794592648963,-1,-1
n_id3835,0.42445530243954055,0.46557961489398025,-1,-1
n_id3836,0.4280610065421364,0.46393760631639397,-1,-1
n_id3837,0.43004675257311287,0.46284293520313696,-1,-1
n_id3838,0.43114413976460314,0.461987722084362,-1,-1
n_id3839,0.435429180182951,0.4586694999145982,-1,-1
n_id3840,0.4387736046738372,0.45630911353816417,-1,-1
n_id3841,0.43997550604138047,0.4555565269093346,-1,-1
n_id3842,0.44253607421208985,0.45377768301182114,-1,-1
n_id3843,0.4437379755795992,0.4526488030685824,-1,-1
n_id3844,0.44687337171844727,0.44885166109445285,-1,-1
n_id3845,0.45136743466049534,0.44508872795031623,-1,-1
n_id3846,0.45361447195985727,0.4427283415738822,-1,-1
n_id3847,0.4550253958510668,0.4396495773986004,-1,-1
n_id3848,0.45617504013060056,0.43718656453222093,-1,-1
n_id3849,0.4581607919899149,0.4338683385470666,-1,-1
n_id3850,0.4609826456007058,0.43048169871733916,-1,-1
n_id3851,0.4624980894962723,0.42883969013975287,-1,-1
n_id3852,0.4637522479518251,0.4276081875219593,-1,-1
n_id3853,0.46725343787836804,0.42357158373795717,-1,-1
n_id3854,0.46944821226138256,0.4204244019027118,-1,-1
n_id3855,0.47075462780494487,0.4175508868919302,-1,-1
n_id3856,0.47253135131222107,0.41385637140775716,-1,-1
n_id3857,0.47373325267973043,0.41153019386130496,-1,-1
n_id3858,0.4751964336589495,0.4097513499637915,-1,-1
n_id3859,0.47561449036305964,0.4088619318304253,-1,-1
n_id3860,0.4776002363940021,0.4062962924741005,-1,-1
n_id3861,0.47916793737761204,0.40304648796430026,-1,-1
n_id3862,0.48031758165711186,0.4005834750979208,-1,-1
n_id3863,0.4818330197243405,0.39822308872148676,-1,-1
n_id3864,0.4844981078994747,0.3956232443505707,-1,-1
n_id3865,0.48522969547489825,0.394733822401814,-1,-1
n_id3866,0.4872677044222221,0.390834053937739,-1,-1
n_id3867,0.48862637705379397,0.3887131255557981,-1,-1
n_id3868,0.4897760213332938,0.3870027031336388,-1,-1
n_id3869,0.4909256656128275,0.3850528189016069,-1,-1
n_id3870,0.4917095161046325,0.383513436813966,-1,-1
n_id3871,0.49249336076806566,0.38228193038077074,-1,-1
n_id3872,0.49526296311918494,0.37886108172106153,-1,-1
n_id3873,0.49829384508201396,0.37574810871579795,-1,-1
n_id3874,0.49939123227350424,0.37297722019497287,-1,-1
n_id3875,0.5005931336410137,0.37123258512744123,-1,-1
n_id3876,0.5019518004442136,0.3694537450453183,-1,-1
n_id3877,0.5041988377436095,0.3663407720400547,-1,-1
n_id3878,0.5055052474588,0.3649040164423592,-1,-1
n_id3879,0.5100515733171955,0.3611752883128138,-1,-1
n_id3880,0.5130824552800245,0.3592596129107526,-1,-1
n_id3881,0.5170539531703152,0.35700185302427506,-1,-1
n_id3882,0.5198758067810723,0.3547783019677682,-1,-1
n_id3883,0.5220183299044491,0.35286262275032754,-1,-1
n_id3884,0.5233247396196395,0.35190478695699773,-1,-1
n_id3885,0.43302537744789843,0.46243243305874593,-1,-1
n_id3886,0.4347498438671651,0.4618508905798254,-1,-1
n_id3887,0.436996881166561,0.4613035531154961,-1,-1
n_id3888,0.44102063614486126,0.46089305097110506,-1,-1
n_id3889,0.44358120431557063,0.46055096648666655,-1,-1
n_id3890,0.4465075779307524,0.4601404643422755,-1,-1
n_id3891,0.45058358999706216,0.45894316673906205,-1,-1
n_id3892,0.45361447195985727,0.458293206600189,-1,-1
n_id3893,0.45894464248171984,0.4577458691358597,-1,-1
n_id3894,0.46317742581205823,0.4576090338159325,-1,-1
n_id3895,0.4637522479518251,0.45757482880134126,-1,-1
n_id3896,0.47065011362892584,0.4545302696406507,-1,-1
n_id3897,0.4740990464674592,0.4527856383885096,-1,-1
n_id3898,0.476137055414783,0.45182779877978924,-1,-1
n_id3899,0.47937695990131224,0.450596292346594,-1,-1
n_id3900,0.48178076263633096,0.449672665383246,-1,-1
n_id3901,0.4824600989521169,0.4491253279189167,-1,-1
n_id3902,0.48543872382693637,0.4482017009555798,-1,-1
n_id3903,0.48878314831782255,0.4476543634912505,-1,-1
n_id3904,0.49583778525895184,0.44577289691918215,-1,-1
n_id3905,0.4974054804141899,0.44563606159924385,-1,-1
n_id3906,0.49980928314924256,0.4454992300947072,-1,-1
n_id3907,0.5048781682310236,0.443002008398346,-1,-1
n_id3908,0.5094767511774286,0.4410863329962959,-1,-1
n_id3909,0.5112012175967292,0.440470577872003,-1,-1
n_id3910,0.515956565978825,0.4393416979287642,-1,-1
n_id3911,0.5196145271693965,0.4383496533054526,-1,-1
n_id3912,0.5252582343909443,0.4373918136967212,-1,-1
n_id3913,0.5267214211985353,0.43667343589788454,-1,-1
n_id3914,0.527766551302016,0.4360576845889822,-1,-1
n_id3915,0.5324696425961022,0.4345183025013413,-1,-1
n_id3916,0.5369637113664882,0.43335521372812075,-1,-1
n_id3917,0.5411442317804791,0.432876293923755,-1,-1
n_id3918,0.5472582527941128,0.432876293923755,-1,-1
n_id3919,0.5505504201969894,0.43335521372812075,-1,-1
n_id3920,0.5521181153522275,0.4336288805525846,-1,-1
n_id3921,0.5564031557705754,0.4321579161249073,-1,-1
n_id3922,0.5596430602571046,0.4316789963205526,-1,-1
n_id3923,0.5626739422198997,0.4304132810573756,-1,-1
n_id3924,0.5669589826382816,0.43000277891297345,-1,-1
n_id3925,0.5732297749159437,0.42966069442854604,-1,-1
n_id3926,0.5759471143507157,0.42914756960960015,-1,-1
n_id3927,0.5803889260330921,0.42839497916536895,-1,-1
n_id3928,0.5828972371157919,0.42805289468094154,-1,-1
n_id3929,0.5847262177111116,0.42805289468094154,-1,-1
n_id3930,0.591310546688493,0.42623984576883683,-1,-1
n_id3931,0.5961181521585983,0.4251451746555798,-1,-1
n_id3932,0.5995670849971316,0.42487150783111605,-1,-1
n_id3933,0.6033295603637222,0.42459783719125055,-1,-1
n_id3934,0.6069352644663181,0.4248030901711413,-1,-1
n_id3935,0.6088687592376228,0.4245294195312869,-1,-1
n_id3936,0.8183653676613404,0.29210833590275936,-1,-1
n_id3937,0.8168760581381336,0.29286092634699057,-1,-1
n_id3938,0.8156480282266024,0.2934424688259,-1,-1
n_id3939,0.8143154841390184,0.2940582201348024,-1,-1
n_id3940,0.8126432748077612,0.294537139939157,-1,-1
n_id3941,0.8090636992491871,0.29544366630291574,-1,-1
n_id3942,0.8079140549696873,0.29593969052226127,-1,-1
n_id3943,0.8048309159188487,0.2970685704655111,-1,-1
n_id3944,0.7996836452050364,0.2992237038620433,-1,-1
n_id3945,0.7981420727654482,0.2997539369113817,-1,-1
n_id3946,0.7949282968229407,0.30086571243962956,-1,-1
n_id3947,0.7924461084558908,0.3017209255584045,-1,-1
n_id3948,0.790381976792917,0.30267876135173427,-1,-1
n_id3949,0.7868024012343429,0.305090460973141,-1,-1
n_id3950,0.7849995491830449,0.30589436084694327,-1,-1
n_id3951,0.7832489542197565,0.3071771805251112,-1,-1
n_id3952,0.7813154594484517,0.3082889560533591,-1,-1
n_id3953,0.7790684279774277,0.3096230851610981,-1,-1
n_id3954,0.7775007269938177,0.3107177600897567,-1,-1
n_id3955,0.7759330318385795,0.3118808488629884,-1,-1
n_id3956,0.7749140302791205,0.31259922666182505,-1,-1
n_id3957,0.7733202007514889,0.3136254801151184,-1,-1
n_id3958,0.7672061797378552,0.3177818148040679,-1,-1
n_id3959,0.7664745921624316,0.3183633572829774,-1,-1
n_id3960,0.7650636624428503,0.31942381956625254,-1,-1
n_id3961,0.7634437101996026,0.3208947878093204,-1,-1
n_id3962,0.7621372946560403,0.32216049925710694,-1,-1
n_id3963,0.7609876503765405,0.32316965211079995,-1,-1
n_id3964,0.7599163917290379,0.32472613861343175,-1,-1
n_id3965,0.7581657967657496,0.3266076051855001,-1,-1
n_id3966,0.7569377668542184,0.3288995739019705,-1,-1
n_id3967,0.7564935816061544,0.3298916185252821,-1,-1
n_id3968,0.7540375276114302,0.33350061574989115,-1,-1
n_id3969,0.753514956731335,0.3340650576292114,-1,-1
n_id3970,0.7517904903120682,0.3355360220568887,-1,-1
n_id3971,0.7484722001935418,0.33827270174773194,-1,-1
n_id3972,0.7468261194062724,0.3401541683198003,-1,-1
n_id3973,0.7454674467747344,0.3410777990985499,-1,-1
n_id3974,0.7437429803554677,0.3420014260618979,-1,-1
n_id3975,0.7422275364598674,0.3428395347656819,-1,-1
n_id3976,0.7407643554806482,0.3441394588588297,-1,-1
n_id3977,0.7396147112011484,0.34573015419144326,-1,-1
n_id3978,0.7386218381856433,0.34638011433032745,-1,-1
n_id3979,0.7357215931144832,0.34822737207241394,-1,-1
n_id3980,0.7342584121352981,0.3492536293410979,-1,-1
n_id3981,0.7326123313480287,0.35034830045436594,-1,-1
n_id3982,0.7312536587164569,0.3511693047431591,-1,-1
n_id3983,0.7299211146289067,0.35197320461696135,-1,-1
n_id3984,0.7277263402458922,0.35334154255468214,-1,-1
n_id3985,0.725949616738616,0.3543164865784045,-1,-1
n_id3986,0.7231538916718467,0.3564374111449548,-1,-1
n_id3987,0.72145554796823,0.3579596888176048,-1,-1
n_id3988,0.7170137421141914,0.36085030824336617,-1,-1
n_id3989,0.7156550694826536,0.361739730192134,-1,-1
n_id3990,0.7140351172394058,0.36288571455036367,-1,-1
n_id3991,0.7117619572243601,0.3643224701480592,-1,-1
n_id3992,0.7099329766290744,0.3652974141717704,-1,-1
n_id3993,0.7070849944742956,0.36669996093947305,-1,-1
n_id3994,0.7053082709670194,0.3676920055627846,-1,-1
n_id3995,0.7029305967759546,0.36883798992102534,-1,-1
n_id3996,0.7015719241444167,0.3694537450453183,-1,-1
n_id3997,0.699847457725116,0.37046289408362076,-1,-1
n_id3998,0.6966075474102829,0.37210490266120705,-1,-1
n_id3999,0.6944127730272683,0.3731140516995095,-1,-1
n_id4000,0.6920350988362035,0.3746705382021413,-1,-1
n_id4001,0.690284503872949,0.37590204463532545,-1,-1
n_id4002,0.689396139205125,0.376586217419582,-1,-1
n_id4003,0.6869139508380412,0.3777835112074049,-1,-1
n_id4004,0.6847191764550267,0.37901501764058904,-1,-1
n_id4005,0.682315373719974,0.3803149417337479,-1,-1
n_id4006,0.6782393616536642,0.38241876570069794,-1,-1
n_id4007,0.6756526591105952,0.3834621235689933,-1,-1
n_id4008,0.6748426859031403,0.38418050136782994,-1,-1
n_id4009,0.6733794990955494,0.3852067548211344,-1,-1
n_id4010,0.672517268800119,0.38585671877540917,-1,-1
n_id4011,0.6692773584852518,0.38756714119755736,-1,-1
n_id4012,0.6671348411902469,0.3887131255557981,-1,-1
n_id4013,0.6656455258386682,0.3898591099140278,-1,-1
n_id4014,0.6626930295078705,0.3908853671827228,-1,-1
n_id4015,0.6609946916325915,0.3921510824458888,-1,-1
n_id4016,0.6597405331770726,0.39293787790470014,-1,-1
n_id4017,0.6578331669497557,0.39430621584243203,-1,-1
n_id4018,0.6556645211107629,0.395571931105598,-1,-1
n_id4019,0.6532084612877007,0.39680343753879327,-1,-1
n_id4020,0.651954302832148,0.39753891975263195,-1,-1
n_id4021,0.6513533521483932,0.39791521306704114,-1,-1
n_id4022,0.64879278397765,0.3987362173558343,-1,-1
n_id4023,0.6471989544500522,0.3997966796391095,-1,-1
n_id4024,0.6459186674505116,0.400720310417848,-1,-1
n_id4025,0.6443509722952735,0.4018491903610979,-1,-1
n_id4026,0.6426787629640163,0.40299517471932755,-1,-1
n_id4027,0.6403794744049828,0.40427799058209385,-1,-1
n_id4028,0.6387333877893755,0.4052016213608435,-1,-1
n_id4029,0.6353628405828394,0.40684362993842976,-1,-1
n_id4030,0.6333248374638535,0.4082803855361142,-1,-1
n_id4031,0.6317571364802774,0.40940926547936407,-1,-1
n_id4032,0.6300849271489863,0.41043552274804795,-1,-1
n_id4033,0.6272892020822172,0.4116670253658416,-1,-1
n_id4034,0.6257998867306385,0.412795909124482,-1,-1
n_id4035,0.6238925205033214,0.41416424706220284,-1,-1
n_id4036,0.6205219732968194,0.4161825489542094,-1,-1
n_id4037,0.6201561795090905,0.41655884226861867,-1,-1
n_id4038,0.6190065352295907,0.41767061779687764,-1,-1
n_id4039,0.616498218318519,0.41953497995395506,-1,-1
n_id4040,0.6145124664591708,0.4207151731421665,-1,-1
n_id4041,0.613362822179671,0.42143355094101426,-1,-1
n_id4042,0.6120041495480991,0.4221861375698438,-1,-1
n_id4043,0.6070397786423372,0.425778030379462,-1,-1
n_id4044,0.6062297996065444,0.42634247225878225,-1,-1
n_id4045,0.6042440477471961,0.4275568742769866,-1,-1
n_id4046,0.6027024811359798,0.4286002321452709,-1,-1
n_id4047,0.6008996290846818,0.42974621650350053,-1,-1
n_id4048,0.5995932135411195,0.43058432520728457,-1,-1
n_id4049,0.5981561611059222,0.4313711206660959,-1,-1
n_id4050,0.5959875094385575,0.43226054261485264,-1,-1
n_id4051,0.5929827560197503,0.4342446318614758,-1,-1
n_id4052,0.5923034197039643,0.43509984498026183,-1,-1
n_id4053,0.591075395620805,0.43624582933849154,-1,-1
n_id4054,0.5889067439534404,0.4373918136967212,-1,-1
n_id4055,0.5869471206381139,0.43867463337488916,-1,-1
n_id4056,0.5853794254828758,0.4394956376636823,-1,-1
n_id4057,0.5847784747991212,0.4398548265631006,-1,-1
n_id4058,0.5824530576960658,0.4410179153363323,-1,-1
n_id4059,0.5809114910848494,0.44194154611507086,-1,-1
n_id4060,0.5782986599977588,0.4430191128133369,-1,-1
n_id4061,0.5758164716306748,0.4441993060015595,-1,-1
n_id4062,0.5734649259836317,0.4452768726998255,-1,-1
n_id4063,0.5698069647930603,0.44738069666678665,-1,-1
n_id4064,0.5697547077050508,0.44741490549676843,-1,-1
n_id4065,0.566122875058467,0.4496213521382733,-1,-1
n_id4066,0.564868722431286,0.45032262552213015,-1,-1
n_id4067,0.5634055356236952,0.45140019222039623,-1,-1
n_id4068,0.5618378404684571,0.45251197156404577,-1,-1
n_id4069,0.5605836820129382,0.4532645581928753,-1,-1
n_id4070,0.5591727522933568,0.45411976749624855,-1,-1
n_id4071,0.5569779779103423,0.45548810924937105,-1,-1
n_id4072,0.5532416310877396,0.4570617001669937,-1,-1
n_id4073,0.5522226295282466,0.4578484956258051,-1,-1
n_id4074,0.5500801064049037,0.45897737556904383,-1,-1
n_id4075,0.5475456667781822,0.4600891510973028,-1,-1
n_id4076,0.54508960695512,0.4612693442855143,-1,-1
n_id4077,0.5427119327640891,0.46260347720865497,-1,-1
n_id4078,0.5414316457645485,0.4633560638374845,-1,-1
n_id4079,0.5396026651692288,0.4645533614406869,-1,-1
n_id4080,0.5369375828225004,0.46595590820840055,-1,-1
n_id4081,0.5355789101909285,0.4671532058116029,-1,-1
n_id4082,0.5339067008596714,0.46855575257931664,-1,-1
n_id4083,0.5322867427880519,0.4698043634274917,-1,-1
n_id4084,0.5305100192807757,0.47095034778573247,-1,-1
n_id4085,0.5290468383015566,0.4717371432445438,-1,-1
n_id4086,0.5277142942140065,0.47245552104339156,-1,-1
n_id4087,0.5259114421627086,0.4734817783120755,-1,-1
n_id4088,0.5241608471994541,0.47413173845095963,-1,-1
n_id4089,0.5215218875683416,0.4756882249535914,-1,-1
n_id4090,0.5203461147448201,0.47638949833743716,-1,-1
n_id4091,0.5184648828898967,0.4772960247011959,-1,-1
n_id4092,0.5147807931553035,0.4789551376937731,-1,-1
n_id4093,0.5103651100169148,0.4804945197814029,-1,-1
n_id4094,0.5073080995100979,0.48141814674475086,-1,-1
n_id4095,0.5041988377436095,0.4824444040134459,-1,-1
n_id4096,0.5027617794800403,0.48307725973732807,-1,-1
n_id4097,0.500645390729057,0.4836930110462304,-1,-1
n_id4098,0.4988686672217469,0.48468505948493257,-1,-1
n_id4099,0.4963080932226657,0.48615602391260987,-1,-1
n_id4100,0.4954197285548417,0.4866349437169756,-1,-1
n_id4101,0.48990666405333455,0.48916637042792804,-1,-1
n_id4102,0.4881038120020366,0.4902781497715665,-1,-1
n_id4103,0.4859612888786937,0.4914925479743692,-1,-1
n_id4104,0.48431520809142437,0.4922964478481714,-1,-1
n_id4105,0.48238171332011953,0.49311745213696456,-1,-1
n_id4106,0.47827957270978805,0.49465683422460544,-1,-1
n_id4107,0.4773389567823263,0.49510154519898936,-1,-1
n_id4108,0.4765289777464996,0.49549494292838947,-1,-1
n_id4109,0.47496128259126147,0.49660671845664844,-1,-1
n_id4110,0.4739161466594089,0.497769807229869,-1,-1
n_id4111,0.4729755307319472,0.4982487270342348,-1,-1
n_id4112,0.4700491629451372,0.5000104665167573,-1,-1
n_id4113,0.4666263586506256,0.5017037845239257,-1,-1
n_id4114,0.46456222115928,0.5026445197176552,-1,-1
n_id4115,0.4619232673565394,0.5036536687559576,-1,-1
n_id4116,0.45716791897444364,0.5062535169422754,-1,-1
n_id4117,0.45549570381481463,0.5071429350756305,-1,-1
n_id4118,0.45238644204832623,0.5088875701431733,-1,-1
n_id4119,0.450844869608738,0.5098111971065101,-1,-1
n_id4120,0.4486762237697452,0.5116926674939801,-1,-1
n_id4121,0.4477617305579334,0.5124110452928279,-1,-1
n_id4122,0.44493987694714243,0.514155676544969,-1,-1
n_id4123,0.44300638217583765,0.5155582271280733,-1,-1
n_id4124,0.4419873806163447,0.5164305408464375,-1,-1
n_id4125,0.43997550604138047,0.5182778024039256,-1,-1
n_id4126,0.43827716233772973,0.5192185337822645,-1,-1
n_id4127,0.4363436733947968,0.5203132048955215,-1,-1
n_id4128,0.43441017862345804,0.5213052533342347,-1,-1
n_id4129,0.43218927569645577,0.5225367597674189,-1,-1
n_id4130,0.42701587061028384,0.5259747128421189,-1,-1
n_id4131,0.42529140419101713,0.5267101950559576,-1,-1
n_id4132,0.4220514997045218,0.5279759103191347,-1,-1
n_id4133,0.4202486476532239,0.528591661628026,-1,-1
n_id4134,0.41742678821409507,0.5295666056517483,-1,-1
n_id4135,0.4084125337860111,0.533158494645976,-1,-1
n_id4136,0.40836027669800157,0.5332611211359213,-1,-1
n_id4137,0.40786384019023203,0.5336716232803124,-1,-1
n_id4138,0.40527713764716305,0.535022860618444,-1,-1
n_id4139,0.40295172054410777,0.5361517405616827,-1,-1
n_id4140,0.4002866323690075,0.5372635160899416,-1,-1
n_id4141,0.3940419744637049,0.5401199266857212,-1,-1
n_id4142,0.39325812397189996,0.5408040956545872,-1,-1
n_id4143,0.391455271920602,0.5419671844278077,-1,-1
n_id4144,0.3888424466618831,0.5432500041059757,-1,-1
n_id4145,0.3854718936270091,0.5446012376287056,-1,-1
n_id4146,0.38155265282472794,0.546893206345176,-1,-1
n_id4147,0.3800633374731153,0.5477997327089237,-1,-1
n_id4148,0.3783388710538486,0.5486378414127077,-1,-1
n_id4149,0.3759089397748082,0.5497154081109848,-1,-1
n_id4150,0.37410608772351023,0.5505193079847871,-1,-1
n_id4151,0.37047425507692655,0.5524007745568554,-1,-1
n_id4152,0.36611083485491924,0.5548295785932531,-1,-1
n_id4153,0.3648566763993665,0.5555821652220826,-1,-1
n_id4154,0.3625835163843546,0.5568307760702577,-1,-1
n_id4155,0.3606500216130498,0.5578399251085602,-1,-1
n_id4156,0.35871652684174504,0.5591056403717373,-1,-1
n_id4157,0.35756688256221125,0.5599608534905122,-1,-1
n_id4158,0.35686141770243757,0.5604397694794763,-1,-1
n_id4159,0.17574012830723182,0.7649039432033835,-1,-1
n_id4160,0.18054773377733707,0.7637408544301518,-1,-1
n_id4161,0.18441471749160876,0.7631935207812243,-1,-1
n_id4162,0.18849072955791854,0.7625777656569313,-1,-1
n_id4163,0.19455249348354264,0.7614146768836997,-1,-1
n_id4164,0.20019620653346237,0.7603200057704427,-1,-1
n_id4165,0.20500381200356763,0.7595674191416131,-1,-1
n_id4166,0.20918433824589647,0.759772672121515,-1,-1
n_id4167,0.21587317557095906,0.7592937523171492,-1,-1
n_id4168,0.2224575045483405,0.7586779971928563,-1,-1
n_id4169,0.22507033563543125,0.7584727480283562,-1,-1
n_id4170,0.22862378264998368,0.7579938282239904,-1,-1
n_id4171,0.23384943899582722,0.7575149084196358,-1,-1
n_id4172,0.23865704446593244,0.7573096592551356,-1,-1
n_id4173,0.2439872149877611,0.7566254902862696,-1,-1
n_id4174,0.24774969035438557,0.7562149881418675,-1,-1
n_id4175,0.2514076515449571,0.7560097351619767,-1,-1
n_id4176,0.25569268613496704,0.7558729036574401,-1,-1
n_id4177,0.25872356809779606,0.7559413175020131,-1,-1
n_id4178,0.2609183483091485,0.7560097351619767,-1,-1
n_id4179,0.2625905576404057,0.7558044859974765,-1,-1
n_id4180,0.2705335534209871,0.7545045619043176,-1,-1
n_id4181,0.2760727522948878,0.7531362239665969,-1,-1
n_id4182,0.28108938611703116,0.7519731351933652,-1,-1
n_id4183,0.28662857916256,0.7513573800690723,-1,-1
n_id4184,0.2909136195809079,0.7506732111002173,-1,-1
n_id4185,0.2949896316472177,0.7501258736358881,-1,-1
n_id4186,0.2983340561381039,0.7495785399869493,-1,-1
n_id4187,0.30470935676344724,0.7482786158938015,-1,-1
n_id4188,0.31014404146132885,0.7476628645848992,-1,-1
n_id4189,0.32028181745326273,0.7465681896562406,-1,-1
n_id4190,0.3244623436956255,0.7460208560073129,-1,-1
n_id4191,0.3304195934452306,0.7454735185429836,-1,-1
n_id4192,0.33564524979104016,0.7447893495741177,-1,-1
n_id4193,0.33825808087816484,0.7443788474297266,-1,-1
n_id4194,0.34181152789271724,0.7434210116363968,-1,-1
n_id4195,0.34473789567952723,0.742394754367713,-1,-1
n_id4196,0.35832460450999454,0.7404106613056881,-1,-1
n_id4197,0.36198256570059995,0.739179154872504,-1,-1
n_id4198,0.3683578663259433,0.7378792345947356,-1,-1
n_id4199,0.3729564434440104,0.7368529773260517,-1,-1
n_id4200,0.3788091790175964,0.7358267238727583,-1,-1
n_id4201,0.38664766645049675,0.7339794661306718,-1,-1
n_id4202,0.3906191701691593,0.7330216265219404,-1,-1
n_id4203,0.3952177472872265,0.7325427067175857,-1,-1
n_id4204,0.40086145450877436,0.731379617944354,-1,-1
n_id4205,0.40671419008236037,0.7297376131821584,-1,-1
n_id4206,0.4125669314843182,0.728369271429047,-1,-1
n_id4207,0.4205099272648997,0.7260430938825947,-1,-1
n_id4208,0.42489948185930054,0.7252220895938016,-1,-1
n_id4209,0.4303341665571483,0.7235800810162153,-1,-1
n_id4210,0.43179734753636734,0.7233064141917515,-1,-1
n_id4211,0.437232032234249,0.7220749077585562,-1,-1
n_id4212,0.44026291419707797,0.7216644056141541,-1,-1
n_id4213,0.4422486660563923,0.721253903469763,-1,-1
n_id4214,0.4448614913151112,0.720774987480799,-1,-1
n_id4215,0.449146531733493,0.719064561243238,-1,-1
n_id4216,0.45238644204832623,0.7179014724700175,-1,-1
n_id4217,0.4542676797316554,0.7172173035011515,-1,-1
n_id4218,0.4557308607108745,0.7168068013567604,-1,-1
n_id4219,0.45677599081435527,0.7163962992123584,-1,-1
n_id4220,0.4577166125701888,0.7161226323878945,-1,-1
n_id4221,0.46513704329901295,0.7138648686860153,-1,-1
n_id4222,0.47381163831176165,0.7112650243150993,-1,-1
n_id4223,0.47715605697427604,0.709623015737513,-1,-1
n_id4224,0.47976888806136675,0.7082546777997922,-1,-1
n_id4225,0.48468100187915314,0.7070915890265606,-1,-1
n_id4226,0.4926240034880725,0.7051759136245104,-1,-1
n_id4227,0.4958639138029396,0.7038759895313516,-1,-1
n_id4228,0.49868576741373055,0.7033286520670222,-1,-1
n_id4229,0.5112273461407171,0.7001130563872149,-1,-1
n_id4230,0.5138401713994699,0.6992920520984217,-1,-1
n_id4231,0.5185432626935221,0.697718461180799,-1,-1
n_id4232,0.5238734390437565,0.6967606215720787,-1,-1
n_id4233,0.527426886058309,0.6953238659743832,-1,-1
n_id4234,0.5298306887933616,0.693681857396797,-1,-1
n_id4235,0.5320254631763761,0.6934081905723332,-1,-1
n_id4236,0.5349518309631521,0.6931345237478582,-1,-1
n_id4237,0.5372511195221857,0.6927924392634308,-1,-1
n_id4238,0.5397594364332574,0.6921082664791742,-1,-1
n_id4239,0.5475979238661917,0.6899873419126239,-1,-1
n_id4240,0.5504197774769826,0.6894400044482946,-1,-1
n_id4241,0.5527190660359822,0.689097919963856,-1,-1
n_id4242,0.554077738667554,0.6886874178194651,-1,-1
n_id4243,0.5610801185206739,0.6875243290462445,-1,-1
n_id4244,0.568605063425517,0.6860191557885854,-1,-1
n_id4245,0.574457798999103,0.6849244846753284,-1,-1
n_id4246,0.5767570933865084,0.6840350627265606,-1,-1
n_id4247,0.5815646988566137,0.6826667247888398,-1,-1
n_id4248,0.5858497334465896,0.6810247162112535,-1,-1
n_id4249,0.5924340624240051,0.6791090408092034,-1,-1
n_id4250,0.5953604302107811,0.6784248680249357,-1,-1
n_id4251,0.6008996290846818,0.6773301969116788,-1,-1
n_id4252,0.605498206202749,0.6767144456027875,-1,-1
n_id4253,0.6072749297100252,0.6765091926228857,-1,-1
n_id4254,0.6099922749731349,0.6758250236540196,-1,-1
n_id4255,0.6112464334286877,0.6751408546851648,-1,-1
n_id4256,0.6119780210041114,0.6750040193652266,-1,-1
n_id4257,0.6071181642743345,0.6791432496391852,-1,-1
n_id4258,0.6060730283424819,0.6802379207524422,-1,-1
n_id4259,0.602780866767977,0.6824614718089379,-1,-1
n_id4260,0.6002725498569054,0.6848218581853719,-1,-1
n_id4261,0.5974506962461484,0.6876269555361899,-1,-1
n_id4262,0.5942630430192908,0.689782088932722,-1,-1
n_id4263,0.5895076946371951,0.6936476485668152,-1,-1
n_id4264,0.5837594732396282,0.6985394654695922,-1,-1
n_id4265,0.5830801369238422,0.6998393857473494,-1,-1
n_id4266,0.5766525792104893,0.7052101224544922,-1,-1
n_id4267,0.5730468751078934,0.7090756820885853,-1,-1
n_id4268,0.5681347554618031,0.7123596954283562,-1,-1
n_id4269,0.567246396622317,0.7131806997171494,-1,-1
n_id4270,0.5617071977484502,0.7133859526970513,-1,-1
n_id4271,0.5591466237493351,0.7137280371814787,-1,-1
n_id4272,0.5570563635423735,0.7142411620004356,-1,-1
n_id4273,0.5528758373000447,0.715370045759065,-1,-1
n_id4274,0.5492178761094393,0.7161226323878945,-1,-1
n_id4275,0.5454554007428487,0.7166699660368333,-1,-1
n_id4276,0.541274874500486,0.7170462593512426,-1,-1
n_id4277,0.5369898340821381,0.7178330548100539,-1,-1
n_id4278,0.5328093078398093,0.7187566855887924,-1,-1
n_id4279,0.5293081179132664,0.719338228067713,-1,-1
n_id4280,0.5246572837071897,0.7199881920219877,-1,-1
n_id4281,0.517863932206108,0.720603943330879,-1,-1
n_id4282,0.5084577437895977,0.7218354497640742,-1,-1
n_id4283,0.5053746105671311,0.721698614444147,-1,-1
n_id4284,0.5018734148122163,0.7214933652796357,-1,-1
n_id4285,0.49591617089094914,0.721698614444147,-1,-1
n_id4286,0.49053374328111093,0.7221433254185198,-1,-1
n_id4287,0.48515131567123887,0.7228959120473494,-1,-1
n_id4288,0.4779921645540905,0.7245379206249356,-1,-1
n_id4289,0.474334203363519,0.7245721294549174,-1,-1
n_id4290,0.4727142511202714,0.7243668764750266,-1,-1
n_id4291,0.46665248719461333,0.7235800810162153,-1,-1
n_id4292,0.46017267239325094,0.722724871712831,-1,-1
n_id4293,0.45693276207838385,0.7223827872284035,-1,-1
n_id4294,0.4505574614530405,0.7214933652796357,-1,-1
n_id4295,0.44716077987414476,0.7206723609908425,-1,-1
n_id4296,0.44658595773441184,0.7206381521608607,-1,-1
n_id4297,0.4415170726525969,0.7198855655320423,-1,-1
n_id4298,0.4392700411815728,0.7193724368976948,-1,-1
n_id4299,0.43435792153544855,0.718414601104365,-1,-1
n_id4300,0.4295503160653433,0.71738834383567,-1,-1
n_id4301,0.42510851021133866,0.7167383836967969,-1,-1
n_id4302,0.41685196607432823,0.7158147529180473,-1,-1
n_id4303,0.4109469734127327,0.7150963751192106,-1,-1
n_id4304,0.403265257243827,0.713249117377124,-1,-1
n_id4305,0.39877119430177893,0.712838615232722,-1,-1
n_id4306,0.39365004630361655,0.7119149844539834,-1,-1
n_id4307,0.3906191701691593,0.7107861045107335,-1,-1
n_id4308,0.3896785484133258,0.7103071885217696,-1,-1
n_id4309,0.384818685855211,0.7069547537066333,-1,-1
n_id4310,0.37812984853018233,0.7037391542114243,-1,-1
n_id4311,0.3706048977969673,0.6998393857473494,-1,-1
n_id4312,0.36245287366434775,0.6965553724075674,-1,-1
n_id4313,0.35597305886295144,0.6940239418812244,-1,-1
n_id4314,0.349493244061589,0.692313519459065,-1,-1
n_id4315,0.34175927080470775,0.6895768397682218,-1,-1
n_id4316,0.33705617951062156,0.68649807559294,-1,-1
n_id4317,0.331726008988759,0.6827351386334128,-1,-1
n_id4318,0.32597778176285414,0.6799984589425584,-1,-1
n_id4319,0.31165947952855744,0.6749356017052629,-1,-1
n_id4320,0.30632930900669486,0.6723357573343469,-1,-1
n_id4321,0.30225329694038505,0.6700095797878947,-1,-1
n_id4322,0.29974498002931343,0.6688464910146741,-1,-1
n_id4323,0.2952509170872992,0.6672044824370877,-1,-1
n_id4324,0.29253357182415557,0.666246646643758,-1,-1
n_id4325,0.28479959856727427,0.6629626294885854,-1,-1
n_id4326,0.2833364175880552,0.6619363760352921,-1,-1
n_id4327,0.28197774495648337,0.6611153717464989,-1,-1
n_id4328,0.2764385460826166,0.6595417808288763,-1,-1
n_id4329,0.27351217829580665,0.6590628610245105,-1,-1
n_id4330,0.2706903246850157,0.6587207765400831,-1,-1
n_id4331,0.268182007773944,0.6581734390757538,-1,-1
n_id4332,0.2671368776704633,0.6579681899112535,-1,-1
n_id4333,0.26431502405967233,0.6574892701068878,-1,-1
n_id4334,0.2520869820323712,0.6546841727560809,-1,-1
n_id4335,0.2461297322827661,0.6530421679938853,-1,-1
n_id4336,0.24299434197228986,0.6521527460451285,-1,-1
n_id4337,0.24069505341325628,0.6518790792206647,-1,-1
n_id4338,0.23891832990598008,0.652084328385165,-1,-1
n_id4339,0.23776867979810842,0.6523579952096287,-1,-1
n_id4340,0.2295121414894698,0.6538631722826784,-1,-1
n_id4341,0.22763090380614062,0.654000003787215,-1,-1
n_id4342,0.22397294844394094,0.6536579193027876,-1,-1
n_id4343,0.22125560318079726,0.6526316658494942,-1,-1
n_id4344,0.21686605441480214,0.6514001594162989,-1,-1
n_id4345,0.21362614409993502,0.650715990447433,-1,-1
n_id4346,0.20829597357807245,0.6498265684986763,-1,-1
n_id4347,0.20442898403546284,0.6494844840142489,-1,-1
n_id4348,0.201711644600691,0.6496213155187854,-1,-1
n_id4349,0.20056200032119115,0.6496213155187854,-1,-1
n_id4350,0.1963814740788623,0.6489371465499195,-1,-1
n_id4351,0.19470926474757122,0.6486634797254557,-1,-1
n_id4352,0.18791590741815167,0.6469530534879058,-1,-1
n_id4353,0.18122707009312297,0.6451057957458082,-1,-1
n_id4354,0.1699396439932835,0.6422322807350377,-1,-1
n_id4355,0.16868549136610253,0.6419586139105738,-1,-1
n_id4356,0.16669973950678824,0.6412744449417079,-1,-1
n_id4357,0.16450496512377372,0.640658689817415,-1,-1
n_id4358,0.16419142259571656,0.640658689817415,-1,-1
n_id4359,0.56285684202795,0.712154446263856,-1,-1
n_id4360,0.5621252486241546,0.7115728999695449,-1,-1
n_id4361,0.5602962680288688,0.7104440200263061,-1,-1
n_id4362,0.5583105219978924,0.7094177665730128,-1,-1
n_id4363,0.5565337984906162,0.7085283446242561,-1,-1
n_id4364,0.5553841542111164,0.7078099668254083,-1,-1
n_id4365,0.554077738667554,0.7066810868821695,-1,-1
n_id4366,0.5532416310877396,0.706339002397731,-1,-1
n_id4367,0.5513865219484321,0.7047654114801083,-1,-1
n_id4368,0.5501062349488914,0.7031747161474947,-1,-1
n_id4369,0.5487475681456915,0.7017721655644016,-1,-1
n_id4370,0.5476501809542011,0.7010537877655538,-1,-1
n_id4371,0.5466311735663703,0.7001130563872149,-1,-1
n_id4372,0.5455337863748461,0.6991210079485016,-1,-1
n_id4373,0.543861577043589,0.6976842523508173,-1,-1
n_id4374,0.5417190597485839,0.6959738261132674,-1,-1
n_id4375,0.5411181090648293,0.6952896571444014,-1,-1
n_id4376,0.5400729731329766,0.6945370705155719,-1,-1
n_id4377,0.5356050387349502,0.6908596594463897,-1,-1
n_id4378,0.5331489789118882,0.6894229000333036,-1,-1
n_id4379,0.5300658398610496,0.6868230556623877,-1,-1
n_id4380,0.5274530146023307,0.6838811229916425,-1,-1
n_id4381,0.5243176184634827,0.6816233631051538,-1,-1
n_id4382,0.5217047873763919,0.6805971096518605,-1,-1
n_id4383,0.5193532417293488,0.6790577275642196,-1,-1
n_id4384,0.5159043088907815,0.6763552567033582,-1,-1
n_id4385,0.5106786525449719,0.6728317815537035,-1,-1
n_id4386,0.5081703356339002,0.6708134796616969,-1,-1
n_id4387,0.5064458692146335,0.6696503908884763,-1,-1
n_id4388,0.5045646315313044,0.668692551279756,-1,-1
n_id4389,0.5036240156038426,0.6682136352907808,-1,-1
n_id4390,0.5016382637445282,0.6672557956820605,-1,-1
n_id4391,0.5001228198489279,0.6663663737333038,-1,-1
n_id4392,0.4989209184814185,0.6656822047644378,-1,-1
n_id4393,0.49745773750219946,0.6651348711155102,-1,-1
n_id4394,0.4910824368768561,0.6620903119548196,-1,-1
n_id4395,0.4859090317906842,0.6593878410939581,-1,-1
n_id4396,0.4805788612688216,0.6569248320429693,-1,-1
n_id4397,0.4726358654882401,0.6528882282589672,-1,-1
n_id4398,0.46934369808536347,0.6515883041658083,-1,-1
n_id4399,0.4656334798067825,0.6502199662280875,-1,-1
n_id4400,0.45983300132117205,0.6478937886816353,-1,-1
n_id4401,0.45586150343088133,0.6458754867896286,-1,-1
n_id4402,0.44938168862951894,0.6431045982688036,-1,-1
n_id4403,0.4418044808082944,0.6399232076035763,-1,-1
n_id4404,0.4388258559334749,0.638657496155801,-1,-1
n_id4405,0.4356904656229987,0.6375286123971605,-1,-1
n_id4406,0.4321370186084462,0.6357155634850559,-1,-1
n_id4407,0.4297854729614031,0.6348603503662809,-1,-1
n_id4408,0.4288971082935791,0.6346893100317624,-1,-1
n_id4409,0.4260229975948126,0.6327736346297124,-1,-1
n_id4410,0.421476677564755,0.6312342525420714,-1,-1
n_id4411,0.4169826087943351,0.6298317019589672,-1,-1
n_id4412,0.41494460567538305,0.6290791153301376,-1,-1
n_id4413,0.411913723712554,0.6282923198713263,-1,-1
n_id4414,0.40956217806551093,0.6275397332424968,-1,-1
n_id4415,0.4036049283159059,0.6252819733560192,-1,-1
n_id4416,0.3961844917587099,0.6225452936651649,-1,-1
n_id4417,0.3935716664999571,0.6209717027475422,-1,-1
n_id4418,0.39007047074504236,0.6193639029999377,-1,-1
n_id4419,0.38594220159072307,0.6165930144791126,-1,-1
n_id4420,0.38270229710422776,0.6136168767937873,-1,-1
n_id4421,0.3808210594209325,0.611119655097415,-1,-1
n_id4422,0.3758044255987891,0.6075961799477604,-1,-1
n_id4423,0.3709445688690123,0.6041753312880512,-1,-1
n_id4424,0.36854076613395964,0.6016439045770987,-1,-1
n_id4425,0.3649350620313977,0.5993177270306576,-1,-1
n_id4426,0.3581939617899877,0.5967178788443398,-1,-1
n_id4427,0.35474502895142035,0.5929549457002032,-1,-1
n_id4428,0.3532818421438634,0.5909708526381784,-1,-1
n_id4429,0.3509302964968203,0.588439425927226,-1,-1
n_id4430,0.3463317193787532,0.5854974932564919,-1,-1
n_id4431,0.34460725295948647,0.5843001956532784,-1,-1
n_id4432,0.3423079644004529,0.5827266047356557,-1,-1
n_id4433,0.3341559344394615,0.5765690763851032,-1,-1
n_id4434,0.3298186427614759,0.5732850592299307,-1,-1
n_id4435,0.32616068157087047,0.5707536325189783,-1,-1
n_id4436,0.32260723455631807,0.5687695394569645,-1,-1
n_id4437,0.32025568890927497,0.5671959485393419,-1,-1
n_id4438,0.31826993704996065,0.5654855223017808,-1,-1
n_id4439,0.3152913121751411,0.5622699266219735,-1,-1
n_id4440,0.3109017634091121,0.5587806603023007,-1,-1
n_id4441,0.3084979606740595,0.5565228966004215,-1,-1
n_id4442,0.30640769463872614,0.5547098476883168,-1,-1
n_id4443,0.3051535361831733,0.5532388832606395,-1,-1
n_id4444,0.3043696915197402,0.5517337100029804,-1,-1
n_id4445,0.30374261229196375,0.5500232837654305,-1,-1
n_id4446,0.30369035520395427,0.5488259861622281,-1,-1
n_id4447,0.3037948635516354,0.5473892305645326,-1,-1
n_id4448,0.3042129202557116,0.5447209685336529,-1,-1
n_id4449,0.883334543110921,0.2483235555009735,-1,1
n_id4450,0.8815958263480982,0.24635447601759056,-1,-1
n_id4451,0.8815958263480982,0.24519138724435888,-1,-1
n_id4452,0.8813868038244319,0.24443880061552933,-1,-1
n_id4453,0.8807597245966555,0.2434125433468454,-1,-1
n_id4454,0.08900727450788502,0.8034141577399336,-1,-1
n_id4455,0.08838019528014256,0.803961495204263,-1,-1
n_id4456,0.08628993507314708,0.80505616631752,-1,-1
n_id4457,0.0848267482655562,0.8061508374307769,-1,-1
n_id4458,0.08440869738985182,0.8063560865952771,-1,-1
n_id4459,0.08315453893429901,0.8071086732241066,-1,-1
n_id4460,0.08231843135448452,0.8077928460083632,-1,-1
n_id4461,0.08127330125100375,0.808750681801693,-1,-1
n_id4462,0.08054170784720831,0.8094348545859494,-1,-1
n_id4463,0.07970560609576563,0.8105295256992175,-1,-1
n_id4464,0.07876498433993208,0.811966281296902,-1,-1
n_id4465,0.07792888258845548,0.8130609524101701,-1,-1
n_id4466,0.07740631753673206,0.8138135390389885,-1,-1
n_id4467,0.07677923830895567,0.8149082101522566,-1,-1
n_id4468,0.07636118160487947,0.8168238893696972,-1,-1
n_id4469,0.07625666742886042,0.8183974802873198,-1,-1
n_id4470,0.07625666742886042,0.819492151400588,-1,-1
n_id4471,0.07625666742886042,0.8211341561627726,-1,-1
n_id4472,0.07500251480167944,0.8243497556579815,-1,-1
n_id4473,0.07479348644964134,0.8251707599467747,-1,-1
n_id4474,0.0738528646938078,0.8272232706687631,-1,-1
n_id4475,0.07374835634612664,0.8276337728131542,-1,-1
n_id4476,0.07312127711838418,0.8291389460708133,-1,-1
n_id4477,0.07270322041427404,0.8313282882973383,-1,-1
n_id4478,0.07249419789060778,0.8326966300504497,-1,-1
n_id4479,0.07249419789060778,0.8346807231124744,-1,-1
n_id4480,0.07238968371458872,0.8363911455346338,-1,-1
n_id4481,0.07218065536255062,0.837212149823427,-1,-1
n_id4482,0.07176260448681232,0.8382384070921108,-1,-1
n_id4483,0.0706129602073125,0.8398119980097336,-1,-1
n_id4484,0.0701949093315742,0.8410435006275272,-1,-1
n_id4485,0.07009039515555515,0.8422065894007589,-1,-1
n_id4486,0.0701949093315742,0.8429591760295773,-1,-1
n_id4487,0.07071747438333155,0.843438095833943,-1,-1
n_id4488,0.07291224876631215,0.8440538509582359,-1,-1
n_id4489,0.07550367228210857,0.8447295192274346,-1,1
n_id4490,0.07118778234704545,0.8441906824627725,-1,-1
n_id4491,0.07124003943505498,0.8456958557204316,-1,-1
n_id4492,0.07144906778709308,0.8464826511792429,-1,-1
n_id4493,0.0719193757508409,0.8473378642980179,-1,-1
n_id4494,0.07259871206662682,0.8478167841023836,-1,-1
n_id4495,0.07442769266191257,0.8483641215667018,-1,-1
n_id4496,0.0753683085893743,0.8486035795611839,-1,-1
n_id4497,0.07845144764021283,0.8493561661900134,-1,-1
n_id4498,0.08237068844249405,0.8502455881387813,-1,-1
n_id4499,0.08346807563401827,0.8506902991131541,-1,-1
n_id4500,0.08451321156587087,0.8509639659376179,-1,-1
n_id4501,0.08754408770032807,0.8517165525664475,-1,-1
n_id4502,0.08989563917570904,0.8522638900307767,-1,-1
n_id4503,0.09339682910228589,0.8529822678296245,-1,-1
n_id4504,0.09433744502974761,0.8531533081641429,-1,-1
n_id4505,0.09715929864050461,0.8532559346540883,-1,-1
n_id4506,0.0982044345723572,0.8534953926485704,-1,-1
n_id4507,0.09956310137555723,0.8534953926485704,-1,-1
n_id4508,0.10019018060333362,0.8534611838185886,-1,-1
n_id4509,0.10233270372671044,0.8526059745152043,-1,-1
