{
"type": "FeatureCollection",
"name": "ports_meadow_paths",
"crs": { "type": "name", "properties": { "name": "urn:ogc:def:crs:EPSG::27700" } },
"features": [
{ "type": "Feature", "properties": { "id": null }, "geometry": { "type": "MultiLineString", "coordinates": [ [ [ 448974.697315327473916, 209549.736608437262475 ], [ 448982.323237784672529, 209544.781516589428065 ], [ 448986.447557377046905, 209541.01583348333952 ], [ 448999.896425613085739, 209529.898102408216801 ], [ 449012.807339119666722, 209519.676962548837764 ], [ 449024.642343167390209, 209509.81445917574456 ], [ 449037.911893160257023, 209499.593319316365523 ], [ 449046.877805317635648, 209492.7792260767892 ], [ 449054.409171529812738, 209483.096040946838912 ], [ 449058.696051083388738, 209471.917673132789787 ] ] ] } },
{ "type": "Feature", "properties": { "id": null }, "geometry": { "type": "MultiLineString", "coordinates": [ [ [ 448986.447557377046905, 209541.01583348333952 ], [ 448998.641197911056224, 209539.581287538167089 ], [ 449010.655520201893523, 209538.146741592994658 ], [ 449014.7798397942679, 209537.788105106708826 ], [ 449031.097799920651596, 209533.843103757477365 ], [ 449041.139621536887717, 209531.870603082847083 ], [ 449046.877805317635648, 209529.718784165073885 ], [ 449051.181443153123837, 209528.642874706187285 ], [ 449057.2782634201576, 209527.029010517871939 ], [ 449063.016447200847324, 209526.670374031586107 ], [ 449074.672133005398791, 209525.773782815842424 ], [ 449078.796452597773168, 209525.415146329556592 ], [ 449085.789864080550615, 209525.05650984327076 ], [ 449089.55554718663916, 209524.518555113812909 ], [ 449105.514870826737024, 209510.890368634631159 ], [ 449107.308053258166183, 209508.738549716887064 ], [ 449108.505444955197163, 209505.186688602843788 ] ] ] } },
{ "type": "Feature", "properties": { "id": null }, "geometry": { "type": "MultiLineString", "coordinates": [ [ [ 449100.800784100778401, 209625.913164797646459 ], [ 449103.183733665850013, 209622.067679385800147 ], [ 449104.97691609733738, 209616.508813848224236 ], [ 449106.052825556194875, 209609.694720608647913 ], [ 449105.694189069909044, 209604.135855071101105 ], [ 449106.052825556194875, 209596.604488858924014 ], [ 449106.770098528824747, 209593.197442239121301 ], [ 449106.411462042538915, 209589.431759133032756 ], [ 449106.949416771938559, 209577.417436842166353 ], [ 449107.128735015110578, 209571.858571304619545 ], [ 449106.590780285652727, 209565.044478065014118 ], [ 449106.590780285652727, 209560.920158472639741 ], [ 449106.770098528824747, 209553.030155774176819 ], [ 449106.411462042538915, 209550.519700370117789 ], [ 449106.411462042538915, 209545.319471318856813 ], [ 449107.128735014994163, 209534.919013216247549 ], [ 449107.128735014994163, 209532.587876055331435 ], [ 449106.770098528708331, 209525.594464572612196 ], [ 449106.590780285536312, 209520.573553764494136 ], [ 449107.128735014994163, 209515.911279442661908 ], [ 449107.128735014994163, 209513.221505795459962 ], [ 449107.128735014994163, 209512.324914579716278 ], [ 449107.308053258166183, 209508.738549716887064 ] ] ] } },
{ "type": "Feature", "properties": { "id": null }, "geometry": { "type": "MultiLineString", "coordinates": [ [ [ 448974.697315327473916, 209549.736608437262475 ], [ 448978.557554678525776, 209545.050493954098783 ], [ 448980.530055353126954, 209539.22265105182305 ], [ 448982.143919541442301, 209534.381058486847905 ], [ 448983.668124608229846, 209529.718784165044781 ], [ 448984.11642021604348, 209527.029010517813731 ], [ 448984.475056702387519, 209524.966850721626543 ], [ 448984.475056702387519, 209522.546054439153522 ], [ 448985.281988796486985, 209511.517982485704124 ], [ 448987.075171227974351, 209501.655479112610919 ], [ 448986.357898255402688, 209494.841385873005493 ], [ 448985.461307039659005, 209491.434339253202779 ], [ 448984.385397580743302, 209486.234110201941803 ], [ 448984.02676109445747, 209481.213199393823743 ], [ 448983.847442851343658, 209478.344107503478881 ], [ 448984.02676109445747, 209474.757742640533252 ], [ 448983.668124608171638, 209470.812741291301791 ], [ 448983.130169878713787, 209466.329785212612478 ], [ 448983.847442851343658, 209461.846829133923166 ], [ 448984.564715823915321, 209459.157055486721219 ], [ 448984.564715823973529, 209444.094323062308831 ], [ 448985.819943526003044, 209435.12841090495931 ], [ 448984.385397580859717, 209430.286818339984166 ], [ 448982.77153339254437, 209424.189998072979506 ], [ 448980.978350961057004, 209413.96885821360047 ], [ 448978.826532043283805, 209406.437492001423379 ], [ 448977.033349611796439, 209396.933625114616007 ], [ 448975.598803666653112, 209391.73339606335503 ], [ 448973.805621235165745, 209386.174530525779119 ], [ 448973.626302992051933, 209383.305438635434257 ], [ 448974.343575964623597, 209381.332937960803974 ] ] ] } },
{ "type": "Feature", "properties": { "id": null }, "geometry": { "type": "MultiLineString", "coordinates": [ [ [ 449156.47529794590082, 209732.231791933067143 ], [ 449160.487119743775111, 209727.495598965178942 ], [ 449169.621142752701417, 209716.837370889203157 ], [ 449178.945691396365874, 209701.774638464848977 ], [ 449182.890692745626438, 209692.808726307499455 ], [ 449189.704785985173658, 209684.201450636435766 ], [ 449191.856604902946856, 209676.670084424258675 ], [ 449194.008423820720054, 209665.552353349135956 ], [ 449194.367060307005886, 209661.248715513589559 ], [ 449197.59478868363658, 209655.869168219185667 ], [ 449199.387971115123946, 209649.772347952181008 ], [ 449200.463880574039649, 209643.675527685176348 ], [ 449200.822517060325481, 209641.165072281117318 ], [ 449201.898426519182976, 209628.971431747107999 ], [ 449203.332972464384511, 209613.550062836438883 ], [ 449203.332972464384511, 209606.377333110576728 ], [ 449203.332972464384511, 209599.563239870971302 ], [ 449206.202064354787581, 209575.534595289238496 ], [ 449212.298884621821344, 209546.843676385702565 ], [ 449212.657521108107176, 209533.215489906520816 ], [ 449214.450703539594542, 209524.249577749171294 ], [ 449215.885249484737869, 209514.207756132935174 ], [ 449217.678431916225236, 209505.600480461871484 ], [ 449219.830250833998434, 209498.069114249694394 ], [ 449221.264796779199969, 209494.124112900433829 ], [ 449229.513435964006931, 209454.315462921716971 ], [ 449232.38252785441, 209430.645454826299101 ], [ 449232.023891368065961, 209417.017268347117351 ], [ 449233.817073799553327, 209406.975446730881231 ], [ 449235.251619744754862, 209403.03044538164977 ], [ 449238.120711635099724, 209383.664075121749192 ], [ 449238.837984607671387, 209376.84998188217287 ], [ 449241.707076498016249, 209367.884069724794244 ], [ 449244.934804874705151, 209357.842248108558124 ], [ 449246.010714333562646, 209352.821337300440064 ], [ 449246.72798730613431, 209346.365880547149573 ], [ 449250.314352169109043, 209340.627696766430745 ], [ 449253.900717032025568, 209320.185417047614465 ], [ 449258.921627840143628, 209301.89495624662959 ], [ 449263.583902161975857, 209269.976308966433862 ], [ 449264.30117513454752, 209267.465853562374832 ], [ 449265.018448107177392, 209264.596761672000866 ], [ 449266.452994052320719, 209258.858577891311143 ], [ 449268.604812970093917, 209248.816756275045918 ], [ 449268.604812970093917, 209244.513118439528625 ], [ 449268.604812970093917, 209238.057661686238134 ], [ 449268.604812970093917, 209233.036750878120074 ], [ 449268.963449456379749, 209223.712202234455617 ], [ 449266.452994052320719, 209215.822199535992695 ], [ 449266.452994052320719, 209207.932196837500669 ], [ 449267.17026702495059, 209205.421741433441639 ], [ 449268.604812970210332, 209188.20719009131426 ], [ 449269.680722429067828, 209174.937640098418342 ], [ 449269.680722429067828, 209173.503094153245911 ], [ 449272.54981431941269, 209166.330364427354652 ] ] ] } },
{ "type": "Feature", "properties": { "id": null }, "geometry": { "type": "MultiLineString", "coordinates": [ [ [ 449319.351875781372655, 209660.352124297758564 ], [ 449308.592781192564871, 209655.68984997595544 ], [ 449303.033915654988959, 209651.027575654123211 ], [ 449296.757777144841384, 209647.799847277463414 ], [ 449285.81936431286158, 209641.703027010458754 ], [ 449276.315497426083311, 209639.192571606399724 ], [ 449263.583902162616141, 209635.247570257168263 ], [ 449256.411172436724883, 209632.199160123680485 ], [ 449248.162533251976129, 209628.612795260734856 ], [ 449239.913894067227375, 209624.129839182045544 ], [ 449229.872072450991254, 209618.929610130784567 ], [ 449227.720253533218056, 209617.674382428755052 ], [ 449225.030479885987006, 209615.343245267838938 ], [ 449219.292296105297282, 209611.577562161750393 ], [ 449210.864338677376509, 209607.991197298804764 ], [ 449203.332972464384511, 209606.377333110576728 ], [ 449194.725696794106625, 209600.101194600312738 ], [ 449188.090921797847841, 209594.900965549109969 ], [ 449178.766373154183384, 209588.086872309504542 ], [ 449171.772961671405938, 209583.424597987672314 ], [ 449163.882958972943015, 209578.224368936411338 ], [ 449159.041366407996975, 209575.175958802894456 ], [ 449153.841137356706895, 209572.844821642007446 ], [ 449149.178863034874666, 209568.182547320175217 ], [ 449145.413179928786121, 209564.058227727771737 ], [ 449142.185451552155428, 209561.189135837426875 ], [ 449132.681584665260743, 209555.450952056795359 ], [ 449126.764082641399, 209550.609359491820214 ], [ 449118.515443456592038, 209543.615948009071872 ], [ 449113.673850891645998, 209540.029583146126242 ], [ 449110.984077244414948, 209537.16049125578138 ], [ 449107.128735014994163, 209532.587876055331435 ], [ 449101.659528600866906, 209529.898102408304112 ], [ 449096.459299549576826, 209527.746283490530914 ], [ 449093.769525902403984, 209526.222078423801577 ], [ 449089.55554718663916, 209524.518555113812909 ], [ 449084.355318137153517, 209521.111508494097507 ], [ 449076.106678952462971, 209514.925029105565045 ], [ 449065.168266120483167, 209509.904118297446985 ], [ 449059.250764096621424, 209505.241843975614756 ], [ 449055.843717476818711, 209501.655479112669127 ], [ 449053.5125803159317, 209498.607068979181349 ], [ 449052.257352613902185, 209497.351841277151834 ], [ 449046.877805317635648, 209492.7792260767892 ], [ 449038.270529648521915, 209487.31001966088661 ], [ 449033.428937083575875, 209484.082291284255916 ], [ 449029.48393573431531, 209481.213199393881951 ], [ 449025.897570871398784, 209476.730243315221742 ], [ 449023.745751953625586, 209473.323196695419028 ], [ 449019.800750604365021, 209467.226376428414369 ], [ 449018.545522902335506, 209462.743420349725056 ], [ 449017.828249929763842, 209459.515691973094363 ], [ 449016.752340470848139, 209456.287963596434565 ], [ 449013.883248580386862, 209449.115233870514203 ], [ 449010.655520203756168, 209442.839095360366628 ], [ 449008.862337772268802, 209439.970003469992662 ], [ 449005.275972909352276, 209435.307729148189537 ], [ 449001.510289803263731, 209427.776362935983343 ], [ 448998.103243183461018, 209420.244996723806253 ], [ 448994.875514806830324, 209415.403404158831108 ], [ 448992.903014132170938, 209412.354994025343331 ], [ 448988.24073981033871, 209403.927036597422557 ], [ 448982.681874272821005, 209395.319760926358867 ], [ 448976.22641751950141, 209384.739984580664895 ], [ 448974.343575964623597, 209381.332937960803974 ], [ 448969.815790327091236, 209374.339526478201151 ], [ 448968.022607895603869, 209372.636003168299794 ], [ 448967.215675801446196, 209371.560093709413195 ], [ 448966.453573268081527, 209370.573843372112606 ], [ 448962.822378844371997, 209363.490772767778253 ], [ 448958.160104522539768, 209356.138724798744079 ], [ 448954.035784930165391, 209349.683268045453588 ], [ 448951.704647769220173, 209344.662357237335527 ], [ 448945.96646398853045, 209336.055081566271838 ], [ 448941.483507909812033, 209328.882351840380579 ], [ 448938.614416019467171, 209323.323486302804668 ], [ 448936.103960615408141, 209317.585302522114944 ], [ 448932.338277509319596, 209312.026436984539032 ], [ 448931.083049807290081, 209309.15734509419417 ], [ 448928.751912646403071, 209306.108934960677288 ], [ 448926.600093728629872, 209303.419161313475342 ], [ 448925.165547783428337, 209299.474159964243881 ], [ 448917.275545085023623, 209288.894383618608117 ] ] ] } },
{ "type": "Feature", "properties": { "id": null }, "geometry": { "type": "MultiLineString", "coordinates": [ [ [ 448917.275545085023623, 209288.894383618608117 ], [ 448910.282133602304384, 209278.852562002371997 ], [ 448907.413041712192353, 209274.728242409939412 ], [ 448903.826676849275827, 209270.155627209693193 ], [ 448900.240311986301094, 209265.314034644718049 ], [ 448898.357470433285926, 209262.893238362245029 ], [ 448895.040082935069222, 209258.2309640404128 ], [ 448892.350309287838172, 209255.541190393210854 ], [ 448889.839853883779142, 209252.403121138107963 ], [ 448886.701784628676251, 209248.547778910462512 ], [ 448882.846442401059903, 209243.975163710216293 ], [ 448880.515305240114685, 209239.761184996255906 ], [ 448879.080759294971358, 209236.802433984325035 ], [ 448877.287576863483991, 209233.664364729251247 ], [ 448872.714961663237773, 209227.567544462246587 ], [ 448869.935528894478921, 209222.994929261971265 ], [ 448866.976777882548049, 209218.870609669596888 ], [ 448865.093936329474673, 209216.898108994966606 ], [ 448861.866207952843979, 209212.684130281035323 ], [ 448855.590069442696404, 209204.794127582543297 ], [ 448852.989954917051364, 209201.476740084326593 ], [ 448851.824386336607859, 209199.593898531282321 ], [ 448847.162112014659215, 209192.690146170119988 ], [ 448844.382679245900363, 209188.207190091459779 ], [ 448841.513587355555501, 209182.737983675469877 ], [ 448839.092791073024273, 209180.048210028238827 ], [ 448837.568586006294936, 209177.806731988908723 ], [ 448836.313358304265421, 209176.461845165322302 ], [ 448835.147789723821916, 209175.744572192721535 ], [ 448826.2715366880293, 209168.66150158844539 ], [ 448820.354034664167557, 209165.07513672549976 ], [ 448815.781419463921338, 209161.937067470425973 ], [ 448811.11914514208911, 209157.812747878051596 ], [ 448807.981075887044426, 209155.03331510926364 ], [ 448805.470620482985396, 209153.240132677805377 ], [ 448791.57345663907472, 209141.31546950849588 ], [ 448786.193909344670828, 209136.20489957879181 ], [ 448778.303906646149699, 209128.314896880328888 ], [ 448770.951858677144628, 209123.383645193767734 ], [ 448765.841288747440558, 209120.693871546565788 ], [ 448751.406170174130239, 209105.810457365354523 ], [ 448745.578327271854505, 209099.623977976792958 ], [ 448741.454007679480128, 209094.154771560803056 ], [ 448738.226279302791227, 209089.761474603699753 ], [ 448733.564004980958998, 209086.623405348625965 ], [ 448730.874231333786156, 209083.84397257983801 ], [ 448728.363775929727126, 209081.781812783650821 ], [ 448724.060138094180729, 209079.092039136448875 ], [ 448718.321954313491005, 209072.726241504686186 ], [ 448716.259794517303817, 209068.781240155425621 ], [ 448710.790588101313915, 209061.070555700105615 ], [ 448708.369791818782687, 209058.739418539189501 ], [ 448702.631608038092963, 209053.80816685265745 ], [ 448697.341719865275081, 209050.132142868125811 ], [ 448694.382968853344209, 209047.352710099366959 ], [ 448691.962172570871189, 209044.573277330579003 ], [ 448690.886263111955486, 209043.228390506963478 ], [ 448686.31364791165106, 209035.517706051643472 ], [ 448683.265237778134178, 209029.869181392510654 ], [ 448682.010010076104663, 209027.986339839466382 ], [ 448678.692622578004375, 209018.213495587930083 ], [ 448676.809781024930999, 209013.102925658255117 ], [ 448675.464894201373681, 209009.068265187437646 ], [ 448673.671711769886315, 209005.392241202935111 ], [ 448672.50614318944281, 209002.164512826275313 ], [ 448670.892279001127463, 208998.578147963329684 ], [ 448665.871368193009403, 208993.557237155211624 ], [ 448663.809208396764006, 208992.033032088453183 ], [ 448662.374662451620679, 208989.791554049123079 ], [ 448660.312502655433491, 208987.281098645064048 ], [ 448658.340001980774105, 208985.12927972729085 ], [ 448653.588068537414074, 208979.032459460286191 ], [ 448652.960454686370213, 208978.315186487714527 ], [ 448650.629317525424995, 208974.908139867911814 ], [ 448647.760225635021925, 208971.411434126523091 ], [ 448645.429088474134915, 208966.39052331840503 ], [ 448641.125450638588518, 208958.85915710622794 ], [ 448637.539085775671992, 208955.183133121725405 ], [ 448635.387266857898794, 208951.148472650907934 ], [ 448633.414766183297615, 208946.575857450661715 ], [ 448631.442265508638229, 208942.899833466130076 ], [ 448629.55942395562306, 208940.030741575785214 ], [ 448624.986808755376842, 208933.306307457765797 ], [ 448622.02805774344597, 208928.016419284918811 ], [ 448618.621011123643257, 208922.098917261057068 ], [ 448613.151804707653355, 208916.54005172351026 ], [ 448610.193053695722483, 208913.401982468436472 ], [ 448608.758507750579156, 208909.725958483904833 ], [ 448606.696347954391968, 208905.33266152680153 ], [ 448604.992824644490611, 208903.539479095343268 ], [ 448603.289301334589254, 208900.580728083412396 ] ] ] } },
{ "type": "Feature", "properties": { "id": null }, "geometry": { "type": "MultiLineString", "coordinates": [ [ [ 448735.940348271396942, 209428.390505558927543 ], [ 448738.584915789018851, 209425.355566653597634 ], [ 448742.529917138221208, 209417.286245711962692 ], [ 448747.9094644326251, 209401.86487680132268 ], [ 448754.364921185944695, 209385.54691667490988 ], [ 448762.613560370693449, 209363.311454524664441 ], [ 448767.455152935697697, 209351.83508696325589 ], [ 448769.270750148396473, 209346.836590935272397 ], [ 448778.8754835469299, 209323.032094157417305 ], [ 448786.283568466140423, 209304.495070772420149 ], [ 448802.601528592524119, 209263.431193091731984 ], [ 448807.801757643814199, 209252.672098502895096 ], [ 448810.491531290987041, 209239.94050323945703 ], [ 448814.257214397075586, 209229.540045136935078 ], [ 448816.409033314848784, 209224.519134328787914 ], [ 448818.740170475794002, 209219.856860006984789 ], [ 448820.712671150395181, 209214.477312712551793 ], [ 448824.657672499597538, 209205.332082312059356 ], [ 448828.602673848858103, 209188.83480394250364 ], [ 448829.140628578315955, 209183.634574891242664 ], [ 448832.009720468660817, 209179.510255298868287 ], [ 448836.313358304265421, 209176.461845165322302 ], [ 448847.789725865761284, 209154.585019501391798 ], [ 448862.852458290173672, 209121.231826276023639 ], [ 448872.177006933779921, 209104.01727493389626 ], [ 448874.687462337838951, 209096.127272235433338 ], [ 448880.067009632301051, 209081.423176297364989 ], [ 448883.294738008931745, 209074.609083057759563 ], [ 448900.150652864715084, 209043.766345236450434 ], [ 448905.171563672833145, 209034.800433079100912 ], [ 448917.365204206842463, 209008.978606065909844 ], [ 448915.930658261699136, 208998.219511477072956 ], [ 448920.951569069817197, 208982.439506080118008 ], [ 448927.765662309422623, 208972.039047977596056 ], [ 448931.710663658624981, 208965.942227710591396 ], [ 448937.448847439314704, 208956.617679066926939 ], [ 448940.317939329717774, 208948.01040339586325 ], [ 448950.001124459668063, 208927.209487190790242 ], [ 448958.608400130760856, 208908.560389903490432 ], [ 448964.705220397736412, 208901.029023691313341 ], [ 448967.215675801795442, 208887.400837212131592 ], [ 448972.595223096199334, 208870.186285870004212 ], [ 448990.168410924670752, 208846.516277774586342 ], [ 448993.396139301301446, 208840.419457507581683 ], [ 448993.396139301301446, 208837.909002103522653 ], [ 449008.100235239311587, 208813.880357521789847 ], [ 449018.500693341833539, 208795.589896720775869 ], [ 449021.011148745892569, 208784.113529159367317 ], [ 449024.238877122581471, 208773.713071056845365 ], [ 449026.390696040354669, 208769.7680697075848 ], [ 449028.901151444413699, 208760.443521063949447 ], [ 449038.225700087961741, 208739.283968372590607 ], [ 449048.626158190483693, 208718.84168865380343 ], [ 449050.41934062197106, 208704.496229202050017 ], [ 449052.92979602603009, 208694.813044072099729 ], [ 449056.157524402660783, 208684.412585969548672 ], [ 449056.874797375232447, 208675.088037325913319 ], [ 449059.026616293005645, 208666.48076165484963 ], [ 449062.612981155980378, 208657.87348598378594 ], [ 449065.123436560039409, 208648.907573826407315 ], [ 449066.199346018896904, 208643.886663018289255 ], [ 449066.557982505182736, 208642.810753559402656 ], [ 449080.365487227565609, 208620.575291409157217 ], [ 449090.407308843801729, 208607.664377902576234 ], [ 449103.318222350382712, 208585.787552238616627 ], [ 449109.415042617416475, 208574.669821163493907 ], [ 449111.925498021475505, 208566.062545492430218 ], [ 449118.739591261080932, 208552.7929954995343 ], [ 449124.836411528056487, 208541.67526442441158 ], [ 449130.574595308746211, 208531.63344280817546 ], [ 449137.74732503463747, 208523.743440109712537 ], [ 449143.126872329099569, 208516.570710383821279 ], [ 449150.65823854127666, 208510.832526603102451 ], [ 449153.16869394533569, 208507.963434712757589 ], [ 449156.037785835680552, 208502.942523904639529 ], [ 449157.472331780823879, 208499.3561590416939 ], [ 449158.548241239739582, 208495.052521206147503 ], [ 449158.906877726025414, 208488.597064452857012 ], [ 449168.231426369573455, 208467.437511761498172 ], [ 449176.480065554322209, 208455.602507713774685 ], [ 449179.707793931011111, 208441.615684748307103 ], [ 449182.935522307641804, 208426.194315837637987 ], [ 449186.163250684272498, 208411.490219899569638 ], [ 449189.032342574675567, 208401.448398283333518 ], [ 449192.618707437592093, 208393.917032071156427 ], [ 449193.694616896449588, 208389.254757749324199 ], [ 449195.129162841651123, 208384.592483427521074 ], [ 449211.626441211148631, 208344.066560476203449 ], [ 449221.30962634109892, 208321.83109832595801 ], [ 449229.199629039561842, 208302.823364552372368 ], [ 449229.558265525905881, 208292.422906449821312 ], [ 449233.503266875108238, 208283.098357806185959 ], [ 449238.524177683226299, 208275.208355107693933 ], [ 449238.524177683226299, 208271.621990244748304 ], [ 449240.317360114713665, 208264.090624032571213 ], [ 449243.186452005058527, 208259.428349710738985 ], [ 449243.903724977630191, 208257.635167279280722 ], [ 449251.79372767615132, 208233.247886211291188 ], [ 449254.30418308021035, 208224.640610540227499 ], [ 449260.401003347244114, 208206.708786225499352 ], [ 449261.476912806101609, 208196.666964609263232 ], [ 449265.063277669076342, 208185.907870020455448 ], [ 449268.649642531992868, 208175.14877543161856 ], [ 449271.877370908623561, 208165.824226787954103 ], [ 449277.256918203085661, 208155.065132199117215 ], [ 449279.05010063451482, 208148.251038959540892 ], [ 449280.484646579716355, 208145.023310582881095 ], [ 449291.243741168524139, 208115.615118706744397 ], [ 449299.492380353272893, 208096.24874844684382 ], [ 449303.078745216189418, 208081.186016022489639 ], [ 449303.796018188819289, 208073.296013324026717 ], [ 449302.720108729903586, 208066.123283598135458 ], [ 449300.92692629841622, 208057.516007927071769 ], [ 449300.209653325844556, 208051.777824146352941 ], [ 449299.133743866987061, 208044.963730906776618 ], [ 449299.133743866987061, 208042.453275502717588 ], [ 449299.133743866987061, 208037.79100118088536 ], [ 449299.851016839558724, 208034.563272804225562 ], [ 449303.437381702591665, 208013.045083626551786 ], [ 449305.230564134079032, 207998.699624174798373 ], [ 449307.38238305185223, 207983.636891750415089 ], [ 449310.968747914768755, 207971.801887702720705 ], [ 449313.837839805171825, 207961.042793113883818 ], [ 449320.293296558433212, 207945.980060689529637 ], [ 449325.672843852837104, 207937.372785018465947 ], [ 449331.052391147299204, 207924.820507998170797 ], [ 449339.301030332047958, 207901.150499902723823 ], [ 449342.17012222239282, 207896.488225580920698 ], [ 449346.832396544225048, 207891.467314772773534 ], [ 449352.21194383862894, 207888.598222882428672 ], [ 449363.329674913780764, 207882.142766129138181 ], [ 449367.991949235612992, 207877.839128293591784 ], [ 449373.730133016302716, 207873.894126944360323 ], [ 449375.881951934075914, 207871.383671540301293 ], [ 449393.455139762489125, 207857.03821208854788 ], [ 449408.517872186843306, 207849.148209390084958 ], [ 449412.462873536045663, 207845.561844527139328 ], [ 449426.091060015256517, 207839.823660746420501 ], [ 449437.567427576694172, 207834.802749938302441 ], [ 449445.457430275157094, 207832.650931020529242 ], [ 449454.06470594619168, 207831.575021561671747 ], [ 449466.61698296648683, 207828.347293185011949 ], [ 449476.300168096437119, 207826.554110753553687 ], [ 449482.03835187718505, 207825.836837780952919 ], [ 449493.156082952278666, 207824.402291835780488 ], [ 449504.632450513716321, 207823.326382376893889 ], [ 449522.922911314701196, 207819.74001751394826 ], [ 449531.171550499508157, 207819.74001751394826 ], [ 449536.909734280197881, 207819.74001751394826 ], [ 449558.786559944157489, 207816.512289137288462 ], [ 449567.035199128906243, 207815.077743192116031 ], [ 449576.001111286284868, 207811.850014815485338 ], [ 449578.87020317662973, 207809.339559411426308 ], [ 449581.739295066974591, 207808.980922925111372 ], [ 449596.802027491270564, 207797.504555363702821 ], [ 449608.27839505270822, 207793.200917528156424 ], [ 449618.678853155230172, 207787.104097261151765 ], [ 449626.210219367407262, 207782.083186453033704 ], [ 449642.707497736962978, 207774.551820240856614 ], [ 449648.08704503136687, 207770.606818891625153 ], [ 449653.10795583948493, 207768.454999973851955 ], [ 449660.280685565376189, 207765.227271597192157 ], [ 449669.963870695326477, 207761.282270247960696 ], [ 449673.191599071957171, 207758.771814843901666 ], [ 449682.516147715621628, 207750.881812145438744 ], [ 449685.38523960596649, 207748.729993227665545 ], [ 449695.42706122220261, 207737.61226215257193 ], [ 449708.696611215069424, 207722.549529728217749 ], [ 449713.717522023187485, 207709.638616221607663 ], [ 449720.531615262792911, 207693.141337852081051 ], [ 449721.248888235364575, 207689.554972989135422 ], [ 449723.042070666851941, 207685.609971639903961 ], [ 449723.400707153137773, 207679.871787859185133 ], [ 449724.835253098339308, 207675.56815002366784 ], [ 449725.552526070910972, 207670.905875701835612 ], [ 449726.269799043482635, 207667.319510838889983 ], [ 449728.421617961255834, 207665.167691921116784 ], [ 449731.649346337944735, 207659.070871654112125 ], [ 449735.23571120086126, 207653.691324359708233 ], [ 449738.822076063777786, 207647.594504092703573 ], [ 449743.125713899324182, 207640.421774366812315 ], [ 449753.167535515618511, 207618.903585189167643 ], [ 449756.395263892249204, 207612.806764922162984 ], [ 449759.981628755223937, 207608.144490600330755 ], [ 449765.002539563341998, 207600.254487901867833 ], [ 449768.588904426258523, 207595.233577093749773 ], [ 449771.816632802947424, 207588.778120340459282 ], [ 449774.327088207006454, 207585.191755477513652 ], [ 449777.554816583637148, 207578.736298724194057 ], [ 449778.989362528780475, 207576.584479806449963 ], [ 449787.238001713529229, 207561.521747382066678 ], [ 449793.693458466848824, 207555.424927115062019 ], [ 449798.355732788681053, 207549.328106848057359 ], [ 449802.659370624169242, 207545.024469012540067 ], [ 449807.680281432287302, 207537.851739286648808 ], [ 449810.549373322690371, 207532.830828478530748 ], [ 449815.570284130808432, 207527.09264469781192 ], [ 449819.156648993724957, 207519.202641999348998 ], [ 449825.970742233330384, 207512.747185246058507 ], [ 449828.839834123675246, 207508.084910924226278 ], [ 449831.350289527734276, 207503.42263660239405 ], [ 449833.502108445507474, 207499.836271739448421 ], [ 449843.185293575457763, 207466.841715000366094 ], [ 449844.619839520659298, 207460.744894733361434 ], [ 449846.054385465802625, 207454.648074466356775 ], [ 449843.185293575457763, 207444.606252850120654 ], [ 449845.157794250233565, 207430.619429884594865 ], [ 449846.950976681720931, 207422.729427186102839 ], [ 449847.847567897464614, 207420.039653538900893 ], [ 449848.564840869861655, 207416.991243405471323 ], [ 449851.075296273920685, 207411.970332597353263 ], [ 449853.585751677979715, 207406.232148816634435 ], [ 449856.096207082038745, 207398.700782604457345 ], [ 449857.172116540954448, 207395.831690714112483 ], [ 449864.703482753131539, 207368.933954241976608 ], [ 449866.138028698274866, 207364.630316406459315 ], [ 449869.724393561249599, 207357.816223166853888 ], [ 449871.158939506392926, 207355.305767762794858 ], [ 449871.876212479022797, 207353.512585331336595 ], [ 449874.476327004667837, 207349.74690222524805 ], [ 449877.076441530254669, 207347.057128578046104 ], [ 449878.062691867584363, 207345.084627903444925 ], [ 449885.056103350303601, 207335.849738381337374 ], [ 449886.132012809219304, 207330.918486694805324 ], [ 449888.104513483820483, 207324.642348184657749 ], [ 449890.077014158479869, 207320.06973298441153 ], [ 449896.353152668627445, 207313.345298866392113 ], [ 449897.42906212748494, 207311.372798191761831 ], [ 449897.51872124907095, 207308.772683666116791 ], [ 449898.684289829514455, 207306.889842113072518 ], [ 449904.243155367032159, 207296.579043132136576 ], [ 449908.008838473120704, 207291.827109688718338 ], [ 449912.491794551839121, 207285.461312057013856 ], [ 449915.450545563769992, 207282.77153840981191 ], [ 449916.257477657927666, 207280.709378613595618 ], [ 449917.961000967829023, 207278.288582331122598 ], [ 449919.39554691297235, 207274.971194832905894 ], [ 449923.340548262232915, 207269.770965781644918 ], [ 449926.92691312514944, 207265.736305310827447 ], [ 449928.809754678222816, 207263.763804636197165 ], [ 449931.499528325395659, 207261.43266747528105 ], [ 449934.81691582367057, 207259.460166800679872 ], [ 449941.899986427975819, 207252.018459710059687 ], [ 449944.410441832034849, 207249.866640792286489 ], [ 449947.548511087079532, 207247.714821874542395 ], [ 449951.314194193168078, 207244.307775254739681 ], [ 449956.604082366044167, 207240.1834556623362 ], [ 449957.948969189601485, 207238.390273230877938 ], [ 449962.252607025147881, 207235.16254485421814 ], [ 449971.84613303351216, 207226.644928304711357 ], [ 449977.942953300545923, 207221.444699253450381 ], [ 449983.322500594949815, 207217.679016147361835 ], [ 449984.66738741856534, 207215.258219864859711 ], [ 449988.074434038368054, 207211.940832366643008 ], [ 449992.467730995442253, 207209.251058719441062 ], [ 449998.205914776190184, 207206.561285072239116 ], [ 449998.474892140890006, 207206.20264858592418 ], [ 450000.716370180249214, 207204.409466154465917 ], [ 450002.240575246978551, 207203.512874938722234 ], [ 450003.226825584308244, 207202.795601966150571 ], [ 450010.668532674899325, 207200.733442169963382 ], [ 450012.730692471086513, 207200.643783048377372 ], [ 450016.317057334003039, 207200.643783048377372 ], [ 450020.082740440149792, 207201.36105602097814 ], [ 450027.434788409154862, 207200.733442169963382 ], [ 450031.738426244701259, 207201.719692507263971 ], [ 450033.621267797716428, 207201.719692507263971 ], [ 450039.807747186336201, 207203.423215817165328 ], [ 450042.676839076681063, 207204.857761762337759 ], [ 450045.545930967025924, 207205.664693856495433 ], [ 450048.773659343656618, 207207.099239801667864 ], [ 450053.166956300789025, 207209.161399597855052 ], [ 450053.794570151774678, 207209.609695205726894 ], [ 450063.298437038611155, 207212.568446217686869 ], [ 450071.726394466531929, 207216.872084053204162 ], [ 450076.747305274649989, 207218.216970876819687 ], [ 450079.078442435536999, 207219.292880335706286 ], [ 450088.044354592915624, 207223.506859049666673 ], [ 450091.451401212718338, 207225.389700602710946 ], [ 450094.768788710935041, 207227.003564791026292 ], [ 450097.458562358107883, 207228.707088100927649 ], [ 450100.775949856324587, 207230.231293167656986 ], [ 450105.976178907614667, 207232.921066814888036 ], [ 450107.231406609644182, 207233.996976273774635 ], [ 450111.086748837318737, 207236.14879519151873 ], [ 450116.376637010136619, 207240.362773905479116 ], [ 450117.362887347466312, 207241.797319850651547 ], [ 450120.769933967269026, 207245.383684713597177 ], [ 450122.114820790884551, 207246.728571537212702 ], [ 450125.252890045929234, 207250.404595521715237 ], [ 450138.701758282026276, 207258.384257341764169 ], [ 450139.956985984055791, 207259.729144165379694 ], [ 450142.646759631228633, 207262.239599569438724 ], [ 450147.846988682518713, 207265.736305310798343 ], [ 450152.778240369050764, 207268.964033687458141 ], [ 450157.709492055582814, 207271.833125577803003 ], [ 450159.6819927302422, 207273.536648887704359 ], [ 450160.399265702813864, 207274.791876589733874 ], [ 450165.745190823683515, 207277.4144058986858 ], [ 450171.158360291621648, 207282.054265437182039 ], [ 450173.84813393879449, 207284.923357327556005 ], [ 450181.110522786271758, 207288.868358676787466 ], [ 450182.814046096173115, 207290.123586378816981 ], [ 450185.503819743404165, 207291.020177594560664 ], [ 450188.731548120034859, 207292.992678269161843 ], [ 450191.242003524093889, 207293.978928606491536 ], [ 450192.855867712409236, 207295.144497186935041 ], [ 450194.29041365761077, 207296.937679618422408 ], [ 450194.828368387010414, 207297.475634347851155 ], [ 450194.974064456357155, 207298.237736883776961 ], [ 450194.413694946561009, 207299.806771511328407 ], [ 450193.427444609231316, 207302.317226915387437 ], [ 450194.828368387010414, 207304.200068465870572 ], [ 450192.945526833995245, 207306.262228262057761 ], [ 450190.883367037808057, 207307.696774207230192 ] ] ] } },
{ "type": "Feature", "properties": { "id": null }, "geometry": { "type": "MultiLineString", "coordinates": [ [ [ 448738.584915789018851, 209425.355566653597634 ], [ 448740.019461734220386, 209426.655623916274635 ], [ 448741.274689436249901, 209427.866022057511145 ], [ 448742.395428455958609, 209428.762613273254829 ], [ 448747.595657507306896, 209428.000510739861056 ], [ 448754.589068990084343, 209426.565964794688625 ], [ 448757.906456488301046, 209425.490055335802026 ], [ 448766.513732159335632, 209424.234827633772511 ], [ 448769.472483171266504, 209423.338236418028828 ], [ 448771.624302089039702, 209422.620963445457164 ], [ 448775.658962559828069, 209421.365735743427649 ], [ 448781.845441948447842, 209420.469144527683966 ], [ 448787.942262215423398, 209419.034598582511535 ], [ 448791.169990592112299, 209418.675962096196599 ], [ 448802.467039910319727, 209414.910278990108054 ], [ 448807.039655110565946, 209414.013687774364371 ], [ 448811.343292946112342, 209412.758460072334856 ], [ 448818.247045307303779, 209410.337663789861836 ], [ 448825.150797668437008, 209408.275503993674647 ], [ 448827.930230437254068, 209407.827208385802805 ], [ 448835.820233135600574, 209405.406412103300681 ], [ 448848.372510155953933, 209402.178683726669988 ], [ 448850.972624681540765, 209401.46141075406922 ], [ 448856.262512854416855, 209400.564819538325537 ], [ 448865.228425011737272, 209397.337091161694843 ], [ 448873.208086831786204, 209395.902545216522412 ], [ 448881.277407773421146, 209394.109362785035046 ], [ 448888.539796620898414, 209392.136862110433867 ], [ 448897.23673141351901, 209389.895384071074659 ], [ 448905.754347963025793, 209386.219360086572124 ], [ 448911.671849986887537, 209384.874473262956599 ], [ 448913.823668904660735, 209384.336518533527851 ], [ 448919.292875320592429, 209383.350268196227262 ], [ 448929.33469693682855, 209382.364017858897569 ], [ 448934.893562474404462, 209380.570835427439306 ], [ 448941.169700984552037, 209379.494925968552707 ], [ 448947.625157737871632, 209377.701743537094444 ], [ 448954.080614491133019, 209376.356856713478919 ], [ 448956.591069895192049, 209375.818901984021068 ], [ 448957.666979354107752, 209375.729242862464162 ], [ 448958.742888812965248, 209375.460265497735236 ], [ 448963.405163134797476, 209372.8601509721193 ], [ 448966.453573268081527, 209370.573843372112606 ], [ 448967.97777833516011, 209369.049638305266853 ], [ 448970.39857461763313, 209365.239125638385303 ], [ 448971.96760924521368, 209363.13213628140511 ], [ 448972.371075292292517, 209362.056226822518511 ], [ 448974.209087284514681, 209359.725089661602397 ], [ 448974.074598602193873, 209359.545771418459481 ], [ 448976.988520053273533, 209355.331792704499094 ], [ 448979.857611943618394, 209352.552359935711138 ], [ 448981.202498767233919, 209350.400541017967043 ], [ 448983.623295049765147, 209348.607358586479677 ], [ 448986.133750453824177, 209346.545198790292488 ], [ 448988.285569371539168, 209344.662357237248216 ], [ 448991.961593356099911, 209341.703606225317344 ], [ 448994.561707881686743, 209339.641446429130156 ], [ 448996.623867677932139, 209337.848263997642789 ], [ 448996.982504164217971, 209337.399968389800051 ], [ 449006.66568929416826, 209329.868602177652065 ], [ 449011.68660010228632, 209326.282237314706435 ], [ 449015.272964965202846, 209323.50280454591848 ], [ 449017.783420369261876, 209320.364735290844692 ], [ 449021.011148745950777, 209317.137006914213998 ], [ 449024.238877122581471, 209314.267915023840033 ], [ 449030.873652119014878, 209310.322913674608571 ], [ 449032.397857185744215, 209308.260753878421383 ], [ 449034.997971711389255, 209305.122684623347595 ], [ 449038.85331393906381, 209302.074274489830714 ], [ 449041.27411022153683, 209300.281092058372451 ], [ 449044.860475084511563, 209298.487909626914188 ], [ 449045.936384543369059, 209297.770636654313421 ], [ 449046.653657515940722, 209296.605068073840812 ], [ 449050.867636230017524, 209293.646317061939044 ], [ 449055.350592308677733, 209289.521997469564667 ], [ 449060.640480481495615, 209285.039041390875354 ], [ 449063.061276764026843, 209283.783813688845839 ], [ 449068.261505815258715, 209281.452676527929725 ], [ 449068.978778787888587, 209280.556085312186042 ], [ 449079.289577768766321, 209274.638583288295195 ], [ 449080.724123713909648, 209273.204037343122764 ], [ 449083.59321560425451, 209271.141877546935575 ], [ 449091.21424093801761, 209267.107217076118104 ], [ 449097.131742961879354, 209263.520852213172475 ], [ 449101.256062554253731, 209260.293123836512677 ], [ 449107.621860185987316, 209256.079145122552291 ], [ 449111.656520656775683, 209254.016985326365102 ], [ 449121.339705786725972, 209249.175392761389958 ], [ 449124.029479433957022, 209247.561528573074611 ], [ 449132.098800375708379, 209241.285390062985243 ], [ 449135.505846995452885, 209238.954252902069129 ], [ 449142.409599356644321, 209235.3678880391235 ], [ 449147.16153280006256, 209232.588455270335544 ], [ 449158.996536847727839, 209224.788111693429528 ], [ 449164.017447655904107, 209222.277656289370498 ], [ 449170.741881773865316, 209219.767200885311468 ], [ 449173.700632785796188, 209217.525722845981363 ], [ 449176.749042919313069, 209214.566971834050491 ], [ 449178.721543593914248, 209213.760039739892818 ], [ 449182.666544943174813, 209211.877198186848545 ], [ 449186.252909806149546, 209209.904697512218263 ], [ 449186.97018277872121, 209209.187424539617496 ], [ 449192.977343924052548, 209206.228673527686624 ], [ 449200.95700574410148, 209201.38708096271148 ], [ 449207.591780740534887, 209198.697307315509534 ], [ 449211.447122968209442, 209196.724806640879251 ], [ 449215.123146952711977, 209195.021283330977894 ], [ 449218.6198526941007, 209193.945373872091295 ], [ 449227.137469243607484, 209190.807304617017508 ], [ 449231.620425322267693, 209189.193440428702161 ], [ 449237.179290859843604, 209186.145030295214383 ], [ 449240.586337479646318, 209184.800143471598858 ], [ 449248.38668105652323, 209182.73798367541167 ], [ 449251.166113825282082, 209181.124119487096323 ], [ 449256.904297606030013, 209179.330937055608956 ], [ 449257.980207064887509, 209178.613664083037293 ], [ 449259.952707739488687, 209176.820481651549926 ], [ 449264.794300304492936, 209174.310026247490896 ], [ 449269.456574626383372, 209169.558092804101761 ], [ 449272.54981431941269, 209166.330364427354652 ], [ 449279.408737120975275, 209159.695589430979453 ], [ 449284.250329685921315, 209156.19888368959073 ], [ 449290.52646819606889, 209151.088313759915764 ], [ 449292.498968870728277, 209147.860585383255966 ], [ 449294.919765153201297, 209145.708766465482768 ], [ 449296.623288463102654, 209143.556947547709569 ], [ 449299.851016839733347, 209139.791264441621024 ], [ 449303.43738170270808, 209134.94967187664588 ], [ 449304.692609404737595, 209133.156489445187617 ], [ 449309.085906361753587, 209127.866601272340631 ], [ 449314.644771899329498, 209121.41114451905014 ], [ 449316.617272573930677, 209117.376484048232669 ], [ 449319.307046221161727, 209113.610800942144124 ], [ 449321.907160746748559, 209110.114095200784504 ], [ 449323.969320542935748, 209107.78295803986839 ], [ 449327.914321892196313, 209103.300001961179078 ], [ 449328.810913107939996, 209102.224092502321582 ], [ 449333.876653476909269, 209096.127272235346027 ], [ 449337.731995704583824, 209091.644316156685818 ], [ 449338.359609555569477, 209089.313178995769704 ], [ 449339.43551901448518, 209087.071700956410496 ], [ 449341.587337932258379, 209083.933631701336708 ], [ 449343.649497728445567, 209081.423176297277678 ], [ 449344.187452457845211, 209079.092039136361564 ], [ 449345.711657524632756, 209076.043629002873786 ], [ 449346.787566983490251, 209072.995218869386008 ], [ 449349.298022387549281, 209069.050217520125443 ], [ 449356.919047721428797, 209056.139304013544461 ], [ 449360.05711697647348, 209050.759756719111465 ], [ 449361.939958529546857, 209046.635437126737088 ], [ 449363.912459204148035, 209041.524867197033018 ], [ 449366.064278121921234, 209038.028161455673398 ], [ 449367.8574605534086, 209034.531455714284675 ], [ 449369.829961228009779, 209031.214068216067972 ], [ 449372.519734875182621, 209027.627703353122342 ], [ 449375.030190279241651, 209023.862020247033797 ], [ 449376.823372710729018, 209021.351564842974767 ], [ 449378.347577777516562, 209018.482472952629905 ], [ 449381.216669667745009, 209012.295993564039236 ], [ 449383.727125071804039, 209008.350992214807775 ], [ 449387.223830813192762, 209002.702467555674957 ], [ 449389.285990609379951, 208999.564398300601169 ], [ 449390.720536554581486, 208996.87462465337012 ], [ 449392.244741621310823, 208993.826214519882342 ], [ 449393.85860580962617, 208990.060531413793797 ], [ 449394.396560539084021, 208989.074281076464104 ], [ 449396.458720335329417, 208980.825641891744453 ], [ 449398.700198374630418, 208977.149617907212814 ], [ 449398.969175739388447, 208974.190866895281943 ], [ 449399.507130468788091, 208970.783820275479229 ], [ 449400.852017292403616, 208965.852568588947179 ], [ 449401.658949386561289, 208962.26620372600155 ], [ 449402.196904116019141, 208958.859157106198836 ], [ 449403.183154453348834, 208957.065974674740573 ], [ 449405.603950735821854, 208951.148472650849726 ], [ 449405.245314249536023, 208946.396539207460592 ], [ 449408.652360869280528, 208940.120400697313016 ], [ 449409.19031559873838, 208936.982331442239229 ], [ 449412.149066610552836, 208928.016419284889707 ], [ 449414.569862893084064, 208922.009258139441954 ], [ 449415.376794987241738, 208919.319484492240008 ], [ 449417.259636540256906, 208914.477891927264864 ], [ 449418.425205120758619, 208911.519140915333992 ], [ 449419.770091944315936, 208908.201753417117288 ], [ 449421.921910862089135, 208901.925614906940609 ], [ 449422.818502077832818, 208899.415159502881579 ], [ 449424.432366266148165, 208892.959702749561984 ], [ 449426.404866940749343, 208888.745724035601597 ], [ 449428.19804937223671, 208885.249018294241978 ], [ 449428.915322344808374, 208882.2006081607542 ], [ 449430.260209168423899, 208879.062538905680412 ], [ 449431.425777748867404, 208877.538333838921972 ], [ 449435.729415584530216, 208867.586171344242757 ], [ 449436.715665921801701, 208863.730829116568202 ], [ 449439.853735176904593, 208855.123553445504513 ], [ 449441.646917608391959, 208850.461279123672284 ], [ 449442.902145310421474, 208847.502528111770516 ], [ 449443.350440918293316, 208846.067982166568981 ], [ 449444.247032133978792, 208843.557526762509951 ], [ 449448.371351726411376, 208830.467295012786053 ], [ 449450.523170644184574, 208827.508544000855181 ], [ 449453.392262534471229, 208821.591041976993438 ], [ 449454.557831114914734, 208817.377063263033051 ], [ 449456.171695303288288, 208811.190583874471486 ], [ 449458.502832464175299, 208804.376490634866059 ], [ 449459.578741923032794, 208801.328080501378281 ], [ 449462.268515570263844, 208793.079441316600423 ], [ 449463.792720636993181, 208789.313758210511878 ], [ 449465.137607460608706, 208787.520575779024512 ], [ 449465.496243946894538, 208786.713643684866838 ], [ 449467.648062864784151, 208781.33409639049205 ], [ 449467.827381107956171, 208776.402844703930896 ], [ 449469.082608809985686, 208768.69216024861089 ], [ 449470.517154755129013, 208762.057385252148379 ], [ 449470.337836512015201, 208753.539768702670699 ], [ 449470.696472998301033, 208751.836245392769342 ], [ 449471.234427727758884, 208749.95340383972507 ], [ 449471.593064214044716, 208747.801584921951871 ], [ 449472.489655429671984, 208739.373627494060202 ], [ 449473.924201374873519, 208733.545784591755364 ], [ 449474.641474347445183, 208726.911009595321957 ], [ 449475.179429076903034, 208722.517712638218654 ], [ 449475.000110833731014, 208719.110666018415941 ], [ 449475.538065563188866, 208714.627709939726628 ], [ 449476.255338535760529, 208709.965435617923504 ], [ 449476.613975022046361, 208705.303161296091275 ], [ 449477.107100190769415, 208697.816624644678086 ], [ 449477.196759312355425, 208694.947532754333224 ], [ 449477.555395798641257, 208690.374917554087006 ], [ 449477.465736677055247, 208684.905711138097104 ], [ 449476.479486339783762, 208679.167527357378276 ], [ 449476.12084985349793, 208675.760480737575563 ], [ 449476.210508975025732, 208673.429343576659448 ], [ 449476.210508975025732, 208673.070707090373617 ], [ 449476.569145461253356, 208669.753319592156913 ], [ 449477.37607755541103, 208666.615250337083125 ], [ 449478.093350528040901, 208662.939226352551486 ], [ 449478.720964379026555, 208658.994225003320025 ], [ 449478.183009649568703, 208649.848994602827588 ], [ 449477.645054920169059, 208646.7109253477538 ], [ 449477.286418433883227, 208645.455697645695182 ], [ 449476.479486339667346, 208643.752174335822929 ], [ 449476.031190731853712, 208642.317628390621394 ], [ 449475.672554245509673, 208638.641604406118859 ], [ 449475.134599516110029, 208633.620693598000798 ], [ 449475.134599516110029, 208631.55853380181361 ], [ 449474.327667422010563, 208626.178986507409718 ], [ 449473.969030935724732, 208622.592621644464089 ], [ 449473.43107620626688, 208617.571710836346028 ], [ 449472.803462355223019, 208613.537050365528557 ], [ 449471.637893774779513, 208605.736706788622541 ], [ 449470.74130255903583, 208601.433068953105249 ], [ 449470.203347829636186, 208595.694885172386421 ], [ 449469.306756613892503, 208590.315337877953425 ], [ 449468.948120127606671, 208585.025449705135543 ], [ 449469.217097492306493, 208579.466584167559631 ], [ 449469.217097492306493, 208578.838970316544874 ], [ 449471.279257288493682, 208568.528171335579827 ], [ 449471.189598166965879, 208566.017715931520797 ], [ 449471.189598166965879, 208559.472600056644296 ], [ 449471.637893774837721, 208553.286120668082731 ], [ 449471.996530261123553, 208547.906573373649735 ], [ 449471.637893774837721, 208544.499526753847022 ], [ 449472.17584850435378, 208534.412875576847 ], [ 449471.637893774895929, 208531.633442808059044 ], [ 449471.548234653309919, 208527.688441458827583 ], [ 449471.458575531782117, 208522.757189772266429 ], [ 449471.279257288610097, 208517.915597207291285 ], [ 449470.741302559152246, 208514.777527952217497 ], [ 449470.382666072866414, 208507.963434712641174 ], [ 449470.024029586580582, 208503.839115120237693 ], [ 449469.844711343408562, 208503.03218302608002 ], [ 449467.872210668807384, 208494.335248233459424 ], [ 449466.616982966777869, 208487.162518507568166 ], [ 449465.361755264748354, 208480.527743511105655 ], [ 449462.671981617517304, 208471.920467840041965 ], [ 449461.77539040177362, 208467.168534396652831 ], [ 449459.802889727172442, 208462.416600953263696 ], [ 449458.009707295685075, 208457.933644874574384 ], [ 449456.754479593771975, 208452.643756701727398 ], [ 449456.216524864314124, 208448.609096230909927 ], [ 449455.49925189174246, 208442.691594207048183 ], [ 449454.961297162284609, 208439.553524951974396 ], [ 449454.602660675998777, 208435.518864481186029 ], [ 449454.961297162284609, 208430.677271916210884 ], [ 449454.781978919170797, 208427.628861782694003 ], [ 449454.692319797584787, 208421.980337123561185 ], [ 449455.050956283812411, 208415.793857734941412 ], [ 449455.319933648512233, 208410.41431044053752 ], [ 449456.037206621083897, 208403.331239836232271 ], [ 449456.216524864255916, 208398.937942879099865 ], [ 449456.575161350541748, 208395.082600651454413 ], [ 449456.84413871524157, 208391.6755540316517 ], [ 449456.93379783682758, 208389.523735113878502 ], [ 449457.920048174099065, 208384.771801670489367 ], [ 449459.982207970286254, 208375.62657126999693 ], [ 449461.86504952335963, 208368.722818908805493 ], [ 449463.299595468561165, 208363.612248979130527 ], [ 449463.747891076433007, 208360.115543237741804 ], [ 449464.55482317059068, 208357.874065198411699 ], [ 449466.079028237378225, 208353.211790876579471 ], [ 449466.437664723722264, 208344.873492570244707 ], [ 449466.975619453121908, 208340.74917297787033 ], [ 449466.885960331535898, 208335.279966561880428 ], [ 449468.589483641437255, 208328.734850687003927 ], [ 449470.561984316096641, 208322.548371298413258 ], [ 449472.3551667475258, 208317.258483125566272 ], [ 449474.506985665240791, 208311.251321980147623 ], [ 449475.672554245684296, 208307.306320630916161 ], [ 449476.569145461427979, 208301.657795971783344 ], [ 449476.479486339841969, 208296.009271312650526 ], [ 449476.479486339841969, 208290.002110167231876 ], [ 449477.376077555585653, 208285.070858480670722 ], [ 449478.093350528157316, 208282.650062198197702 ], [ 449478.272668771329336, 208276.642901052779052 ], [ 449479.169259987073019, 208270.366762542631477 ], [ 449480.155510324344505, 208262.566418965725461 ], [ 449480.872783296974376, 208255.841984847706044 ], [ 449480.693465053802356, 208250.283119310159236 ], [ 449480.962442418502178, 208246.607095325627597 ], [ 449481.50039714796003, 208243.648344313696725 ], [ 449482.66596572851995, 208232.35129499543109 ], [ 449482.57630660693394, 208226.613111214712262 ], [ 449482.75562485010596, 208222.13015513602295 ], [ 449481.500397148076445, 208215.585039261146449 ], [ 449479.886532959761098, 208209.129582507855957 ], [ 449478.541646136145573, 208204.287989942880813 ], [ 449478.093350528273731, 208199.805033864220604 ], [ 449476.210508975142147, 208192.184008530399296 ], [ 449474.148349178954959, 208184.742301439808216 ], [ 449472.803462355339434, 208174.879798066715011 ], [ 449471.727552896481939, 208170.038205501739867 ], [ 449470.830961680738255, 208165.913885909336386 ], [ 449470.293006951280404, 208163.582748748420272 ], [ 449471.010279923852067, 208161.341270709090168 ], [ 449469.037779249367304, 208151.030471728183329 ], [ 449467.51357418257976, 208145.381947069050511 ], [ 449466.616982966894284, 208137.850580856873421 ], [ 449465.541073507978581, 208131.484783225139836 ], [ 449464.823800535406917, 208126.28455417387886 ], [ 449463.20993634709157, 208117.856596745958086 ], [ 449462.134026888175867, 208112.118412965239258 ], [ 449459.085616754775401, 208096.876362297742162 ], [ 449458.099366417445708, 208092.483065340638859 ], [ 449457.471752566460054, 208085.220676493190695 ], [ 449454.513001554529183, 208073.116695080767386 ], [ 449453.616410338785499, 208067.109533935319632 ], [ 449453.257773852499668, 208064.957715017546434 ], [ 449450.209363718982786, 208048.90873225586256 ], [ 449448.954136016953271, 208041.287706922128564 ], [ 449447.698908314923756, 208035.28054577668081 ], [ 449446.891976220766082, 208029.900998482276918 ], [ 449445.065171616326552, 208021.4282114955422 ], [ 449444.560839059820864, 208018.065994434553431 ], [ 449444.202202573535033, 208014.300311328464886 ], [ 449443.395270479377359, 208008.024172818317311 ], [ 449442.409020142047666, 208003.541216739657102 ], [ 449442.588338385277893, 207995.830532284307992 ], [ 449440.974474196962547, 207990.540644111461006 ], [ 449440.615837710676715, 207979.602231279510306 ], [ 449439.539928251819219, 207970.546660000574775 ], [ 449438.105382306617685, 207965.525749192456715 ], [ 449436.850154604529962, 207956.918473521393025 ], [ 449435.505267780914437, 207947.952561364043504 ] ] ] } },
{ "type": "Feature", "properties": { "id": null }, "geometry": { "type": "MultiLineString", "coordinates": [ [ [ 448762.613560370693449, 209363.311454524664441 ], [ 448764.765379289456178, 209361.27170950875734 ], [ 448766.424073038564529, 209360.016481806727825 ], [ 448768.194840689655393, 209358.649180202744901 ], [ 448771.063932580000255, 209357.237049037968973 ], [ 448777.25041196832899, 209354.155016733682714 ], [ 448779.334986545145512, 209352.798922520072665 ], [ 448780.522969905985519, 209352.485115594579838 ], [ 448792.357973953534383, 209346.388295327575179 ], [ 448794.15115638502175, 209345.491704111831496 ], [ 448799.889340165711474, 209342.353634856757708 ], [ 448804.28263712284388, 209339.753520331141772 ], [ 448809.572525295661762, 209337.243064927082742 ], [ 448813.51752664486412, 209334.463632158294786 ], [ 448817.193550629424863, 209332.580790605250513 ], [ 448825.655130227853078, 209329.655661763623357 ], [ 448827.515557000471745, 209328.333189720433438 ], [ 448828.86044382408727, 209327.727990649815183 ], [ 448830.552759743819479, 209326.483970338274958 ], [ 448834.318442849908024, 209324.332151420501759 ], [ 448839.518671901198104, 209321.732036894885823 ], [ 448846.153446897631511, 209318.32499027508311 ], [ 448848.753561423218343, 209316.890444329910679 ], [ 448854.402086082380265, 209314.290329804265639 ], [ 448859.333337768912315, 209312.138510886521544 ], [ 448862.471407023956999, 209310.524646698206197 ], [ 448869.285500263562426, 209308.552146023575915 ], [ 448870.720046208705753, 209308.014191294147167 ], [ 448875.471979652065784, 209305.145099403802305 ], [ 448880.492890460183844, 209303.88987170177279 ], [ 448887.217324578203261, 209300.751802446699003 ], [ 448891.251985048991628, 209299.586233866255498 ], [ 448894.748690790380351, 209297.882710556354141 ], [ 448898.066078288597055, 209296.44816461118171 ], [ 448902.280057002499234, 209294.923959544423269 ], [ 448906.942331324331462, 209292.323845018807333 ], [ 448909.004491120518651, 209292.234185897221323 ], [ 448912.680515105021186, 209290.530662587319966 ], [ 448917.275545085023623, 209288.894383618608117 ], [ 448920.929154289944563, 209287.123615967546357 ], [ 448930.881316784594674, 209280.757818335812772 ], [ 448935.09529549855506, 209278.157703810196836 ], [ 448946.302685695234686, 209273.226452123664785 ], [ 448949.171777585579548, 209271.702247056906344 ], [ 448957.599735013442114, 209268.653836923418567 ], [ 448962.441327578446362, 209266.502018005645368 ], [ 448968.538147845421918, 209263.991562601586338 ], [ 448971.496898857352789, 209262.557016656413907 ], [ 448974.814286355569493, 209261.301788954384392 ], [ 448978.131673853786197, 209258.43269706403953 ], [ 448980.911106622545049, 209257.177469362010015 ], [ 448986.111335673776921, 209255.025650444265921 ], [ 448994.539293101697695, 209252.066899432335049 ], [ 448995.077247831155546, 209251.797922067606123 ], [ 448997.767021478328388, 209249.197807541990187 ], [ 449004.760432961047627, 209244.176896733901231 ], [ 449008.16747958085034, 209241.666441329842201 ], [ 449012.112480930052698, 209237.811099102167645 ], [ 449015.250550185155589, 209235.838598427566467 ], [ 449019.823165385401808, 209233.148824780364521 ], [ 449023.768166734604165, 209230.100414646876743 ], [ 449029.506350515293889, 209226.245072419202188 ], [ 449031.478851189953275, 209224.720867352472851 ], [ 449033.541010986140464, 209223.286321407271316 ], [ 449036.858398484357167, 209221.672457218955969 ], [ 449038.830899158958346, 209220.327570395369548 ], [ 449045.107037669105921, 209215.934273438266246 ], [ 449045.824310641677584, 209215.396318708837498 ], [ 449046.362265371135436, 209215.396318708837498 ], [ 449049.858971112465952, 209212.25824945376371 ], [ 449052.279767394938972, 209209.299498441832839 ], [ 449053.534995096968487, 209209.120180198689923 ], [ 449054.879881920584012, 209209.120180198689923 ], [ 449055.776473136327695, 209208.402907226089155 ], [ 449058.376587661972735, 209207.23733864564565 ], [ 449059.54215624241624, 209206.609724794630893 ], [ 449060.349088336573914, 209206.071770065202145 ], [ 449060.887043066031765, 209205.892451822030125 ], [ 449065.549317387922201, 209203.292337296385085 ], [ 449068.239091035095043, 209200.154268041311298 ], [ 449073.977274815842975, 209196.657562299951678 ], [ 449077.5636396787595, 209194.147106895892648 ], [ 449083.839778188907076, 209189.48483257406042 ], [ 449088.053756902867462, 209187.243354534730315 ], [ 449097.467964668059722, 209183.208694063912844 ], [ 449098.723192370089237, 209181.953466361883329 ], [ 449104.102739664493129, 209178.45676062052371 ], [ 449108.585695743153337, 209174.870395757607184 ], [ 449111.813424119784031, 209170.477098800503882 ], [ 449113.427288308099378, 209168.594257247459609 ], [ 449117.910244386817794, 209165.366528870828915 ], [ 449125.262292355822865, 209161.780164007883286 ], [ 449131.897067352256272, 209157.566185293922899 ], [ 449134.945477485773154, 209155.773002862464637 ], [ 449135.752409579930827, 209155.055729889863869 ], [ 449138.711160591803491, 209153.262547458405606 ], [ 449139.876729172305204, 209152.186637999519007 ], [ 449145.614912952994928, 209148.331295771873556 ], [ 449152.339347071014345, 209144.475953544228105 ], [ 449159.422417675319593, 209139.992997465538792 ] ] ] } },
{ "type": "Feature", "properties": { "id": null }, "geometry": { "type": "MultiLineString", "coordinates": [ [ [ 449200.463880574039649, 209643.675527685176348 ], [ 449195.061918500694446, 209641.501293986308156 ], [ 449189.234075598418713, 209639.483963750913972 ], [ 449182.957937088271137, 209637.332144833140774 ], [ 449181.657879825448617, 209636.973508346854942 ], [ 449174.664468342787586, 209634.01475733492407 ], [ 449165.833044867787976, 209631.773279295593966 ], [ 449163.008782538236119, 209629.711119499406777 ], [ 449158.34650821640389, 209626.348902440397069 ], [ 449155.298098082887009, 209623.703958353988128 ], [ 449150.635823761112988, 209620.521059538121335 ], [ 449142.790650623384863, 209615.365660047653364 ], [ 449138.17320586234564, 209612.227590792579576 ], [ 449132.255703838483896, 209608.23775988255511 ], [ 449130.552180528582539, 209606.803213937382679 ], [ 449127.772747759823687, 209605.234179309860338 ], [ 449123.424280363542493, 209602.678894345008302 ], [ 449118.582687798538245, 209600.79605279196403 ], [ 449114.234220402373467, 209596.17860803095391 ], [ 449109.661605202127248, 209592.726731850387296 ], [ 449106.411462042538915, 209589.431759133032756 ], [ 449101.726772942871321, 209586.988548069668468 ], [ 449096.392055209260434, 209583.715990132244769 ], [ 449091.684951326693408, 209580.936557363456814 ], [ 449088.815859436290339, 209577.70882898682612 ], [ 449085.498471938073635, 209575.557010069052922 ], [ 449080.836197616299614, 209573.494850272865733 ], [ 449077.429150996496901, 209572.060304327693302 ], [ 449073.394490525708534, 209569.729167166777188 ], [ 449069.942614345112815, 209567.80149605293991 ], [ 449065.728635631152429, 209565.739336256752722 ], [ 449062.859543740807567, 209564.035812946880469 ], [ 449059.811133607290685, 209562.242630515393103 ], [ 449056.583405230659992, 209561.032232374156592 ], [ 449053.803972461901139, 209559.642515989777166 ], [ 449048.783061653783079, 209557.714844875939889 ], [ 449044.838060304580722, 209556.414787613117369 ], [ 449042.686241386807524, 209555.787173762102611 ], [ 449036.76873936294578, 209553.814673087501433 ], [ 449030.761578217498027, 209552.604274946264923 ], [ 449027.93731588794617, 209551.349047244235408 ], [ 449022.064643424877431, 209547.717852820496773 ], [ 449020.271460993448272, 209545.924670389038511 ], [ 449017.850664710917044, 209543.952169714437332 ], [ 449014.353958969586529, 209541.083077824063366 ], [ 449012.426287855778355, 209539.110577149462188 ], [ 449010.655520201893523, 209538.146741592994658 ], [ 449007.315717926016077, 209536.151826137531316 ], [ 449003.863841745420359, 209533.910348098201212 ], [ 449000.636113368789665, 209531.937847423600033 ], [ 448999.694692592252977, 209531.175744890206261 ], [ 448999.896425613085739, 209529.898102408216801 ], [ 448997.722191917651799, 209529.203244215605082 ], [ 448995.839350364578422, 209528.53080080379732 ], [ 448993.508213203691412, 209527.45489134491072 ], [ 448991.535712529090233, 209526.020345399738289 ], [ 448990.45980307017453, 209524.854776819294784 ], [ 448988.890768442652188, 209523.778867360408185 ], [ 448986.245824356214143, 209522.882276144664502 ], [ 448984.475056702387519, 209522.546054439153522 ], [ 448982.749118614941835, 209521.447730199492071 ], [ 448978.759287704946473, 209519.385570403304882 ], [ 448976.47298010479426, 209517.726876654196531 ], [ 448971.990024026134051, 209515.709546418802347 ], [ 448968.358829602424521, 209513.826704865758074 ], [ 448965.713885515986476, 209512.974943210807396 ], [ 448963.068941429606639, 209511.854204191156896 ], [ 448961.544736362819094, 209510.733465171477292 ], [ 448958.899792276439257, 209509.16443054395495 ], [ 448955.98587082530139, 209506.743634261452826 ], [ 448952.713312887761276, 209503.202098959329305 ], [ 448945.271605797170196, 209498.674313319876092 ], [ 448942.537002589204349, 209496.567323962895898 ], [ 448939.129955969401635, 209494.4155050451227 ], [ 448936.888477930042427, 209491.546413154777838 ], [ 448934.467681647569407, 209487.960048291832209 ], [ 448930.791657663066871, 209484.463342550472589 ], [ 448927.563929286436178, 209482.221864511142485 ], [ 448923.260291450889781, 209480.518341201241128 ], [ 448922.901654964603949, 209480.339022958098212 ], [ 448918.777335372113157, 209477.649249310838059 ], [ 448913.44261763850227, 209474.735327859700192 ], [ 448907.480286053847522, 209471.911065530148335 ], [ 448902.683523049694486, 209468.05572330247378 ], [ 448897.124657512118574, 209465.052142729779007 ], [ 448890.579541637271177, 209461.689925670769298 ], [ 448885.199994342867285, 209457.431117396045011 ], [ 448881.882606844650581, 209454.382707262528129 ], [ 448880.22391309554223, 209452.724013513419777 ], [ 448875.875445699261036, 209449.58594425834599 ], [ 448870.361409722536337, 209446.17889763857238 ], [ 448865.699135400704108, 209442.995998822705587 ], [ 448858.705723917984869, 209438.737190547981299 ], [ 448854.940040811896324, 209435.330143928178586 ], [ 448851.801971556793433, 209432.550711159419734 ], [ 448847.543163282098249, 209430.667869606375461 ], [ 448845.212026121153031, 209428.785028053331189 ], [ 448844.315434905409347, 209427.798777716001496 ], [ 448840.549751799262594, 209423.719287684449228 ], [ 448835.797818355844356, 209419.012183801823994 ], [ 448832.166623932134826, 209413.04985221719835 ], [ 448829.476850284961984, 209410.135930766060483 ], [ 448827.930230437254068, 209407.827208385802805 ], [ 448823.604177821893245, 209402.783882797084516 ], [ 448818.44877833139617, 209398.480244961538119 ], [ 448814.324458739021793, 209393.593822835799074 ], [ 448808.675934079918079, 209387.76597993352334 ], [ 448803.924000636499841, 209382.117455274390522 ], [ 448800.606613138166722, 209376.82756710157264 ], [ 448796.213316181092523, 209372.703247509198263 ], [ 448792.268314831890166, 209368.48926879526698 ], [ 448789.354393380752299, 209366.247790755907772 ], [ 448785.857687639479991, 209362.392448528291425 ], [ 448780.702288149041124, 209357.23704903779435 ], [ 448778.158210574300028, 209355.017985778831644 ], [ 448777.25041196832899, 209354.155016733682714 ], [ 448775.99518426641589, 209353.381706810148899 ], [ 448774.470979199686553, 209351.767842621833552 ], [ 448772.319160281913355, 209349.436705460917437 ], [ 448771.646716870076489, 209348.80909160990268 ], [ 448771.019103019090835, 209348.091818637331016 ], [ 448770.167341364140157, 209347.553863907873165 ], [ 448769.270750148396473, 209346.836590935272397 ] ] ] } },
{ "type": "Feature", "properties": { "id": null }, "geometry": { "type": "MultiLineString", "coordinates": [ [ [ 448769.270750148396473, 209346.836590935272397 ], [ 448767.623263789399061, 209345.402044990070863 ], [ 448766.188717844197527, 209344.146817288041348 ], [ 448763.095478149945848, 209339.574202087795129 ], [ 448759.822920212522149, 209337.37755360925803 ], [ 448757.357294369256124, 209335.046416448341915 ], [ 448755.833089302468579, 209332.849767969775712 ], [ 448753.995077310246415, 209329.487550910795107 ], [ 448751.43979234539438, 209326.080504290992394 ], [ 448750.184564643364865, 209322.987264596711611 ], [ 448748.301723090349697, 209320.297490949509665 ], [ 448746.542162829369772, 209317.5404729610309 ], [ 448744.670528666640166, 209314.514477608026937 ], [ 448742.967005356738809, 209311.376408352953149 ], [ 448741.442800289893057, 209308.37282778028748 ], [ 448739.111663129006047, 209304.203678627120098 ], [ 448736.870185089646839, 209299.989699913159711 ], [ 448734.673536611080635, 209296.672312414943008 ], [ 448731.132001308957115, 209290.306514783238526 ], [ 448728.935352830390912, 209287.70640025762259 ], [ 448728.173250297026243, 209284.837308367277728 ], [ 448726.783533912617713, 209281.250943504332099 ], [ 448725.080010602716357, 209277.126623911957722 ], [ 448722.883362124150153, 209273.226452123519266 ], [ 448722.031600469199475, 209270.491848915524315 ], [ 448720.328077159356326, 209267.308950099657523 ], [ 448718.221087802376132, 209264.260539966169745 ], [ 448717.683133072918281, 209262.243209730775561 ], [ 448716.472734931681771, 209259.598265644337516 ], [ 448715.351995912031271, 209257.177469361864496 ], [ 448714.276086453173775, 209254.173888789140619 ], [ 448711.81046060990775, 209248.211557204514975 ], [ 448710.689721590199042, 209244.849340145505266 ], [ 448710.2414259823272, 209242.921669031667989 ], [ 448709.479323448962532, 209239.873258898180211 ], [ 448709.03102784109069, 209237.093826129392255 ], [ 448708.672391354746651, 209233.014336097781779 ], [ 448707.910288821381982, 209229.741778160358081 ], [ 448707.282674970396329, 209228.038254850456724 ], [ 448706.52057243703166, 209224.317401305161184 ], [ 448706.027447268366814, 209219.968933908850886 ], [ 448705.848129025194794, 209216.786035092984093 ], [ 448705.444662978115957, 209214.230750128132058 ], [ 448704.592901323165279, 209210.554726143629523 ], [ 448704.323923958465457, 209208.402907225856325 ], [ 448704.323923958465457, 209206.789043037540978 ], [ 448703.875628350593615, 209204.726883241353789 ], [ 448703.741139668272808, 209199.481824629328912 ], [ 448703.516991864365991, 209196.388584935048129 ], [ 448703.382503181986976, 209192.757390511309495 ], [ 448703.113525817287154, 209190.202105546486564 ], [ 448702.97903713490814, 209188.498582236585207 ], [ 448702.799718891852535, 209184.463921765767736 ], [ 448702.620400648680516, 209181.012045585201122 ], [ 448702.710059770266525, 209178.008465012477245 ], [ 448701.903127676108852, 209174.466929710324621 ], [ 448701.768638993729837, 209172.942724643595284 ], [ 448701.723809432936832, 209170.118462314043427 ], [ 448701.54449118982302, 209166.935563498176634 ], [ 448701.230684264330193, 209162.990562148945173 ], [ 448701.051366021158174, 209159.58351552914246 ], [ 448700.468581730907317, 209155.817832423083019 ], [ 448700.15477480541449, 209153.217717897437979 ], [ 448699.751308758335654, 209149.989989520807285 ], [ 448699.840967879921664, 209147.569193238334265 ], [ 448699.482331393635832, 209142.234475504723378 ], [ 448699.616820075956639, 209140.21714526930009 ], [ 448698.94437666417798, 209136.227314359304728 ], [ 448698.585740177892148, 209133.582370272866683 ], [ 448698.227103691606317, 209130.309812335442984 ], [ 448698.137444570020307, 209129.233902876556385 ], [ 448698.047785448434297, 209126.185492743068608 ], [ 448697.64431940135546, 209124.437139872374246 ], [ 448697.061535111104604, 209121.83702534675831 ], [ 448697.465001158241648, 209115.560886836610734 ], [ 448697.330512475862633, 209113.184920114901615 ], [ 448697.375342036655638, 209111.9296924128721 ], [ 448697.352927256142721, 209107.850202381290728 ], [ 448697.308097695349716, 209106.819122483197134 ], [ 448697.039120330649894, 209103.681053228123346 ], [ 448696.680483844364062, 209099.736051878891885 ], [ 448696.680483844364062, 209098.077358129783534 ], [ 448696.456336040399037, 209094.311675023724092 ], [ 448696.277017797285225, 209091.890878741221968 ], [ 448695.873551750206389, 209088.035536513576517 ], [ 448695.290767459955532, 209085.480251548724482 ], [ 448694.349346683418844, 209083.193943948601373 ], [ 448694.125198879512027, 209080.548999862192431 ], [ 448693.452755467733368, 209075.931555101153208 ], [ 448693.273437224561349, 209073.600417940237094 ], [ 448692.780312055896502, 209070.3726895636064 ], [ 448692.466505130403675, 209068.131211524276296 ], [ 448691.749232157832012, 209065.575926559424261 ], [ 448691.569913914659992, 209064.634505782887572 ], [ 448690.494004455802497, 209061.003311359178042 ], [ 448690.225027091102675, 209059.165299366926774 ], [ 448689.418094996945001, 209055.534104943217244 ], [ 448688.566333341994323, 209052.440865248907357 ], [ 448687.131787396792788, 209049.6166029193555 ], [ 448686.638662228127941, 209048.226886534976074 ], [ 448685.898974475101568, 209045.626772009331034 ], [ 448685.361019745701924, 209042.488702754286351 ], [ 448684.240280725993216, 209037.333303263789276 ], [ 448683.747155557386577, 209035.226313906838186 ], [ 448682.985053023963701, 209032.850347185129067 ], [ 448682.671246098470874, 209031.415801239956636 ], [ 448682.267780051392037, 209030.070914416370215 ], [ 448682.010010076104663, 209027.986339839466382 ], [ 448684.105792043730617, 209026.081083506229334 ], [ 448686.257610961445607, 209024.108582831628155 ], [ 448687.692156906647142, 209022.001593474647962 ], [ 448690.919885283277836, 209018.011762564623496 ], [ 448692.757897275558207, 209015.501307160564465 ], [ 448695.537330044317059, 209013.439147364377277 ], [ 448699.16852446802659, 209010.928691960347351 ], [ 448701.58932075049961, 209008.911361724924063 ], [ 448702.172105040750466, 209008.238918313145405 ], [ 448704.727390005602501, 209006.356076760101132 ], [ 448706.430913315503858, 209004.60772388940677 ], [ 448712.438074460893404, 209000.662722540175309 ], [ 448717.996939998469315, 208997.210846359666903 ], [ 448720.821202328021172, 208995.283175245829625 ], [ 448726.021431379253045, 208992.279594673134852 ], [ 448727.590466006833594, 208991.114026092662243 ], [ 448732.342399450193625, 208987.751809033681639 ], [ 448734.045922760094982, 208986.496581331652123 ], [ 448738.70819708192721, 208983.941296366800088 ], [ 448740.053083905484527, 208983.268852954992326 ], [ 448741.532459411479067, 208982.641239103977568 ], [ 448742.742857552715577, 208982.013625252962811 ], [ 448749.601780353055801, 208977.396180491894484 ], [ 448751.305303662957158, 208975.602998060436221 ], [ 448753.277804337558337, 208973.585667825042037 ], [ 448754.667520721966866, 208972.599417487712344 ], [ 448758.209056024148595, 208970.985553299396997 ], [ 448759.733261090877932, 208969.909643840510398 ], [ 448764.30587629112415, 208967.444017997244373 ], [ 448767.578434228547849, 208965.33702864026418 ], [ 448769.864741828641854, 208964.036971377470763 ], [ 448771.837242503301241, 208962.198959385190392 ], [ 448774.123550103395246, 208960.226458710589213 ], [ 448778.785824425227474, 208956.505605165293673 ], [ 448778.785824425227474, 208956.505605165293673 ], [ 448784.613667327386793, 208952.605433376855217 ], [ 448786.182701954967342, 208950.90191006695386 ], [ 448787.706907021696679, 208949.915659729653271 ], [ 448791.2484423238202, 208947.494863447180251 ], [ 448793.131283876893576, 208945.522362772549968 ], [ 448797.47975127317477, 208943.101566490076948 ], [ 448800.124695359612815, 208940.232474599732086 ], [ 448803.711060222529341, 208938.304803485894809 ], [ 448805.414583532430697, 208936.287473250500625 ], [ 448806.849129477632232, 208934.9425864268851 ], [ 448814.42532525054412, 208930.638948591367807 ], [ 448814.559813932923134, 208930.594119030574802 ], [ 448818.14617879583966, 208928.218152308865683 ], [ 448821.104929807770532, 208926.51462899899343 ], [ 448823.884362576529384, 208924.676617006742163 ], [ 448825.90169281186536, 208923.107582379190717 ], [ 448827.784534364938736, 208921.852354677161202 ], [ 448831.370899227855261, 208919.879854002530919 ], [ 448833.702036388800479, 208918.176330692629563 ], [ 448835.315900577115826, 208916.652125625900226 ], [ 448839.75402709498303, 208913.424397249240428 ], [ 448846.837097699288279, 208908.000020394072635 ], [ 448848.58545056998264, 208906.699963131250115 ], [ 448852.79942928388482, 208904.23433728798409 ], [ 448853.427043134928681, 208902.665302660432644 ], [ 448855.040907323244028, 208901.410074958403129 ], [ 448860.42045461764792, 208897.01677800132893 ], [ 448862.303296170721296, 208896.209845907142153 ], [ 448865.486194986558985, 208894.371833914919989 ], [ 448867.144888735667337, 208893.116606212890474 ], [ 448870.731253598583862, 208891.457912463782122 ], [ 448873.196879441849887, 208889.57507091073785 ], [ 448875.57284616358811, 208887.602570236107567 ], [ 448879.159211026504636, 208885.092114832048537 ], [ 448882.835235011065379, 208882.178193380939774 ], [ 448886.242281630809885, 208879.93671534160967 ], [ 448889.021714399626944, 208877.740066863043467 ], [ 448892.60807926254347, 208875.13995233742753 ], [ 448895.253023348981515, 208873.436429027526174 ], [ 448898.704899529519025, 208870.298359772452386 ], [ 448900.946377568878233, 208868.953472948865965 ], [ 448904.667231114057358, 208866.622335787949851 ], [ 448910.181267090840265, 208862.184209270053543 ], [ 448913.677972832228988, 208860.16687903465936 ], [ 448915.112518777372316, 208858.597844407107914 ], [ 448917.667803742224351, 208856.266707246220903 ], [ 448920.043770463904366, 208854.204547450033715 ], [ 448924.750874346529599, 208850.394034783152165 ], [ 448929.59246691147564, 208846.314544751570793 ], [ 448932.327070119499695, 208844.655851002462441 ], [ 448934.92718464526115, 208842.952327692561084 ], [ 448939.589458967035171, 208839.007326343329623 ], [ 448941.965425688773394, 208837.483121276571183 ], [ 448947.075995618419256, 208834.883006750955246 ], [ 448947.748439030256122, 208833.896756413654657 ], [ 448950.796849163714796, 208832.1932331037533 ], [ 448951.962417744158302, 208831.789767056674464 ], [ 448956.176396458118688, 208827.17232229563524 ], [ 448959.269636152428575, 208824.975673817127245 ], [ 448962.676682772231288, 208822.196241048368393 ], [ 448965.321626858611125, 208820.537547299260041 ], [ 448968.280377870541997, 208817.937432773615001 ], [ 448971.283958443265874, 208815.426977369555971 ], [ 448973.704754725738894, 208812.871692404733039 ], [ 448975.049641549354419, 208811.437146459560608 ], [ 448976.797994420048781, 208810.58538480460993 ], [ 448980.070552357472479, 208807.671463353442959 ], [ 448982.715496443852317, 208805.250667070969939 ], [ 448985.09146316559054, 208804.085098490526434 ], [ 448987.646748130442575, 208801.619472647231305 ], [ 448990.650328703108244, 208799.109017243201379 ], [ 448993.160784107167274, 208797.091687007778091 ], [ 448995.133284781768452, 208795.029527211590903 ], [ 448996.926467213255819, 208794.222595117433229 ], [ 448998.271354036871344, 208793.23634478013264 ], [ 449000.199025150679518, 208792.250094442832051 ], [ 449004.906129033304751, 208789.381002552458085 ], [ 449007.237266194191761, 208787.811967924935743 ], [ 449011.271926665038336, 208785.077364716940792 ], [ 449013.19959777884651, 208783.911796136497287 ], [ 449015.306587135768496, 208782.387591069738846 ], [ 449018.489485951606184, 208780.190942591201747 ], [ 449020.103350139921531, 208779.070203571522143 ], [ 449022.16550993610872, 208777.590828065585811 ], [ 449024.238877122581471, 208773.713071056845365 ] ] ] } },
{ "type": "Feature", "properties": { "id": null }, "geometry": { "type": "MultiLineString", "coordinates": [ [ [ 448714.085560819425154, 209298.611190918716602 ], [ 448715.262336790445261, 209299.003449575742707 ], [ 448719.65563374751946, 209300.706972885644063 ], [ 448724.76620367722353, 209303.934701262274757 ], [ 448729.966432728455402, 209306.534815787919797 ], [ 448733.194161105086096, 209309.403907678264659 ], [ 448735.704616509145126, 209311.107430988136912 ], [ 448739.201322250533849, 209313.25924990591011 ], [ 448742.249732384050731, 209315.142091458954383 ], [ 448744.132573937065899, 209316.038682674698066 ], [ 448746.542162829369772, 209317.5404729610309 ], [ 448751.484621906129178, 209318.190501592471264 ], [ 448754.802009404345881, 209319.625047537643695 ], [ 448759.46428372617811, 209319.894024902343517 ], [ 448769.237127977656201, 209320.700956996501191 ], [ 448769.965608340513427, 209320.947519580833614 ], [ 448773.092470205330756, 209321.597548212244874 ], [ 448774.885652636759914, 209322.314821184845641 ], [ 448778.8754835469299, 209323.032094157417305 ], [ 448780.623836417507846, 209323.211412400560221 ], [ 448788.155202629626729, 209323.390730643703137 ], [ 448789.141452966956422, 209323.749367130018072 ], [ 448792.279522222001106, 209324.37698098103283 ], [ 448794.879636747646146, 209325.004594832047587 ], [ 448798.466001610620879, 209326.080504290905083 ], [ 448803.038616810867097, 209326.618459020362934 ], [ 448807.700891132641118, 209327.335731992934598 ], [ 448820.253168152936269, 209327.515050236106617 ], [ 448822.315327949123457, 209328.501300573407207 ], [ 448825.655130227853078, 209329.655661763623357 ], [ 448827.784534365113359, 209330.025505640136544 ], [ 448828.770784702384844, 209330.384142126451479 ], [ 448832.715786051587202, 209330.742778612708207 ], [ 448839.88851577747846, 209331.818688071594806 ], [ 448842.847266789409332, 209332.356642801023554 ], [ 448848.137154962227214, 209333.701529624639079 ], [ 448851.723519825201947, 209334.418802597210743 ], [ 448857.103067119605839, 209335.763689420826267 ], [ 448873.421027245931327, 209338.722440432757139 ], [ 448873.600345489103347, 209339.170736040599877 ], [ 448875.931482649990357, 209340.06732725634356 ], [ 448880.683416093408596, 209340.336304621072486 ], [ 448888.75273703498533, 209341.860509687801823 ], [ 448893.325352235231549, 209342.757100903545506 ], [ 448896.28410324716242, 209343.205396511417348 ], [ 448904.174105945625342, 209345.446874550747452 ], [ 448908.477743781113531, 209345.984829280205304 ], [ 448909.732971483143046, 209346.522784009634051 ], [ 448915.112518777546939, 209347.598693468520651 ], [ 448919.326497491507325, 209349.391875899978913 ], [ 448924.168090056453366, 209350.826421845151344 ], [ 448927.395818433142267, 209352.619604276638711 ], [ 448934.568548158975318, 209354.771423194382805 ], [ 448936.720367076748516, 209355.130059680668637 ], [ 448938.513549508235883, 209356.295628261141246 ], [ 448941.741277884866577, 209358.178469814185519 ], [ 448948.555371124472003, 209362.661425892845728 ], [ 448949.272644097043667, 209363.020062379131559 ], [ 448952.410713352088351, 209364.006312716461252 ], [ 448953.217645446246024, 209364.63392656747601 ], [ 448955.010827877733391, 209366.068472512648441 ], [ 448957.700601524906233, 209368.220291430392535 ], [ 448960.569693415309303, 209368.937564402993303 ], [ 448962.721512333024293, 209370.013473861879902 ], [ 448966.453573268081527, 209370.573843372112606 ] ] ] } },
{ "type": "Feature", "properties": { "id": null }, "geometry": { "type": "MultiLineString", "coordinates": [ [ [ 449107.128735014994163, 209532.587876055331435 ], [ 449109.695227372343652, 209532.800816468516132 ], [ 449112.922955748974346, 209532.890475590102142 ], [ 449120.275003717979416, 209531.635247888072627 ], [ 449122.785459122038446, 209531.455929644929711 ], [ 449135.696372628619429, 209529.393769848742522 ], [ 449137.758532424806617, 209529.035133362427587 ], [ 449141.972511138767004, 209528.676496876141755 ], [ 449143.407057083968539, 209527.42126917411224 ], [ 449149.503877350944094, 209523.655586068023695 ], [ 449153.807515186490491, 209520.607175934535917 ], [ 449156.317970590491313, 209519.172629989363486 ], [ 449163.13206383009674, 209516.303538099018624 ], [ 449165.552860112569761, 209514.331037424388342 ], [ 449168.421952002914622, 209512.179218506644247 ], [ 449181.781161117367446, 209507.247966820083093 ], [ 449181.781161117367446, 209505.903079996496672 ], [ 449181.243206387909595, 209500.792510066821706 ], [ 449184.739912129298318, 209492.723189125215868 ], [ 449186.084798952913843, 209487.702278317097807 ], [ 449187.877981384343002, 209484.205572575738188 ], [ 449191.733323612017557, 209479.005343524477212 ], [ 449193.705824286618736, 209474.881023932102835 ], [ 449195.767984082805924, 209468.246248935669428 ], [ 449197.202530028007459, 209466.094430017896229 ], [ 449200.34059928311035, 209461.432155696093105 ], [ 449205.540828334342223, 209454.259425970201846 ], [ 449207.692647252115421, 209447.714310095354449 ], [ 449209.934125291474629, 209444.21760435399483 ], [ 449216.658559409494046, 209434.444760102487635 ], [ 449218.093105354637373, 209432.292941184714437 ], [ 449221.410492852854077, 209429.334190172812669 ], [ 449225.803789809986483, 209425.389188823581208 ], [ 449229.569472916016821, 209420.995891866477905 ], [ 449232.023891368065961, 209417.017268347117351 ], [ 449236.38356615556404, 209413.285207411187002 ], [ 449241.045840477454476, 209408.174637481482932 ], [ 449243.556295881513506, 209404.319295253837481 ], [ 449246.425387771858368, 209400.553612147748936 ], [ 449247.680615473887883, 209397.594861135818064 ], [ 449250.370389121060725, 209393.380882421857677 ], [ 449252.880844525119755, 209389.704858437355142 ], [ 449255.660277293878607, 209384.594288507680176 ], [ 449257.722437090065796, 209381.276901009463472 ], [ 449259.067323913681321, 209379.125082091690274 ], [ 449260.412210737296846, 209376.704285809217254 ], [ 449262.115734047198202, 209373.835193918872392 ], [ 449264.088234721799381, 209370.96610202852753 ], [ 449265.522780667000916, 209368.724623989168322 ], [ 449267.226303976844065, 209366.034850341966376 ], [ 449269.288463773031253, 209365.048600004665786 ], [ 449273.861078973393887, 209362.807121965306578 ], [ 449275.205965797009412, 209361.731212506449083 ], [ 449281.482104307156987, 209358.682802372932201 ], [ 449284.530514440615661, 209356.530983455188107 ], [ 449287.578924574132543, 209354.110187172685983 ], [ 449295.558586394181475, 209349.80654933716869 ], [ 449300.310519837541506, 209346.578820960537996 ], [ 449305.331430645659566, 209344.516661164350808 ], [ 449306.676317469275091, 209343.620069948607124 ], [ 449310.531659696833231, 209338.599159140547272 ], [ 449315.642229626537301, 209333.488589210872306 ], [ 449327.118597187916748, 209322.370858135749586 ], [ 449328.822120497818105, 209320.488016582705313 ], [ 449332.76712184707867, 209316.632674355059862 ], [ 449334.560304278507829, 209314.032559829414822 ], [ 449339.760533329797909, 209305.604602401523152 ], [ 449345.140080624201801, 209299.507782134547597 ], [ 449348.098831636132672, 209295.024826055858284 ], [ 449349.623036702862009, 209291.617779436084675 ], [ 449350.340309675433673, 209290.990165585069917 ], [ 449354.46462926780805, 209285.341640925937099 ], [ 449359.3958809543401, 209279.693116266804282 ], [ 449365.582360342901666, 209268.844362556439592 ], [ 449367.644520139088854, 209264.809702085622121 ], [ 449371.858498853049241, 209259.519813912804238 ], [ 449374.727590743394103, 209256.292085536144441 ], [ 449377.776000876910985, 209252.34708418691298 ], [ 449380.824411010427866, 209248.312423716124613 ], [ 449383.424525536014698, 209246.877877770952182 ], [ 449388.266118100960739, 209240.870716625533532 ], [ 449391.314528234477621, 209236.746397033130052 ], [ 449397.949303230911028, 209231.456508860312169 ], [ 449404.853055592044257, 209225.090711228607688 ], [ 449407.99112484708894, 209222.311278459819732 ], [ 449413.012035655207001, 209217.828322381159524 ], [ 449414.894877208280377, 209216.483435557543999 ], [ 449416.957037004467566, 209215.855821706529241 ], [ 449419.826128894812427, 209212.538434208312538 ], [ 449423.322834636201151, 209210.296956168982433 ], [ 449429.329995781590696, 209206.441613941336982 ], [ 449431.302496456250083, 209204.289795023563784 ], [ 449436.502725507481955, 209198.910247729159892 ], [ 449439.013180911540985, 209195.05490550151444 ], [ 449445.28931942168856, 209185.10274300686433 ], [ 449449.323979892476927, 209182.681946724362206 ], [ 449451.655117053422146, 209180.261150441889185 ], [ 449454.793186308466829, 209176.58512645738665 ], [ 449458.827846779255196, 209173.088420716027031 ], [ 449460.800347453914583, 209172.012511257140432 ], [ 449463.490121101087425, 209167.619214300066233 ], [ 449469.58694136806298, 209161.791371397790499 ], [ 449471.918078528949991, 209158.29466565643088 ], [ 449476.490693729196209, 209153.542732213012641 ], [ 449481.690922780486289, 209148.790798769623507 ], [ 449484.739332913944963, 209144.128524447820382 ], [ 449489.311948114191182, 209140.542159584874753 ], [ 449491.105130545678549, 209137.493749451386975 ], [ 449493.884563314437401, 209133.548748102155514 ], [ 449500.877974797214847, 209126.913973105722107 ], [ 449505.540249118988868, 209120.906811960303457 ], [ 449510.830137291864958, 209116.154878516914323 ], [ 449515.402752492052969, 209112.389195410825778 ], [ 449524.189346406259574, 209102.347373794618761 ], [ 449525.085937622003257, 209101.092146092589246 ], [ 449530.28616667323513, 209094.009075488283997 ], [ 449534.141508900909685, 209091.050324476353126 ], [ 449535.48639572452521, 209089.257142044894863 ], [ 449536.562305183382705, 209087.105323127121665 ], [ 449539.431397073727567, 209088.181232586008264 ], [ 449540.59696565422928, 209088.898505558609031 ], [ 449544.093671395559795, 209090.781347111653304 ], [ 449546.873104164318647, 209092.484870421525557 ], [ 449550.638787270407192, 209094.547030217712745 ], [ 449553.059583552880213, 209096.698849135485943 ], [ 449555.032084227539599, 209098.761008931673132 ], [ 449559.066744698327966, 209101.80941906516091 ], [ 449562.922086926002521, 209105.485443049692549 ], [ 449565.522201451589353, 209110.147717371495673 ], [ 449566.867088275204878, 209112.299536289268872 ], [ 449571.977658204908948, 209119.920561623002868 ], [ 449574.219136244209949, 209122.431017027061898 ], [ 449574.7570909736678, 209123.327608242805582 ], [ 449574.577772730553988, 209125.838063646835508 ], [ 449576.460614283569157, 209128.70715553718037 ], [ 449577.715841985598672, 209130.948633576539578 ], [ 449579.509024417086039, 209134.534998439456103 ], [ 449580.943570362287574, 209138.031704180815723 ], [ 449581.481525091687217, 209141.797387286904268 ], [ 449582.109138942731079, 209144.935456541978056 ], [ 449583.095389280002564, 209150.135685593239032 ], [ 449584.709253468376119, 209158.20500653484487 ], [ 449584.888571711489931, 209159.370575115288375 ], [ 449585.785162927233614, 209163.22591734296293 ], [ 449585.964481170405634, 209165.557054503879044 ], [ 449587.040390629263129, 209168.336487272637896 ], [ 449588.923232182278298, 209175.240239633800229 ], [ 449589.550846033322159, 209179.364559226174606 ], [ 449589.999141641194001, 209181.875014630233636 ], [ 449591.433687586337328, 209185.10274300686433 ], [ 449593.226870017824695, 209194.516950772085693 ], [ 449593.854483868868556, 209195.861837595672114 ], [ 449594.033802111982368, 209197.475701783987461 ], [ 449594.213120355154388, 209200.434452795918332 ], [ 449595.199370692425873, 209204.648431509878719 ], [ 449597.620166974898893, 209212.717752451484557 ], [ 449597.709826096484903, 209213.255707180913305 ], [ 449599.413349406328052, 209220.069800420489628 ], [ 449600.758236229943577, 209225.718325079622446 ], [ 449601.475509202515241, 209231.097872374026338 ], [ 449602.551418661430944, 209235.311851087986724 ], [ 449605.599828794889618, 209241.946626084420132 ], [ 449606.586079132219311, 209248.222764594538603 ], [ 449608.289602442120668, 209252.795379794784822 ], [ 449610.351762238307856, 209257.726631481345976 ], [ 449611.248353454051539, 209261.850951073720353 ], [ 449614.027786222810391, 209270.009931136853993 ], [ 449614.386422709096223, 209272.520386540913023 ], [ 449615.283013924839906, 209277.182660862716148 ], [ 449616.627900748455431, 209283.548458494449733 ], [ 449617.972787572070956, 209287.5831189652381 ], [ 449621.02119770552963, 209293.50062098907074 ], [ 449622.007448042859323, 209296.638690244144527 ], [ 449622.814380137016997, 209301.928578416991513 ], [ 449625.324835541076027, 209305.783920644636964 ], [ 449626.938699729449581, 209316.811992598231882 ], [ 449627.118017972563393, 209319.322448002261808 ], [ 449627.118017972563393, 209323.626085837808205 ], [ 449627.745631823607255, 209328.109041916468414 ], [ 449629.718132498208433, 209333.667907454015221 ], [ 449630.345746349252295, 209336.447340222803177 ], [ 449630.345746349252295, 209340.66131893673446 ], [ 449629.897450741380453, 209345.144275015423773 ], [ 449629.718132498208433, 209348.282344270497561 ], [ 449629.538814255036414, 209351.241095282399328 ], [ 449629.09051864722278, 209358.413825008290587 ], [ 449627.924950066721067, 209361.193257777049439 ], [ 449627.297336215735413, 209362.71746284380788 ], [ 449624.517903446918353, 209367.55905540875392 ], [ 449622.635061893903185, 209371.683375001128297 ], [ 449618.86937878781464, 209378.228490875975695 ], [ 449617.793469328957144, 209379.932014185877051 ], [ 449615.193354803312104, 209383.51837904882268 ], [ 449613.938127101282589, 209385.849516209738795 ], [ 449611.696649061923381, 209389.077244586369488 ], [ 449610.082784873608034, 209391.318722625699593 ], [ 449606.675738253805321, 209394.815428367059212 ], [ 449604.792896700790152, 209399.029407081019599 ], [ 449600.847895351529587, 209405.843500320595922 ], [ 449598.516758190642577, 209408.802251332526794 ], [ 449597.620166974898893, 209410.954070250270888 ], [ 449595.916643664997537, 209413.643843897472834 ], [ 449594.571756841382012, 209416.154299301531864 ], [ 449593.226870017824695, 209418.126799976162147 ], [ 449590.537096370593645, 209420.816573623364093 ], [ 449586.143799413519446, 209428.258280713984277 ], [ 449584.619594346790109, 209430.768736118043307 ], [ 449583.364366644760594, 209433.637828008388169 ], [ 449581.212547726987395, 209437.403511114476714 ], [ 449578.971069687628187, 209440.00362564009265 ], [ 449576.281296040455345, 209443.141694895166438 ], [ 449572.874249420652632, 209448.072946581698488 ], [ 449572.067317326494958, 209448.879878675856162 ], [ 449567.58436124783475, 209453.721471240831306 ], [ 449565.611860573233571, 209458.428575123369228 ], [ 449563.549700776988175, 209461.925280864728848 ], [ 449561.846177467145026, 209464.704713633516803 ], [ 449561.128904494515155, 209467.932442010147497 ], [ 449560.232313278771471, 209469.81528356319177 ], [ 449558.170153482584283, 209472.146420724107884 ], [ 449555.211402470711619, 209475.553467343881493 ], [ 449551.625037607736886, 209478.960513963684207 ], [ 449549.742196054721717, 209481.829605854029069 ], [ 449548.397309231106192, 209484.78835686595994 ], [ 449546.514467678091023, 209489.988585917220917 ], [ 449545.886853827047162, 209491.333472740807338 ], [ 449541.941852477786597, 209495.368133211624809 ], [ 449541.134920383628923, 209497.878588615683839 ], [ 449539.431397073727567, 209500.658021384442691 ], [ 449538.086510250170249, 209503.437454153230647 ], [ 449536.114009575510863, 209506.127227800432593 ], [ 449533.334576806752011, 209508.906660569220548 ], [ 449530.734462281106971, 209512.403366310580168 ], [ 449528.761961606505793, 209514.913821714639198 ], [ 449526.699801810318604, 209517.513936240255134 ], [ 449524.637642014131416, 209520.831323738471838 ], [ 449517.464912288240157, 209530.693827111535938 ], [ 449516.568321072554681, 209531.680077448865632 ], [ 449515.133775127353147, 209534.100873731338652 ], [ 449510.83013729180675, 209538.225193323713029 ], [ 449509.036954860377591, 209541.004626092500985 ], [ 449509.036954860377591, 209543.694399739702931 ], [ 449506.705817699432373, 209547.549741967348382 ], [ 449504.733317024831194, 209551.674061559722759 ], [ 449502.402179863944184, 209556.157017638412071 ], [ 449499.712406216713134, 209560.191678109200438 ], [ 449496.843314326368272, 209563.0607699995453 ], [ 449490.746494059392717, 209572.968102933402406 ], [ 449490.118880208407063, 209574.021597611892503 ], [ 449491.670199868851341, 209574.413046480505727 ], [ 449489.491266357363202, 209575.837194823747268 ], [ 449487.563595243555028, 209576.801030380680459 ], [ 449485.366946764988825, 209577.316570329712704 ], [ 449481.063308929500636, 209579.916684855357744 ], [ 449479.987399470584933, 209579.737366612214828 ], [ 449474.876829540880863, 209582.247822016244754 ], [ 449472.097396772122011, 209584.130663569289027 ], [ 449469.138645760191139, 209586.282482487062225 ], [ 449460.979665697028395, 209589.510210863692919 ], [ 449458.379551171383355, 209591.03441593045136 ], [ 449453.896595092723146, 209593.186234848224558 ], [ 449451.027503202378284, 209594.710439914953895 ], [ 449446.185910637432244, 209596.593281467998167 ], [ 449442.509886652929708, 209598.745100385771366 ], [ 449437.75795320951147, 209601.434874032973312 ], [ 449434.709543075994588, 209603.317715586017584 ], [ 449429.150677538535092, 209605.738511868519709 ], [ 449426.46090389136225, 209607.262716935249045 ], [ 449423.390078976633959, 209607.968782517156797 ], [ 449420.184765381214675, 209609.68351321775117 ], [ 449416.867377882939763, 209611.566354770737235 ], [ 449414.894877208338585, 209612.373286864894908 ], [ 449409.336011670820881, 209615.511356119968696 ], [ 449405.391010321560316, 209617.66317503771279 ], [ 449403.149532282259315, 209618.649425375013379 ], [ 449400.190781270328443, 209620.17363044177182 ], [ 449395.797484313196037, 209622.146131116402103 ], [ 449393.556006273895036, 209623.222040575259598 ], [ 449385.486685332260095, 209627.167041924491059 ], [ 449383.783162022358738, 209628.422269626520574 ], [ 449377.776000876969192, 209631.291361516865436 ], [ 449375.893159323895816, 209632.725907462066971 ], [ 449374.010317770880647, 209634.070794285653392 ], [ 449365.582360343018081, 209638.195113878027769 ], [ 449362.892586695787031, 209639.898637187929126 ], [ 449357.782016766141169, 209642.31943347043125 ], [ 449352.761105958023109, 209644.560911509761354 ], [ 449347.471217785147019, 209646.892048670677468 ], [ 449342.181329612329137, 209648.595571980549721 ], [ 449336.981100561097264, 209651.016368263051845 ], [ 449332.318826239265036, 209653.16818718079594 ], [ 449328.553143133176491, 209655.320006098569138 ], [ 449321.380413407285232, 209659.623643934086431 ], [ 449319.351875781372655, 209660.352124297758564 ], [ 449317.973366787540726, 209660.69955339297303 ], [ 449317.614730301254895, 209660.878871636115946 ], [ 449315.642229626595508, 209661.954781095002545 ], [ 449311.428250912635121, 209664.196259134332649 ], [ 449308.738477265404072, 209665.451486836333061 ], [ 449302.462338755256496, 209668.499896969849942 ], [ 449298.069041798182297, 209671.279329738608794 ], [ 449295.110290786251426, 209673.162171291653067 ], [ 449291.165289437049069, 209674.955353723140433 ], [ 449286.144378628931008, 209676.927854397741612 ], [ 449282.647672887542285, 209679.07967331551481 ], [ 449278.433694173581898, 209681.59012871957384 ], [ 449273.054146879178006, 209684.100584123603767 ], [ 449267.584940463246312, 209687.238653378677554 ], [ 449265.164144180715084, 209688.045585472835228 ], [ 449262.11573404725641, 209689.659449661179679 ], [ 449249.384138783847447, 209694.770019590854645 ], [ 449247.321978987660259, 209696.473542900756001 ], [ 449238.894021559739485, 209699.880589520529611 ], [ 449227.68663136305986, 209705.529114179662429 ], [ 449223.651970892271493, 209706.605023638549028 ], [ 449221.410492852970492, 209707.232637489563785 ], [ 449217.017195895838086, 209708.487865191593301 ], [ 449211.906625966192223, 209709.743092893622816 ], [ 449208.4099202248035, 209711.087979717209237 ], [ 449205.182191848172806, 209712.612184783967678 ], [ 449200.519917526340578, 209714.584685458568856 ], [ 449196.574916177138221, 209716.377867890056223 ], [ 449193.616165165207349, 209717.90207295678556 ], [ 449187.609004019759595, 209718.709005050972337 ], [ 449184.829571250942536, 209720.143550996144768 ], [ 449177.925818889809307, 209722.833324643346714 ], [ 449172.904908081691246, 209723.191961129632546 ], [ 449172.187635109119583, 209723.550597615947481 ], [ 449169.408202340360731, 209724.62650707483408 ], [ 449166.987406057829503, 209725.433439168991754 ], [ 449165.014905383228324, 209726.240371263149427 ], [ 449162.952745587041136, 209726.957644235721091 ], [ 449161.585443983087316, 209727.383525063225534 ], [ 449160.913000571308658, 209727.65250242795446 ], [ 449160.487119743775111, 209727.495598965178942 ] ] ] } },
{ "type": "Feature", "properties": { "id": null }, "geometry": { "type": "MultiLineString", "coordinates": [ [ [ 448714.085560819425154, 209298.611190918716602 ], [ 448715.228714619704988, 209297.647355361783411 ], [ 448716.483942321734503, 209296.30246853819699 ], [ 448719.21854552970035, 209293.88167225572397 ], [ 448720.922068839601707, 209292.447126310522435 ], [ 448724.015308533911593, 209289.578034420177573 ], [ 448724.867070188862272, 209288.233147596591152 ], [ 448726.615423059498426, 209286.395135604339885 ], [ 448728.173250297026243, 209284.837308367277728 ] ] ] } },
{ "type": "Feature", "properties": { "id": null }, "geometry": { "type": "MultiLineString", "coordinates": [ [ [ 448728.173250297026243, 209284.837308367277728 ], [ 448731.255282600759529, 209282.270816011936404 ], [ 448732.062214694917202, 209281.374224796192721 ], [ 448733.541590200853534, 209279.043087635276606 ], [ 448735.289943071547896, 209277.249905203818344 ], [ 448736.321022969612386, 209276.129166184167843 ], [ 448740.221194758079946, 209272.453142199636204 ], [ 448741.431592899316456, 209271.466891862335615 ], [ 448742.866138844517991, 209269.808198113227263 ], [ 448744.704150836798362, 209266.849447101296391 ], [ 448746.676651511399541, 209264.563139501202386 ], [ 448750.576823299867101, 209261.380240685335593 ], [ 448753.894210798083805, 209258.466319234197726 ], [ 448757.704723464907147, 209254.700636128109181 ], [ 448759.184098970901687, 209252.279839845636161 ], [ 448760.528985794517212, 209250.441827853384893 ], [ 448764.742964508477598, 209245.062280558951898 ], [ 448766.625806061492767, 209243.179439005936729 ], [ 448770.525977849960327, 209239.862051507720025 ], [ 448773.305410618719179, 209237.979209954675753 ], [ 448776.353820752236061, 209235.558413672173629 ], [ 448778.505639669951051, 209233.406594754429534 ], [ 448780.74711770931026, 209230.98579847192741 ], [ 448785.992176321335137, 209226.682160636410117 ], [ 448787.516381388006266, 209225.06829644809477 ], [ 448790.699280203843955, 209222.288863679335918 ], [ 448793.209735607902985, 209220.04738563997671 ], [ 448795.85467969434103, 209216.998975506488932 ], [ 448798.36513509840006, 209214.398860980872996 ], [ 448801.503204353444744, 209210.991814361070283 ], [ 448803.655023271217942, 209207.136472133424832 ], [ 448806.344796918448992, 209204.043232439144049 ], [ 448809.886332220572513, 209200.36720845461241 ], [ 448814.234799616911914, 209195.301468085730448 ], [ 448815.803834244434256, 209193.23930828954326 ], [ 448816.924573264084756, 209191.984080587513745 ], [ 448820.286790323094465, 209188.980500014789868 ], [ 448825.0835533272475, 209185.169987347908318 ], [ 448825.980144542991184, 209184.811350861622486 ], [ 448827.86298609606456, 209183.600952720356872 ], [ 448832.009720468660817, 209179.510255298868287 ] ] ] } },
{ "type": "Feature", "properties": { "id": null }, "geometry": { "type": "MultiLineString", "coordinates": [ [ [ 448710.2414259823272, 209242.921669031667989 ], [ 448707.136978897440713, 209237.620573468360817 ], [ 448705.164478222839534, 209232.868640024971683 ], [ 448701.936749846150633, 209227.220115365838865 ], [ 448695.122656606603414, 209216.909316384902922 ], [ 448693.150155932002235, 209214.12988361614407 ], [ 448688.936177218041848, 209206.329540039238054 ], [ 448686.78435830026865, 209202.115561325277667 ], [ 448684.094584653095808, 209197.004991395602701 ], [ 448681.046174519578926, 209192.342717073770473 ], [ 448678.535719115519896, 209187.859760995110264 ], [ 448675.935604589874856, 209183.735441402735887 ], [ 448673.873444793687668, 209180.418053904519184 ], [ 448671.721625875914469, 209177.817939378874144 ], [ 448667.238669797312468, 209167.238163033238379 ], [ 448664.369577906909399, 209162.037933981977403 ], [ 448660.693553922406863, 209154.685886012972333 ], [ 448658.810712369391695, 209150.113270812726114 ], [ 448656.838211694790516, 209145.18201912616496 ], [ 448655.403665749588981, 209139.802471831761068 ], [ 448651.279346157156397, 209130.388264066510601 ], [ 448649.306845482555218, 209126.622580960422056 ], [ 448646.168776227510534, 209121.870647517032921 ], [ 448643.120366093993653, 209115.684168128471356 ], [ 448640.878888054634444, 209110.214961712510558 ], [ 448639.982296838890761, 209107.435528943722602 ], [ 448636.216613732860424, 209098.917912394244922 ], [ 448633.795817450387403, 209090.489954966353253 ], [ 448630.657748195284512, 209082.510293146304321 ], [ 448628.595588399097323, 209076.682450244057691 ], [ 448626.712746846082155, 209071.930516800668556 ], [ 448623.753995834151283, 209065.744037412077887 ], [ 448621.602176916378085, 209060.185171874531079 ], [ 448617.388198202417698, 209051.219259717210662 ], [ 448614.608765433658846, 209045.301757693348918 ], [ 448612.636264759057667, 209039.83255127738812 ], [ 448610.574104962870479, 209034.90129959085607 ], [ 448609.139559017668944, 209029.701070539595094 ], [ 448607.794672194111627, 209025.845728311920539 ], [ 448606.808421856781933, 209023.155954664718593 ], [ 448603.49103435856523, 209014.817656358383829 ], [ 448601.877170170249883, 209011.051973252295284 ], [ 448600.083987738762517, 209006.300039808906149 ], [ 448599.635692130890675, 209004.865493863733718 ], [ 448599.008078279846814, 208996.70651380054187 ], [ 448598.828760036733001, 208989.444124953093706 ], [ 448598.111487064161338, 208981.105826646758942 ], [ 448597.394214091531467, 208969.898436450079316 ], [ 448597.483873213117477, 208967.656958410749212 ], [ 448598.111487064161338, 208961.918774630059488 ], [ 448597.932168820989318, 208958.153091523970943 ], [ 448597.483873213175684, 208952.952862472709967 ], [ 448596.856259362131823, 208947.035360448877327 ], [ 448596.945918483717833, 208943.628313829074614 ], [ 448597.035577605303843, 208939.683312479872257 ], [ 448597.752850577875506, 208934.214106063882355 ], [ 448599.008078279905021, 208929.013877012621379 ], [ 448599.456373887776863, 208923.723988839803496 ], [ 448600.352965103462338, 208918.703078031743644 ], [ 448600.89091983292019, 208911.171711819566553 ], [ 448602.325465778063517, 208905.881823646719567 ], [ 448602.684102264407557, 208903.012731756374706 ], [ 448603.289301334589254, 208900.580728083412396 ], [ 448603.849670844792854, 208896.019320273626363 ], [ 448605.284216789936181, 208890.012159128207713 ], [ 448604.656602938950527, 208887.412044602562673 ], [ 448605.373875911522191, 208883.915338861203054 ], [ 448605.822171519394033, 208879.791019268828677 ], [ 448606.360126248851884, 208876.832268256897805 ], [ 448607.436035707884002, 208873.783858123410027 ], [ 448608.063649558753241, 208870.55612974675023 ], [ 448609.587854625482578, 208865.266241573932348 ], [ 448610.215468476526439, 208861.859194954129634 ], [ 448611.470696178555954, 208856.658965902868658 ], [ 448612.725923880585469, 208851.458736851607682 ], [ 448613.981151582556777, 208846.975780772947473 ], [ 448616.760584351373836, 208841.416915235400666 ], [ 448617.746834688645322, 208839.982369290228235 ], [ 448621.422858673264273, 208833.078616929065902 ], [ 448622.319449889007956, 208829.581911187706282 ], [ 448624.919564414652996, 208824.292023014859296 ], [ 448626.443769481382333, 208821.333272002957528 ], [ 448628.236951912869699, 208816.939975045854226 ], [ 448629.940475222712848, 208813.443269304494606 ], [ 448632.809567113115918, 208809.318949712120229 ], [ 448634.961386030830909, 208804.656675390288001 ], [ 448637.113204948604107, 208801.159969648928382 ], [ 448640.161615082062781, 208797.30462742128293 ], [ 448643.210025215579662, 208793.180307828908553 ], [ 448645.720480619638693, 208790.042238573834766 ], [ 448650.920709670870565, 208785.110986887302715 ], [ 448655.582983992702793, 208781.34530378121417 ], [ 448661.410826894978527, 208777.220984188839793 ], [ 448664.369577906909399, 208775.069165271066595 ], [ 448667.507647161954083, 208773.275982839608332 ], [ 448675.128672495717183, 208770.227572706120554 ], [ 448678.446059993933886, 208768.255072031490272 ], [ 448685.260153233539313, 208764.041093317529885 ], [ 448687.949926880712155, 208762.78586561550037 ], [ 448692.612201202544384, 208760.992683184042107 ], [ 448697.364134645962622, 208759.289159874140751 ], [ 448698.440044104820117, 208758.661546023125993 ], [ 448703.012659305066336, 208756.599386226938805 ], [ 448707.405956262140535, 208755.433817646495299 ], [ 448710.723343760357238, 208754.895862917037448 ], [ 448719.958233282435685, 208754.626885552337626 ], [ 448725.248121455253568, 208753.730294336593943 ], [ 448728.296531588770449, 208753.550976093451027 ], [ 448732.151873816445004, 208752.833703120850259 ], [ 448734.841647463617846, 208752.475066634564428 ], [ 448746.586992389755324, 208750.502565959963249 ], [ 448752.773471778316889, 208748.709383528475882 ], [ 448757.884041708020959, 208747.543814948032377 ], [ 448767.029272108455189, 208746.019609881273936 ], [ 448776.712457238405477, 208744.40574569295859 ], [ 448780.478140344494022, 208743.32983623407199 ], [ 448783.347232234838884, 208742.522904139914317 ], [ 448791.864848784345668, 208739.564153128012549 ], [ 448793.568372094247025, 208739.474494006426539 ], [ 448802.354966008395422, 208737.143356845539529 ], [ 448811.589855530473869, 208734.812219684623415 ], [ 448821.093722417252138, 208732.839719009993132 ], [ 448825.038723766512703, 208731.943127794278553 ], [ 448829.790657209872734, 208730.598240970663028 ], [ 448836.066795720020309, 208728.446422052918933 ], [ 448841.177365649724379, 208727.011876107717399 ], [ 448845.032707877340727, 208725.666989284130977 ], [ 448851.308846387488302, 208723.873806852672715 ], [ 448863.054191313625779, 208721.453010570170591 ], [ 448866.640556176542304, 208721.632328813313507 ], [ 448871.033853133616503, 208719.92880550341215 ], [ 448873.902945023961365, 208719.390850773983402 ], [ 448883.137834546039812, 208718.045963950367877 ], [ 448892.552042311232071, 208715.983804154180689 ], [ 448902.773182170640212, 208714.190621722722426 ], [ 448910.573525747517124, 208712.307780169678153 ], [ 448912.008071692660451, 208712.128461926535238 ], [ 448915.863413920335006, 208711.680166318663396 ], [ 448920.436029120581225, 208710.604256859776797 ], [ 448926.80182675231481, 208709.618006522476207 ], [ 448930.477850736817345, 208709.169710914604366 ], [ 448933.436601748748217, 208708.631756185175618 ], [ 448935.947057152749039, 208708.183460577303777 ], [ 448941.326604447211139, 208706.300619024259504 ], [ 448945.450924039585516, 208704.238459228072315 ], [ 448947.602742957358714, 208703.07289064762881 ], [ 448950.830471333989408, 208701.279708216141444 ], [ 448953.60990410274826, 208699.307207541540265 ], [ 448956.478995993093122, 208694.64493321973714 ], [ 448960.065360856067855, 208690.520613627362764 ], [ 448962.217179773782846, 208687.292885250702966 ], [ 448964.368998691556044, 208684.423793360358104 ], [ 448965.982862879871391, 208681.644360591570148 ], [ 448967.058772338787094, 208679.58220079538296 ], [ 448968.76229564868845, 208677.609700120781781 ], [ 448969.838205107545946, 208676.17515417560935 ], [ 448971.900364903733134, 208674.919926473579835 ], [ 448979.790367602196056, 208670.347311273391824 ], [ 448984.094005437742453, 208667.478219383017858 ], [ 448988.576961516402662, 208665.685036951559596 ], [ 448993.23923583823489, 208663.981513641658239 ], [ 448997.363555430609267, 208662.367649453342892 ], [ 449001.398215901397634, 208660.843444386584451 ], [ 449004.98458076431416, 208659.229580198269105 ], [ 449012.067651368619408, 208657.346738645224832 ], [ 449015.295379745250102, 208656.629465672653168 ], [ 449022.64742771431338, 208654.836283241165802 ], [ 449024.978564875200391, 208654.029351147008128 ], [ 449031.075385142175946, 208652.594805201835698 ], [ 449040.399933785840403, 208649.994690676219761 ], [ 449045.420844593958464, 208648.470485609461321 ], [ 449048.110618241131306, 208647.484235272160731 ], [ 449054.207438508106861, 208646.0496893269883 ], [ 449056.538575669052079, 208645.870371083845384 ], [ 449060.124940531968605, 208644.973779868101701 ], [ 449061.918122963455971, 208644.435825138672953 ], [ 449066.557982505182736, 208642.810753559402656 ] ] ] } },
{ "type": "Feature", "properties": { "id": null }, "geometry": { "type": "MultiLineString", "coordinates": [ [ [ 448826.2715366880293, 209168.66150158844539 ], [ 448823.469689138699323, 209164.010434656578582 ], [ 448819.883324275782797, 209155.761795471829828 ], [ 448818.090141844295431, 209149.306338718539337 ], [ 448815.938322926522233, 209144.644064396707108 ], [ 448814.055481373507064, 209141.237017776933499 ], [ 448811.814003334147856, 209134.333265415829374 ], [ 448809.572525294788647, 209126.891558325238293 ], [ 448807.689683741773479, 209120.07746508566197 ], [ 448806.882751647615805, 209113.084053602942731 ], [ 448806.165478674985934, 209107.973483673267765 ], [ 448806.524115161329973, 209101.876663406263106 ], [ 448807.869001984887291, 209098.20063942176057 ], [ 448807.510365498601459, 209086.813930981908925 ], [ 448808.227638471173123, 209079.64120125604677 ], [ 448808.765593200630974, 209071.930516800726764 ], [ 448809.662184416374657, 209065.026764439593535 ], [ 448809.841502659488469, 209057.226420862687519 ], [ 448810.200139145832509, 209052.6538056624413 ], [ 448812.531276306777727, 209037.949709724402055 ], [ 448813.696844887221232, 209030.328684390668059 ], [ 448813.876163130335044, 209023.604250272648642 ], [ 448814.055481373507064, 209018.31436209983076 ], [ 448814.055481373507064, 209013.024473926983774 ], [ 448812.979571914649568, 209008.810495213052491 ], [ 448810.379457388946321, 209001.996401973447064 ], [ 448811.634685090975836, 208995.002990490727825 ], [ 448813.248549279291183, 208984.781850631348789 ], [ 448816.565936777507886, 208974.29173340726993 ], [ 448819.435028667910956, 208966.76036719509284 ], [ 448819.9729833973106, 208963.891275304747978 ], [ 448819.704006032610778, 208956.449568214156898 ], [ 448819.524687789438758, 208949.097520245122723 ], [ 448819.345369546324946, 208940.579903695645044 ], [ 448819.704006032610778, 208933.586492212925805 ], [ 448819.9729833973106, 208930.089786471566185 ], [ 448821.104929807770532, 208926.51462899899343 ], [ 448823.917984746571165, 208918.88239627488656 ], [ 448826.338781029044185, 208913.054553372610826 ], [ 448828.849236433103215, 208906.688755740906345 ], [ 448830.283782378246542, 208902.9230726348178 ], [ 448832.883896903891582, 208898.440116556128487 ], [ 448833.690828998049255, 208896.646934124670224 ], [ 448834.139124605921097, 208889.922500006679911 ], [ 448835.215034064895008, 208880.777269606187474 ], [ 448835.932307037466671, 208874.501131096039899 ], [ 448835.752988794352859, 208864.817945966118714 ], [ 448836.559920888510533, 208860.693626373744337 ], [ 448836.649580010096543, 208858.003852726542391 ], [ 448844.091287100571208, 208848.858622326049954 ], [ 448848.394924936117604, 208841.327256113872863 ], [ 448852.07094892062014, 208831.554411862365669 ], [ 448853.326176622649655, 208826.98179666211945 ], [ 448855.029699932551011, 208822.498840583459241 ], [ 448856.464245877694339, 208817.477929775341181 ], [ 448857.988450944481883, 208813.53292842610972 ], [ 448862.023111415212043, 208808.60167673957767 ], [ 448866.506067493872251, 208804.298038904060377 ], [ 448870.899364451004658, 208799.008150731213391 ], [ 448875.471979651250876, 208793.449285193666583 ], [ 448880.492890459368937, 208786.814510197233176 ], [ 448881.837777282926254, 208782.779849726444809 ], [ 448883.361982349713799, 208780.000416957656853 ], [ 448889.36914349521976, 208772.648368988651782 ], [ 448893.314144844480325, 208767.448139937390806 ], [ 448897.797100923140533, 208761.530637913529063 ], [ 448903.445625582244247, 208754.088930822937982 ], [ 448907.659604296204634, 208747.812792312819511 ], [ 448911.604605645465199, 208743.150517990987282 ], [ 448914.653015778923873, 208740.460744343785336 ], [ 448917.970403277082369, 208736.246765629854053 ], [ 448922.274041112628765, 208728.715399417706067 ], [ 448929.715748203219846, 208720.825396719243145 ], [ 448935.095295497623738, 208714.818235573824495 ], [ 448938.233364752668422, 208711.231870710878866 ], [ 448942.537002588214818, 208708.811074428405846 ], [ 448945.450924039585516, 208704.238459228072315 ] ] ] } },
{ "type": "Feature", "properties": { "id": null }, "geometry": { "type": "MultiLineString", "coordinates": [ [ [ 448606.360126248851884, 208876.832268256897805 ], [ 448621.10905174765503, 208868.583629072149051 ], [ 448631.150873363891151, 208861.948854075715644 ], [ 448639.040876062354073, 208855.852033808710985 ], [ 448654.103608486708254, 208844.196348004188621 ], [ 448663.786793616600335, 208837.74089125089813 ], [ 448675.08384293486597, 208831.106116254464723 ], [ 448688.532711170904804, 208823.933386528573465 ], [ 448701.084988191141747, 208818.015884504740825 ], [ 448719.01681250584079, 208808.153381131676724 ], [ 448734.438181416480802, 208801.697924378386233 ], [ 448756.135688837210182, 208790.221556816977682 ], [ 448767.074101669189986, 208786.635191954061156 ], [ 448773.350240179337561, 208781.614281145943096 ], [ 448781.240242877742276, 208776.593370337766828 ], [ 448797.378884760953952, 208766.730866964702727 ], [ 448808.675934079219587, 208759.558137238811469 ], [ 448822.304120558372233, 208752.744043999235146 ], [ 448829.11821379797766, 208748.261087920574937 ], [ 448843.642991492873989, 208739.474494006368332 ], [ 448853.32617662276607, 208733.736310225678608 ], [ 448858.705723917169962, 208731.046536578476662 ], [ 448863.726634725288022, 208728.715399417560548 ], [ 448870.899364451179281, 208726.742898742959369 ], [ 448888.831188765820116, 208721.004714962240541 ], [ 448900.486874570371583, 208717.597668342466932 ], [ 448907.838922539434861, 208715.087212938407902 ], [ 448915.863413920335006, 208711.680166318663396 ] ] ] } },
{ "type": "Feature", "properties": { "id": null }, "geometry": { "type": "MultiLineString", "coordinates": [ [ [ 448966.453573268081527, 209370.573843372112606 ], [ 448968.35882960120216, 209367.043515459488844 ], [ 448968.62780696596019, 209363.905446204415057 ], [ 448969.793375546403695, 209360.722547388548264 ], [ 448973.245251726941206, 209355.432659215730382 ], [ 448973.29008128773421, 209353.415328980307095 ], [ 448973.37974040932022, 209352.339419521449599 ], [ 448973.514229091699235, 209351.935953474370763 ], [ 448974.545308989763726, 209348.708225097681861 ], [ 448974.993604597635567, 209344.583905505307484 ], [ 448976.114343617286067, 209340.907881520804949 ], [ 448976.741957468329929, 209336.918050610780483 ], [ 448977.952355609566439, 209334.093788281228626 ], [ 448978.400651217438281, 209332.659242336056195 ], [ 448979.207583311595954, 209330.776400783011923 ], [ 448981.135254425404128, 209323.06571632772102 ], [ 448982.61462993134046, 209317.506850790174212 ], [ 448983.73536895099096, 209313.920485927228583 ], [ 448983.869857633369975, 209309.706507213268196 ], [ 448984.542301045148633, 209305.940824107179651 ], [ 448984.94576709222747, 209302.802754852134967 ], [ 448985.797528747178148, 209299.66468559706118 ], [ 448986.783779084507842, 209296.347298098844476 ], [ 448987.501052057137713, 209290.295307392632822 ], [ 448989.249404927832074, 209284.781271415849915 ], [ 448989.877018778817728, 209280.02933797246078 ], [ 448991.221905602433253, 209275.322234089864651 ], [ 448993.104747155506629, 209271.28757361904718 ], [ 448993.194406277034432, 209269.673709430731833 ], [ 448994.584122661501169, 209264.114843893185025 ], [ 448994.539293100708164, 209260.528479030239396 ], [ 448996.197986849816516, 209254.969613492692588 ], [ 448996.377305092930328, 209253.13160150044132 ], [ 448997.767021478328388, 209249.197807541990187 ], [ 448998.260146646003705, 209245.60023528826423 ], [ 448998.349805767531507, 209242.641484276362462 ], [ 448999.470544787240215, 209237.17227786037256 ], [ 449000.72577248926973, 209232.644492220919346 ], [ 449002.02582975209225, 209228.071877020673128 ], [ 449003.639693940407597, 209223.633750502805924 ], [ 449004.087989548279438, 209220.271533443796216 ], [ 449004.715603399265092, 209216.954145945579512 ], [ 449007.091570120945107, 209211.843576015875442 ], [ 449007.495036168023944, 209210.229711827560095 ], [ 449008.615775187732652, 209206.374369599914644 ], [ 449009.871002889762167, 209201.443117913382594 ], [ 449010.67793498391984, 209195.973911497392692 ], [ 449011.126230591791682, 209193.418626532540657 ], [ 449010.946912348619662, 209190.68402332457481 ], [ 449012.246969611442182, 209185.080328226234997 ], [ 449013.233219948713668, 209181.807770288811298 ], [ 449014.040152042871341, 209179.342144445516169 ], [ 449014.488447650743183, 209177.235155088565079 ], [ 449015.429868427279871, 209174.545381441363133 ], [ 449016.147141399851535, 209172.079755598126212 ], [ 449017.761005588166881, 209168.717538539116504 ], [ 449018.254130756831728, 209166.117424013500568 ], [ 449018.926574168610387, 209163.741457291791448 ], [ 449020.00248362752609, 209161.455149691668339 ], [ 449020.809415721683763, 209158.496398679737467 ], [ 449021.750836498220451, 209153.96861304025515 ], [ 449023.095723321835976, 209152.444407973496709 ], [ 449024.440610145393293, 209149.17185003607301 ], [ 449026.771747306338511, 209141.864631627831841 ], [ 449027.399361157324165, 209140.071449196373578 ], [ 449028.475270616239868, 209138.00928940018639 ], [ 449029.730498318269383, 209135.40917487454135 ], [ 449029.999475682969205, 209134.602242780383676 ], [ 449031.568510310549755, 209131.329684842959978 ], [ 449033.092715377279092, 209128.639911195758032 ], [ 449034.213454396929592, 209126.667410521127749 ], [ 449036.634250679402612, 209123.17070477976813 ], [ 449038.741240036382806, 209120.032635524694342 ], [ 449040.26544510317035, 209117.701498363807332 ], [ 449040.713740711042192, 209116.715248026477639 ], [ 449042.103457095450722, 209111.739166779152583 ], [ 449042.731070946436375, 209106.807915092620533 ], [ 449042.9552187504014, 209104.162971006211592 ], [ 449043.089707432780415, 209100.666265264851972 ], [ 449043.179366554308217, 209098.7834237118077 ], [ 449043.358684797480237, 209097.931662056857022 ], [ 449043.806980405352078, 209093.269387735024793 ], [ 449043.806980405352078, 209087.172567468049238 ], [ 449043.762150844559073, 209081.61370193050243 ], [ 449043.627662162238266, 209078.475632675428642 ], [ 449043.179366554366425, 209075.785859028226696 ], [ 449042.9552187504014, 209074.530631326197181 ], [ 449042.327604899415746, 209065.699207851168467 ], [ 449042.506923142529558, 209063.412900251045357 ], [ 449043.13453699357342, 209059.647217144956812 ], [ 449043.762150844559073, 209056.867784376168856 ], [ 449044.300105574016925, 209054.491817654488841 ], [ 449044.613912499509752, 209052.788294344587484 ], [ 449044.972548985795584, 209047.31908792865579 ], [ 449045.107037668174598, 209044.943121206975775 ], [ 449045.196696789760608, 209041.625733708759071 ], [ 449045.331185472081415, 209037.815221041877521 ], [ 449044.972548985795584, 209033.915049253439065 ], [ 449044.793230742681772, 209030.821809559158282 ], [ 449045.331185472081415, 209029.073456688463921 ], [ 449045.869140201655682, 209026.428512601996772 ], [ 449046.003628883976489, 209023.200784225366078 ], [ 449046.272606248734519, 209019.83856716635637 ], [ 449047.258856586006004, 209015.759077134774998 ], [ 449047.662322633084841, 209014.727997236681404 ], [ 449048.020959119312465, 209008.676006530527957 ], [ 449048.15544780169148, 209006.389698930404847 ], [ 449048.693402531149331, 209002.758504506666213 ], [ 449048.514084287977312, 208997.558275455405237 ], [ 449048.872720774263144, 208995.406456537661143 ], [ 449049.724482429213822, 208989.757931878528325 ], [ 449050.307266719464678, 208986.709521745040547 ], [ 449050.441755401785485, 208983.88525941548869 ], [ 449050.396925840992481, 208981.016167525114724 ], [ 449050.845221448864322, 208978.102246073976858 ], [ 449050.934880570450332, 208977.340143540612189 ], [ 449051.203857935208362, 208973.081335265887901 ], [ 449051.562494421494193, 208969.584629524499178 ], [ 449050.979710131243337, 208965.549969053710811 ], [ 449051.024539692036342, 208960.529058245592751 ], [ 449050.621073644957505, 208956.763375139504205 ], [ 449050.5762440841645, 208954.880533586459933 ], [ 449051.248687496059574, 208949.814793217577972 ], [ 449050.93488057050854, 208947.035360448790016 ], [ 449050.576244084222708, 208942.552404370129807 ], [ 449050.531414523429703, 208938.42808477775543 ], [ 449050.800391888187733, 208935.738311130553484 ], [ 449050.800391888187733, 208933.945128699066117 ], [ 449051.114198813680559, 208930.134616032213671 ], [ 449051.203857935266569, 208926.682739851617953 ], [ 449051.293517056852579, 208922.782568063179497 ], [ 449051.562494421552401, 208919.510010125755798 ], [ 449052.190108272596262, 208916.46159999226802 ], [ 449052.100449151010253, 208915.116713168652495 ], [ 449052.548744758823887, 208910.902734454721212 ], [ 449053.266017731453758, 208907.80949476044043 ], [ 449052.907381245109718, 208904.357618579844711 ], [ 449052.683233441202901, 208898.395286995219067 ], [ 449052.907381245109718, 208894.584774328337517 ], [ 449052.862551684374921, 208891.536364194849739 ], [ 449053.44533597456757, 208887.456874163268367 ], [ 449053.355676853039768, 208883.422213692450896 ], [ 449053.086699488281738, 208877.953007276490098 ], [ 449053.266017731453758, 208874.321812852751464 ], [ 449053.44533597456757, 208871.587209644756513 ], [ 449053.44533597456757, 208870.600959307455923 ], [ 449054.162608947197441, 208866.38698059352464 ], [ 449054.386756751104258, 208862.35232012270717 ], [ 449054.610904555069283, 208858.407318773475708 ], [ 449054.297097629518248, 208855.358908639987931 ], [ 449053.62465421773959, 208852.758794114371995 ], [ 449053.176358609867748, 208851.144929926027544 ], [ 449053.176358609867748, 208848.993111008283449 ], [ 449052.817722123581916, 208843.837711517786374 ], [ 449052.638403880468104, 208841.327256113727344 ], [ 449051.965960468631238, 208837.202936521352967 ], [ 449051.921130907838233, 208832.719980442692759 ], [ 449051.696983103931416, 208830.433672842569649 ], [ 449050.755562327394728, 208827.250774026702857 ], [ 449050.576244084339123, 208820.078044300840702 ], [ 449050.576244084339123, 208817.612418457574677 ], [ 449050.083118915674277, 208814.788156127993716 ], [ 449049.365845943102613, 208812.681166771042626 ], [ 449048.64857297053095, 208809.049972347303992 ], [ 449047.931299997901078, 208805.642925727530383 ], [ 449047.572663511615247, 208803.446277248964179 ], [ 449046.765731417457573, 208798.246048197761411 ], [ 449045.824310640920885, 208795.421785868209554 ], [ 449044.389764695777558, 208790.80434110717033 ], [ 449043.538003040826879, 208788.2938857031113 ], [ 449042.417264021176379, 208785.693771177495364 ], [ 449041.117206758353859, 208783.407463577372255 ], [ 449039.951638177910354, 208780.94183773410623 ], [ 449038.15845574636478, 208773.993255812121788 ], [ 449036.992887165921275, 208771.393141286476748 ], [ 449035.110045612906106, 208768.165412909846054 ], [ 449033.316863181418739, 208765.027343654772267 ], [ 449032.196124161768239, 208762.785865615442162 ], [ 449031.523680749931373, 208761.216830987890717 ], [ 449028.901151444413699, 208760.443521063949447 ] ] ] } },
{ "type": "Feature", "properties": { "id": null }, "geometry": { "type": "MultiLineString", "coordinates": [ [ [ 449420.184765381214675, 209609.68351321775117 ], [ 449422.403828639304265, 209604.651395018940093 ], [ 449425.003943164949305, 209597.74764265777776 ], [ 449430.652467824053019, 209586.988548068969976 ], [ 449434.238832686969545, 209574.794907534989761 ], [ 449436.390651604742743, 209570.401610577886458 ], [ 449437.018265455786604, 209569.056723754300037 ], [ 449443.832358695333824, 209556.145810247689951 ], [ 449447.239405315078329, 209550.586944710143143 ], [ 449450.198156327009201, 209543.414214984280989 ], [ 449454.591453284141608, 209535.793189650517888 ], [ 449457.460545174486469, 209530.861937963985838 ], [ 449459.253727605973836, 209523.778867359680589 ], [ 449460.598614429531153, 209519.295911281020381 ], [ 449461.674523888446856, 209513.826704865059583 ], [ 449468.309298884996679, 209495.177607577788876 ], [ 449470.730095167469699, 209489.887719404970994 ], [ 449472.971573206828907, 209482.714989679079736 ], [ 449474.675096516672056, 209474.287032251188066 ], [ 449478.530438744346611, 209461.017482258321252 ], [ 449478.530438744346611, 209459.762254556291737 ], [ 449483.641008673934266, 209445.775431590824155 ], [ 449484.896236375963781, 209439.947588688577525 ], [ 449486.77907792897895, 209434.478382272587623 ], [ 449488.482601238880306, 209425.512470115238102 ], [ 449490.096465427195653, 209418.519058632518863 ], [ 449491.88964785868302, 209414.036102553858655 ], [ 449493.593171168584377, 209407.132350192696322 ], [ 449494.40010326274205, 209403.635644451336702 ], [ 449497.0898769099731, 209397.718142427474959 ], [ 449500.227946165017784, 209390.186776215326972 ], [ 449502.917719812190626, 209382.29677351686405 ], [ 449504.890220486850012, 209375.661998520430643 ], [ 449505.607493459421676, 209367.503018457238795 ], [ 449507.938630620308686, 209360.150970488233725 ], [ 449508.924880957638379, 209354.233468464342877 ], [ 449511.166358996997587, 209346.253806644293945 ], [ 449513.497496157884598, 209339.888009012589464 ], [ 449515.201019467785954, 209332.177324557269458 ], [ 449515.469996832543984, 209324.825276588264387 ], [ 449516.725224534573499, 209317.293910376116401 ], [ 449516.725224534573499, 209312.631636054313276 ], [ 449517.083861020859331, 209303.665723896963755 ], [ 449519.683975546504371, 209293.98253876704257 ], [ 449520.849544126947876, 209285.733899582264712 ], [ 449521.746135342691559, 209278.381851613259641 ], [ 449522.553067436791025, 209273.809236413013423 ], [ 449522.194430950505193, 209266.636506687151268 ], [ 449522.822044801490847, 209257.760253651387757 ], [ 449524.166931625106372, 209248.973659737181151 ], [ 449523.539317774120718, 209243.145816834905418 ], [ 449523.449658652534708, 209239.200815485673957 ], [ 449524.077272503462154, 209231.848767516668886 ], [ 449524.884204597619828, 209226.469220222264994 ], [ 449525.332500205491669, 209221.358650292560924 ], [ 449525.511818448605482, 209217.413648943358567 ], [ 449525.24284108390566, 209211.944442527368665 ], [ 449525.601477570191491, 209206.206258746678941 ], [ 449526.408409664349165, 209198.585233412915841 ], [ 449526.139432299765758, 209188.005457067280076 ], [ 449526.139432299765758, 209182.267273286561249 ], [ 449526.139432299765758, 209176.529089505871525 ], [ 449525.242841084022075, 209170.611587482038885 ], [ 449525.063522840850055, 209165.052721944462974 ], [ 449524.973863719322253, 209160.300788501073839 ], [ 449526.31875054287957, 209153.755672626226442 ], [ 449526.767046150751412, 209143.534532766847406 ], [ 449526.767046150751412, 209140.934418241231469 ], [ 449527.036023515509441, 209136.541121284128167 ], [ 449527.484319123381283, 209131.968506083881948 ], [ 449526.49806878605159, 209126.947595275763888 ], [ 449526.49806878605159, 209122.195661832374753 ], [ 449526.856705272337422, 209118.250660483143292 ], [ 449527.394660001737066, 209113.140090553439222 ], [ 449529.815456284210086, 209109.374407447350677 ], [ 449531.339661350997631, 209106.325997313862899 ], [ 449532.953525539312977, 209103.277587180375122 ], [ 449534.119094119756483, 209099.870540560572408 ], [ 449535.015685335500166, 209096.284175697655883 ], [ 449535.105344457086176, 209093.953038536739768 ], [ 449536.270913037529681, 209091.442583132680738 ], [ 449536.562305183382705, 209087.105323127121665 ] ] ] } },
{ "type": "Feature", "properties": { "id": null }, "geometry": { "type": "MultiLineString", "coordinates": [ [ [ 449536.562305183382705, 209087.105323127121665 ], [ 449534.926026213914156, 209082.297352732246509 ], [ 449534.119094119756483, 209080.593829422345152 ], [ 449532.594889053027146, 209076.917805437842617 ], [ 449531.698297837283462, 209074.586668276926503 ], [ 449530.801706621539779, 209072.614167602325324 ], [ 449529.905115405796096, 209070.641666927695042 ], [ 449529.00852419011062, 209068.400188888364937 ], [ 449528.470569460652769, 209067.144961186335422 ], [ 449527.932614731194917, 209065.620756119606085 ], [ 449527.753296488081105, 209064.634505782276392 ], [ 449526.677387029165402, 209063.110300715547055 ], [ 449526.049773178179748, 209061.944732135074446 ], [ 449525.422159327135887, 209060.599845311488025 ], [ 449524.166931625106372, 209058.627344636857742 ], [ 449523.449658652534708, 209055.489275381783955 ], [ 449522.911703923135065, 209051.813251397281419 ], [ 449522.015112707391381, 209047.957909169635968 ], [ 449521.38749885634752, 209044.461203428247245 ], [ 449520.670225883775856, 209039.619610863301205 ], [ 449520.042612032790203, 209033.971086204168387 ], [ 449518.87704345228849, 209029.936425733350916 ], [ 449518.339088722888846, 209023.122332493774593 ], [ 449517.352838385559153, 209020.791195332887582 ], [ 449517.352838385559153, 209019.177331144543132 ], [ 449516.814883656101301, 209016.487557497341186 ], [ 449516.187269805115648, 209011.37698756766622 ], [ 449515.111360346258152, 209006.625054124277085 ], [ 449514.483746495214291, 209002.769711896631634 ], [ 449514.573405616800301, 209000.617892978858436 ], [ 449514.483746495214291, 208999.45232439841493 ], [ 449513.856132644286845, 208995.238345684454544 ], [ 449513.945791765872855, 208987.258683864434715 ], [ 449513.676814401114825, 208980.354931503272383 ], [ 449512.51124582067132, 208974.347770357853733 ], [ 449512.062950212799478, 208968.071631847735262 ], [ 449511.704313726513647, 208964.574926106346538 ], [ 449511.435336361813825, 208963.319698404317023 ], [ 449510.628404267597944, 208956.326286921568681 ], [ 449510.538745146011934, 208951.484694356593536 ], [ 449509.82147217344027, 208947.450033885805169 ], [ 449509.193858322454616, 208944.222305509145372 ], [ 449508.745562714582775, 208939.560031187342247 ], [ 449508.924880957696587, 208934.180483892938355 ], [ 449508.566244471410755, 208929.428550449549221 ], [ 449507.131698526267428, 208923.600707547273487 ], [ 449507.042039404681418, 208919.745365319598932 ], [ 449506.324766432109755, 208911.496726134850178 ], [ 449505.966129945823923, 208908.53797512294841 ], [ 449505.876470824237913, 208900.289335938170552 ], [ 449505.966129945765715, 208896.075357224210165 ], [ 449505.876470824237913, 208890.247514321934432 ], [ 449505.697152581065893, 208886.840467702160822 ], [ 449506.324766432109755, 208881.37126128617092 ], [ 449506.145448188937735, 208878.412510274240049 ], [ 449505.876470824237913, 208875.722736627038103 ], [ 449505.876470824237913, 208873.391599466121988 ], [ 449505.697152581065893, 208869.625916360062547 ], [ 449505.428175216366071, 208866.936142712860601 ], [ 449505.697152581065893, 208861.018640688998858 ], [ 449505.517834337893873, 208857.163298461353406 ], [ 449504.80056136532221, 208851.783751166949514 ], [ 449505.159197851608042, 208847.03181772356038 ], [ 449505.517834337893873, 208843.086816374328919 ], [ 449505.517834337893873, 208836.541700499452418 ], [ 449505.338516094780061, 208830.175902867747936 ], [ 449505.159197851608042, 208826.320560640073381 ], [ 449505.069538730022032, 208823.182491385028698 ], [ 449504.621243122266605, 208818.699535306339385 ], [ 449504.531584000680596, 208814.126920106093166 ], [ 449504.083288392808754, 208809.643964027432958 ], [ 449504.800561365438625, 208803.188507274142466 ], [ 449505.428175216424279, 208798.0779373444675 ], [ 449505.248856973310467, 208795.119186332536628 ], [ 449504.441924879094586, 208790.187934646004578 ], [ 449501.483173867221922, 208781.311681610241067 ], [ 449501.662492110335734, 208780.325431272940477 ], [ 449501.752151231921744, 208779.428840057196794 ], [ 449501.483173867221922, 208773.869974519649986 ], [ 449500.317605286778416, 208769.745654927275609 ], [ 449499.510673192620743, 208761.855652228812687 ], [ 449499.062377584748901, 208754.324286016664701 ], [ 449498.972718463162892, 208749.124056965403724 ], [ 449499.241695827920921, 208741.77200899636955 ], [ 449499.152036706334911, 208738.36496237659594 ], [ 449498.703741098404862, 208732.806096839049133 ], [ 449498.434763733646832, 208726.171321842615725 ], [ 449497.896809004247189, 208719.98484245405416 ], [ 449498.076127247361001, 208714.87427252435009 ], [ 449497.807149882661179, 208710.839612053561723 ], [ 449497.448513396375347, 208707.522224555345019 ], [ 449498.16578636894701, 208704.832450908143073 ], [ 449497.358854274789337, 208698.645971519552404 ], [ 449497.717490761133377, 208696.49415260180831 ] ] ] } },
{ "type": "Feature", "properties": { "id": null }, "geometry": { "type": "MultiLineString", "coordinates": [ [ [ 449497.717490761133377, 208696.49415260180831 ], [ 449497.807149882719386, 208690.75596882114769 ], [ 449498.165786369005218, 208685.735058013029629 ], [ 449499.510673192620743, 208674.079372208478162 ], [ 449500.765900894650258, 208664.754823564842809 ], [ 449500.138287043664604, 208662.154709039226873 ], [ 449502.379765082965605, 208653.637092489749193 ], [ 449504.800561365438625, 208646.195385399158113 ], [ 449505.517834338010289, 208639.919246889010537 ], [ 449506.23510731064016, 208633.822426622034982 ], [ 449506.952380283211824, 208628.532538449187996 ], [ 449507.848971498955507, 208624.856514464685461 ], [ 449509.104199200985022, 208620.552876629168168 ], [ 449513.228518793359399, 208615.711284064193023 ], [ 449515.380337711132597, 208613.738783389591845 ], [ 449518.159770479891449, 208611.497305350232637 ], [ 449524.166931625280995, 208607.283326636301354 ], [ 449526.677387029340025, 208605.759121569542913 ], [ 449529.008524190227035, 208602.800370557612041 ], [ 449538.871027563291136, 208594.013776643434539 ], [ 449544.071256614581216, 208589.710138807888143 ], [ 449548.554212693241425, 208586.303092188114533 ], [ 449550.706031611014623, 208584.420250635070261 ], [ 449553.575123501359485, 208582.178772595740156 ], [ 449557.878761336905882, 208578.951044219080359 ], [ 449563.078990388137754, 208575.185361112991814 ], [ 449567.113650858926121, 208572.316269222646952 ], [ 449570.789674843428656, 208568.909222602873342 ], [ 449572.224220788630191, 208567.116040171385976 ], [ 449574.913994435803033, 208564.695243888912955 ], [ 449582.624678891210351, 208557.61217328463681 ], [ 449586.480021118826699, 208554.474104029563023 ], [ 449588.990476522885729, 208551.425693896075245 ], [ 449593.473432601545937, 208547.839329033129616 ], [ 449596.790820099762641, 208544.970237142784754 ], [ 449601.901390029466711, 208541.383872279839125 ], [ 449606.653323472884949, 208538.156143903208431 ], [ 449614.901962657633703, 208532.238641879346687 ], [ 449621.4470785324811, 208526.859094584942795 ], [ 449625.302420760155655, 208525.065912153484533 ], [ 449630.323331568215508, 208520.134660466923378 ], [ 449635.79253798420541, 208515.831022631406086 ], [ 449638.930607239250094, 208512.96193074103212 ], [ 449642.337653859052807, 208510.003179729130352 ], [ 449645.92401872202754, 208507.13408783878549 ], [ 449652.379475475288928, 208502.02351790908142 ], [ 449654.351976149890106, 208500.588971963908989 ], [ 449657.041749797121156, 208498.078516559849959 ], [ 449660.538455538451672, 208495.209424669505097 ], [ 449665.559366346569732, 208488.395331429928774 ], [ 449668.787094723200426, 208484.091693594411481 ], [ 449671.476868370431475, 208479.608737515751272 ], [ 449676.408120056963526, 208474.767144950776128 ], [ 449679.725507555180229, 208471.091120966273593 ], [ 449682.05664471606724, 208466.69782400917029 ], [ 449682.594599445525091, 208465.352937185554765 ], [ 449687.256873767415527, 208457.283616243978031 ], [ 449690.305283900932409, 208451.097136855416466 ], [ 449694.070967007020954, 208442.31054294120986 ], [ 449696.940058897365816, 208436.841336525249062 ], [ 449699.271196058252826, 208432.806676054431591 ], [ 449704.381765987956896, 208425.454628085397417 ], [ 449705.905971054686233, 208422.047581465623807 ], [ 449709.850972403888591, 208414.695533496589633 ], [ 449711.64415483531775, 208411.019509512087097 ], [ 449714.871883211948443, 208406.357235190254869 ], [ 449716.127110913977958, 208403.398484178323997 ], [ 449718.458248074923176, 208400.977687895850977 ], [ 449723.748136247741058, 208396.8533683034766 ], [ 449730.741547730460297, 208392.460071346373297 ], [ 449733.341662256105337, 208390.756548036471941 ], [ 449735.403822052292526, 208388.963365605013678 ], [ 449738.003936577937566, 208386.632228444097564 ], [ 449741.590301440854091, 208383.225181824323954 ], [ 449744.011097723327111, 208381.521658514422597 ], [ 449748.58371292357333, 208379.011203110363567 ], [ 449750.287236233474687, 208377.218020678905305 ], [ 449753.335646366991568, 208374.528247031703359 ], [ 449756.11507913575042, 208373.004041964944918 ], [ 449757.728943324065767, 208371.569496019772487 ], [ 449758.804852782923263, 208371.121200411900645 ], [ 449760.508376092824619, 208366.189948725368595 ], [ 449761.763603794854134, 208360.272446701535955 ], [ 449762.839513253769837, 208354.803240285546053 ], [ 449764.274059198913164, 208348.07880616755574 ], [ 449764.812013928371016, 208344.402782183024101 ], [ 449766.246559873514343, 208337.319711578747956 ], [ 449767.232810210902244, 208332.02982340590097 ], [ 449769.205310885503422, 208326.470957868354162 ], [ 449771.536448046448641, 208318.67061429147725 ], [ 449772.791675748478156, 208313.56004436177318 ], [ 449772.881334870064165, 208306.028678149625193 ], [ 449774.495199058379512, 208301.007767341507133 ], [ 449776.378040611278266, 208290.786627482128097 ], [ 449778.350541285879444, 208285.67605755245313 ], [ 449780.681678446824662, 208279.579237285448471 ], [ 449782.205883513553999, 208272.675484924286138 ], [ 449783.461111215583514, 208267.385596751468256 ], [ 449784.53702067444101, 208262.364685943350196 ], [ 449786.330203106044792, 208254.205705880187452 ], [ 449787.764749051246326, 208249.722749801498139 ], [ 449788.840658510103822, 208245.150134601251921 ], [ 449790.99247742787702, 208236.094563322345493 ], [ 449792.606341616192367, 208231.790925486828201 ], [ 449794.847819655551575, 208227.397628529724898 ], [ 449798.523843639995903, 208217.714443399803713 ], [ 449799.420434855681378, 208214.128078536858084 ], [ 449801.034299044054933, 208210.093418066069717 ], [ 449803.096458840242121, 208206.327734959981171 ], [ 449806.324187216872815, 208201.486142395006027 ], [ 449808.386347013060004, 208197.899777532060398 ], [ 449814.931462887965608, 208184.540568417636678 ], [ 449817.441918292024639, 208180.416248825262301 ], [ 449824.435329774743877, 208164.994879914622288 ], [ 449826.407830449345056, 208160.870560322247911 ], [ 449828.021694637660403, 208158.539423161331797 ], [ 449831.249423014291096, 208154.32544444737141 ], [ 449832.504650716320612, 208152.263284651184222 ], [ 449836.808288551867008, 208144.283622831164394 ], [ 449838.960107469640207, 208139.352371144632343 ], [ 449841.201585508941207, 208135.407369795400882 ], [ 449844.877609493443742, 208130.02782250099699 ], [ 449846.312155438645277, 208125.18622993605095 ], [ 449847.836360505374614, 208122.406797167262994 ], [ 449852.857271313550882, 208112.544293794169789 ], [ 449855.905681447009556, 208107.613042107637739 ], [ 449858.954091580526438, 208102.054176570090931 ], [ 449863.706025023886468, 208095.50906069521443 ], [ 449867.113071643689182, 208090.757127251825295 ], [ 449870.609777385077905, 208086.094852930022171 ], [ 449873.747846640006173, 208078.473827596288174 ], [ 449878.768757448124234, 208073.094280301884282 ], [ 449882.893077040498611, 208065.831891454436118 ], [ 449884.955236836685799, 208060.990298889460973 ], [ 449888.093306091788691, 208056.776320175500587 ], [ 449889.527852036932018, 208053.189955312584061 ], [ 449891.590011833119206, 208049.872567814367358 ], [ 449896.252286155009642, 208041.892905994318426 ], [ 449899.480014531698544, 208036.334040456771618 ], [ 449901.273196963127702, 208033.554607687983662 ], [ 449903.604334124072921, 208030.147561068210052 ], [ 449905.576834798674099, 208027.009491813136265 ], [ 449908.894222296890803, 208023.692104314919561 ], [ 449913.735814861836843, 208021.002330667717615 ], [ 449918.936043913126923, 208013.291646212426713 ], [ 449921.805135803471785, 208009.346644863195252 ], [ 449926.108773639018182, 208004.325734055077191 ], [ 449931.040025325550232, 207999.484141490102047 ], [ 449934.357412823766936, 207994.642548925156007 ], [ 449937.854118565155659, 207989.44231987389503 ], [ 449942.60605200851569, 207984.690386430505896 ], [ 449945.475143898860551, 207980.028112108673668 ], [ 449950.496054707036819, 207974.46924657112686 ], [ 449955.158329028869048, 207970.613904343481408 ], [ 449959.282648621243425, 207967.475835088407621 ], [ 449961.524126660602633, 207965.503334413777338 ], [ 449963.22764997050399, 207963.799811103905085 ], [ 449965.289809766691178, 207962.813560766575392 ] ] ] } },
{ "type": "Feature", "properties": { "id": null }, "geometry": { "type": "MultiLineString", "coordinates": [ [ [ 449965.289809766691178, 207962.813560766575392 ], [ 449965.35705410776427, 207959.809980193997035 ], [ 449965.35705410776427, 207958.420263809588505 ], [ 449965.984667958808132, 207957.120206546795089 ], [ 449966.522622688207775, 207955.685660601593554 ], [ 449967.419213904067874, 207953.668330366228474 ], [ 449967.957168633525725, 207951.875147934770212 ], [ 449969.122737213969231, 207950.03713594248984 ], [ 449971.319385692477226, 207947.392191856080899 ], [ 449973.785011535743251, 207945.10588425595779 ], [ 449975.533364406437613, 207943.760997432371369 ], [ 449977.505865080980584, 207941.295371589047136 ], [ 449979.343877073260956, 207938.6952570634312 ], [ 449982.930241936177481, 207934.301960106327897 ], [ 449985.082060853950679, 207931.432868215983035 ], [ 449986.157970312808175, 207930.356958757096436 ], [ 449987.5028571364237, 207928.294798960909247 ], [ 449989.251210007176269, 207925.380877509771381 ], [ 449991.178881120984443, 207922.242808254697593 ], [ 449994.272120815294329, 207918.073659101530211 ], [ 449996.648087536974344, 207914.935589846456423 ], [ 449999.337861184205394, 207911.976838834525552 ], [ 450003.282862533407751, 207907.852519242151175 ], [ 450004.31394243153045, 207906.955928026436595 ], [ 450008.348602902260609, 207903.504051845869981 ], [ 450009.693489725817926, 207901.621210292825708 ], [ 450011.71081996121211, 207898.303822794609005 ], [ 450014.714400533935986, 207895.300242221885128 ], [ 450016.642071647802368, 207893.14842330411193 ], [ 450020.318095632304903, 207889.472399319609394 ], [ 450023.635483130521607, 207885.661886652756948 ], [ 450024.801051710965112, 207883.51006773498375 ], [ 450026.414915899280459, 207881.492737499589566 ], [ 450028.521905256260652, 207878.847793413151521 ], [ 450031.704804072098341, 207875.08211030709208 ], [ 450034.573895962443203, 207872.257847977569327 ], [ 450038.339579068531748, 207866.788641561579425 ], [ 450040.401738864718936, 207863.157447137869895 ], [ 450041.881114370655268, 207861.588412510318449 ], [ 450043.226001194270793, 207860.198696125939023 ], [ 450044.795035821793135, 207858.450343255244661 ], [ 450047.484809469024185, 207855.581251364899799 ], [ 450052.864356763428077, 207849.843067584151868 ], [ 450054.523050512536429, 207848.049885152693605 ], [ 450056.764528551895637, 207845.001475019205827 ], [ 450058.243904057831969, 207843.16346302695456 ], [ 450060.350893414812163, 207840.428859818959609 ], [ 450061.919928042334504, 207838.411529583536321 ], [ 450063.713110473821871, 207836.394199348142138 ], [ 450065.640781587630045, 207833.569937018590281 ], [ 450066.582202364166733, 207832.314709316560766 ], [ 450068.19606655248208, 207830.342208641930483 ], [ 450068.599532599560916, 207829.893913034087745 ], [ 450071.020328882033937, 207825.948911684827181 ], [ 450072.544533948821481, 207823.438456280797254 ], [ 450073.351466042979155, 207822.003910335624823 ], [ 450073.889420772378799, 207820.703853072802303 ], [ 450074.158398137136828, 207820.165898343344452 ], [ 450077.744763000053354, 207819.493454931565793 ], [ 450079.896581917826552, 207818.776181958965026 ], [ 450081.151809619856067, 207818.68652283740812 ], [ 450083.169139855250251, 207817.969249864807352 ], [ 450084.020901510200929, 207817.520954256935511 ], [ 450084.64851536124479, 207817.431295135378605 ], [ 450090.879824310541153, 207816.131237872556085 ], [ 450094.017893565585837, 207815.324305778398411 ], [ 450101.100964169891085, 207813.710441590083065 ], [ 450105.494261126965284, 207813.082827739068307 ], [ 450110.246194570383523, 207812.455213888053549 ], [ 450113.832559433300048, 207811.558622672309866 ], [ 450117.598242539388593, 207811.110327064438025 ], [ 450122.619153347506654, 207810.841349699738203 ], [ 450126.205518210423179, 207810.931008821295109 ], [ 450131.94370199117111, 207812.096577401767718 ], [ 450135.799044218787458, 207812.724191252782475 ], [ 450140.999273270077538, 207813.88975983322598 ], [ 450151.668708737299312, 207817.117488209856674 ], [ 450152.206663466757163, 207817.47612469617161 ], [ 450155.255073600215837, 207818.821011519758031 ], [ 450166.193486432079226, 207821.062489559088135 ], [ 450169.600533051881939, 207821.779762531688903 ], [ 450172.469624942226801, 207822.31771726111765 ], [ 450176.414626291545574, 207823.393626720033353 ], [ 450179.64235466811806, 207823.752263206290081 ], [ 450184.214969868364278, 207824.648854422033764 ], [ 450188.787585068610497, 207825.993741245649289 ], [ 450192.553268174699042, 207826.800673339806963 ], [ 450202.505430669349153, 207829.93874259488075 ], [ 450205.643499924393836, 207830.476697324309498 ], [ 450208.064296206866857, 207831.373288540053181 ], [ 450213.533502622856759, 207832.269879755767761 ], [ 450218.375095187802799, 207832.718175363639602 ], [ 450222.459935058956034, 207832.808502584113739 ] ] ] } },
{ "type": "Feature", "properties": { "id": null }, "geometry": { "type": "MultiLineString", "coordinates": [ [ [ 450170.623374957242049, 207843.264273263746873 ], [ 450171.573033726483118, 207840.070223332673777 ], [ 450172.469624942226801, 207837.111472320742905 ], [ 450173.724852644256316, 207833.43544833624037 ], [ 450174.711102981586009, 207830.028401716437656 ], [ 450175.249057711043861, 207828.41453752812231 ], [ 450176.055989805201534, 207824.469536178890849 ], [ 450176.414626291545574, 207823.393626720033353 ] ] ] } },
{ "type": "Feature", "properties": { "id": null }, "geometry": { "type": "MultiLineString", "coordinates": [ [ [ 450074.158398137136828, 207820.165898343344452 ], [ 450073.575613846653141, 207816.310556115728104 ], [ 450072.768681752495468, 207813.262145982240327 ], [ 450073.396295603539329, 207808.779189903551014 ], [ 450074.113568576110993, 207805.192825040634489 ], [ 450073.934250332997181, 207802.054755785560701 ], [ 450074.113568576110993, 207799.544300381501671 ], [ 450074.113568576110993, 207796.316572004870977 ], [ 450075.996410129184369, 207788.785205792693887 ], [ 450076.086069250770379, 207784.66088620031951 ], [ 450076.444705737056211, 207778.65372505490086 ], [ 450077.610274317557923, 207773.005200395797146 ], [ 450077.341296952799894, 207769.239517289708601 ], [ 450077.430956074385904, 207765.922129791491898 ], [ 450077.699933439085726, 207758.928718308801763 ], [ 450078.058569925429765, 207756.776899391057668 ], [ 450078.058569925429765, 207753.011216284969123 ], [ 450078.148229046957567, 207747.900646355265053 ], [ 450078.237888168543577, 207742.521099060861161 ], [ 450078.148229046957567, 207739.831325413659215 ], [ 450078.058569925371557, 207729.341208189580357 ], [ 450077.072319588100072, 207725.396206840348896 ], [ 450076.53436485864222, 207720.733932518516667 ], [ 450076.086069250770379, 207717.147567655600142 ], [ 450075.817091886070557, 207711.050747388595482 ], [ 450075.458455399726517, 207708.002337255107705 ], [ 450074.651523305568844, 207703.698699419561308 ], [ 450074.1135685761692, 207698.677788611472351 ], [ 450073.575613846711349, 207694.912105505383806 ], [ 450072.589363509381656, 207689.891194697265746 ], [ 450072.679022630967665, 207678.325168014300289 ], [ 450071.961749658396002, 207673.214598084625322 ], [ 450071.961749658396002, 207668.82130112752202 ], [ 450071.42379492893815, 207664.159026805689791 ], [ 450070.527203713252675, 207659.138115997600835 ], [ 450069.989248983794823, 207653.579250460024923 ], [ 450069.989248983736616, 207649.096294381364714 ], [ 450070.43754459155025, 207641.295950804487802 ], [ 450070.258226348436438, 207637.350949455256341 ], [ 450069.630612497392576, 207633.585266349167796 ], [ 450069.092657767992932, 207629.640264999936335 ], [ 450068.196066552249249, 207624.350376827089349 ], [ 450067.747770944377407, 207622.28821703090216 ], [ 450067.747770944377407, 207619.77776162684313 ], [ 450067.837430065963417, 207615.115487305040006 ], [ 450068.465043916949071, 207610.004917375335936 ], [ 450068.375384795363061, 207604.087415351503296 ], [ 450068.016748309077229, 207595.928435288311448 ], [ 450067.030497971747536, 207590.817865358636482 ], [ 450066.671861485461704, 207587.321159617276862 ], [ 450067.120157093333546, 207581.582975836587138 ], [ 450067.478793579619378, 207579.879452526685782 ], [ 450068.734021281648893, 207575.396496448025573 ], [ 450069.540953375806566, 207570.465244761464419 ], [ 450070.16856722679222, 207565.175356588646537 ], [ 450071.244476685707923, 207558.988877200084971 ], [ 450072.589363509323448, 207554.236943756695837 ], [ 450073.396295603481121, 207551.726488352636807 ], [ 450074.382545940752607, 207548.678078219149029 ], [ 450076.175728372298181, 207542.939894438430201 ], [ 450076.713683101697825, 207541.41568937167176 ], [ 450078.506865533185191, 207536.48443768513971 ], [ 450079.582774992042687, 207530.746253904449986 ], [ 450084.514026678632945, 207516.759430938982405 ], [ 450085.141640529618599, 207513.979998170223553 ], [ 450086.665845596347935, 207510.124655942578102 ], [ 450088.19005066313548, 207506.358972836489556 ], [ 450090.700506067136303, 207499.275902232184308 ], [ 450091.328119918121956, 207496.13783297711052 ], [ 450092.13505201227963, 207493.089422843622742 ], [ 450095.093803024210501, 207486.544306968746241 ], [ 450096.618008090998046, 207482.957942105800612 ], [ 450098.052554036141373, 207479.461236364440992 ], [ 450098.859486130299047, 207477.75771305456874 ], [ 450100.294032075500581, 207473.185097854322521 ], [ 450103.073464844317641, 207467.984868803061545 ], [ 450105.04596551891882, 207462.157025900814915 ], [ 450107.915057409263682, 207456.956796849553939 ], [ 450110.15653544862289, 207452.473840770864626 ], [ 450111.232444907480385, 207449.425430637376849 ], [ 450112.846309095795732, 207446.018384017574135 ], [ 450115.44642362149898, 207439.204290777939605 ], [ 450117.777560782444198, 207434.004061726678628 ], [ 450119.122447606001515, 207429.52110564801842 ], [ 450120.736311794316862, 207424.231217475171434 ], [ 450122.708812468976248, 207418.851670180767542 ], [ 450124.412335778877605, 207412.934168156934902 ], [ 450127.012450304464437, 207409.437462415575283 ], [ 450131.136769896838814, 207403.699278634856455 ], [ 450136.516317191184498, 207393.836775261850562 ], [ 450139.38540908152936, 207386.484727292816387 ], [ 450144.40631988964742, 207376.442905676609371 ], [ 450147.634048266278114, 207368.373584735003533 ], [ 450151.399731372366659, 207359.04903609136818 ], [ 450154.627459748997353, 207351.159033392905258 ], [ 450157.765529004042037, 207344.524258396442747 ], [ 450159.827688800229225, 207341.744825627683895 ], [ 450160.455302651214879, 207339.41368846676778 ], [ 450160.903598259086721, 207336.365278333280003 ], [ 450163.593371906434186, 207330.896071917348308 ], [ 450165.027917851635721, 207327.578684419131605 ], [ 450170.67644251085585, 207330.089139823190635 ], [ 450172.379965820698999, 207328.475275634875288 ], [ 450173.545534401200712, 207327.040729689702857 ], [ 450174.531784738472197, 207325.964820230816258 ], [ 450175.338716832629871, 207325.247547258244595 ], [ 450176.593944534659386, 207325.068229015101679 ], [ 450178.835422574018594, 207326.233797595545184 ], [ 450181.794173585949466, 207328.026980027003447 ], [ 450184.663265476294328, 207329.371866850618972 ], [ 450186.994402637181338, 207331.165049282077234 ], [ 450190.04281277069822, 207333.137549956707517 ], [ 450197.753497225989122, 207339.593006709910696 ], [ 450201.429521210491657, 207342.193121235555736 ], [ 450204.567590465594549, 207343.448348937585251 ], [ 450208.153955328511074, 207345.51050873377244 ], [ 450210.843728975683916, 207346.855395557358861 ], [ 450213.712820866028778, 207348.289941502531292 ], [ 450216.85089012113167, 207351.159033392876154 ], [ 450220.168277619348373, 207352.772897581220604 ], [ 450224.651233698008582, 207354.02812528325012 ], [ 450229.492826262954623, 207355.193693863693625 ], [ 450233.168850247515365, 207355.821307714708382 ], [ 450235.499987408402376, 207357.076535416737897 ], [ 450237.472488083003554, 207358.511081361910328 ], [ 450239.355329636076931, 207360.483582036511507 ], [ 450240.700216459634248, 207362.635400954284705 ], [ 450242.941694498993456, 207365.325174601486651 ], [ 450248.141923550225329, 207368.463243856589543 ], [ 450250.831697197398171, 207372.766881692135939 ], [ 450256.928517464431934, 207380.925861755298683 ], [ 450258.004426923289429, 207382.988021551485872 ], [ 450259.887268476304598, 207385.767454320273828 ], [ 450261.411473543092143, 207388.54688708903268 ], [ 450263.383974217693321, 207391.595297222549561 ], [ 450264.190906311850995, 207396.257571544352686 ], [ 450264.280565433437005, 207398.947345191554632 ], [ 450264.101247190264985, 207400.919845866184914 ], [ 450263.204655974521302, 207403.878596878086682 ], [ 450261.501132664678153, 207408.451212078332901 ], [ 450261.232155299978331, 207419.389624910254497 ], [ 450261.321814421564341, 207421.003489098569844 ], [ 450261.411473543092143, 207425.038149569387315 ], [ 450261.232155299978331, 207431.672924565820722 ], [ 450260.245904962648638, 207438.935313413268887 ], [ 450260.783859692106489, 207445.749406652845209 ], [ 450260.963177935220301, 207446.914975233288715 ], [ 450260.873518813692499, 207450.053044488362502 ], [ 450260.066586719534826, 207460.63282083402737 ], [ 450260.245904962706845, 207468.522823532519396 ], [ 450259.528631990135182, 207474.619643799494952 ], [ 450259.528631990135182, 207480.895782309642527 ], [ 450259.707950233307201, 207486.096011360903503 ], [ 450259.887268476421013, 207493.268741086765658 ], [ 450258.811359017563518, 207499.006924867484486 ], [ 450257.914767801819835, 207504.565790405031294 ], [ 450255.942267127218656, 207521.959659990272485 ], [ 450255.583630640932824, 207524.828751880617347 ], [ 450255.404312397760805, 207526.980570798390545 ], [ 450254.507721182017121, 207535.946482955710962 ], [ 450255.493971519288607, 207539.89148430491332 ], [ 450255.135335033002775, 207543.836485654144781 ], [ 450254.507721181958914, 207548.857396462262841 ], [ 450254.328402938845102, 207554.86455760768149 ], [ 450253.611129966215231, 207561.051036996243056 ], [ 450253.79044820938725, 207565.533993074932368 ], [ 450253.88010733097326, 207570.016949153592577 ], [ 450253.611129966215231, 207575.844792055868311 ], [ 450252.804197872057557, 207580.148429891443811 ], [ 450251.19033368374221, 207585.527977185847703 ], [ 450249.755787738598883, 207593.1490025195817 ], [ 450248.67987827968318, 207600.770027853315696 ], [ 450249.307492130727042, 207611.977418049995322 ], [ 450249.038514765969012, 207614.03957784618251 ], [ 450248.321241793397348, 207618.970829532714561 ], [ 450247.424650577653665, 207622.377876152546378 ], [ 450246.528059361909982, 207626.591854866477661 ], [ 450244.645217808894813, 207632.061061282467563 ], [ 450244.286581322608981, 207638.516518035758054 ], [ 450244.914195173594635, 207645.151293032191461 ], [ 450245.093513416766655, 207649.454930867708754 ], [ 450244.734876930480823, 207653.758568703226047 ], [ 450244.196922201022971, 207658.331183903472265 ], [ 450243.74862659315113, 207660.751980185945285 ], [ 450243.389990106865298, 207666.490163966635009 ], [ 450241.955444161663763, 207671.600733896339079 ], [ 450241.686466796963941, 207678.683804500615224 ], [ 450240.879534702806268, 207682.808124093018705 ], [ 450239.534647879190743, 207687.829034901107661 ], [ 450238.54839754186105, 207691.953354493482038 ], [ 450238.72771578503307, 207697.781197395757772 ], [ 450238.458738420333248, 207700.650289286102634 ], [ 450238.369079298747238, 207703.609040298033506 ], [ 450237.562147204589564, 207713.292225427954691 ], [ 450236.396578624204267, 207720.285636910673929 ], [ 450235.858623894746415, 207724.409956503048306 ], [ 450235.589646530046593, 207729.251549068023451 ], [ 450234.96203267906094, 207737.589847374358214 ], [ 450233.168850247573573, 207745.210872708092211 ], [ 450232.810213761287741, 207747.273032504279399 ], [ 450232.630895518115722, 207749.962806151481345 ], [ 450232.025696446478833, 207753.683659696311224 ], [ 450231.711889520986006, 207755.387183006212581 ], [ 450230.949786987621337, 207763.142697022325592 ], [ 450230.232514015049674, 207766.28076627739938 ], [ 450228.865212412027176, 207772.825882152712438 ], [ 450227.341007345297839, 207777.488156474515563 ], [ 450226.175438764854334, 207783.764294984663138 ], [ 450225.996120521682315, 207788.605887549638283 ], [ 450226.354757008026354, 207791.833615926268976 ], [ 450225.906461400154512, 207800.351232475746656 ], [ 450225.547824913810473, 207802.323733150347834 ], [ 450225.458165792282671, 207803.041006122948602 ], [ 450223.844301603850909, 207809.496462876239093 ], [ 450221.154527956619859, 207813.62078246861347 ], [ 450218.733731674146838, 207816.041578751115594 ], [ 450216.492253634845838, 207818.014079425716773 ], [ 450213.533502622914966, 207819.269307127746288 ], [ 450210.574751610984094, 207819.986580100347055 ], [ 450206.988386748067569, 207820.165898343489971 ], [ 450202.864067155634984, 207819.986580100347055 ], [ 450181.614855342777446, 207816.758851723658154 ], [ 450179.642354668176267, 207815.503624021628639 ], [ 450170.31780602451181, 207813.979418954870198 ], [ 450157.765529004274867, 207812.275895644968841 ], [ 450153.013595560856629, 207812.006918280269019 ], [ 450149.516889819467906, 207811.648281793954084 ], [ 450146.1098431997234, 207810.482713213510578 ], [ 450140.371659419033676, 207809.675781119352905 ], [ 450134.454157395171933, 207809.765440240909811 ], [ 450133.826543544128072, 207809.765440240909811 ], [ 450131.316088140069041, 207810.034417605638737 ], [ 450126.205518210423179, 207810.931008821295109 ] ] ] } },
{ "type": "Feature", "properties": { "id": null }, "geometry": { "type": "MultiLineString", "coordinates": [ [ [ 448900.150652864715084, 209043.766345236450434 ], [ 448907.110442176228389, 209038.723019647644833 ], [ 448910.248511431273073, 209035.943586878885981 ], [ 448914.821126631519292, 209031.281312557053752 ], [ 448918.138514129735995, 209025.184492290078197 ], [ 448925.131925612455234, 209016.935853105300339 ], [ 448929.704540812701453, 209011.914942297211383 ], [ 448934.366815134533681, 209006.356076759635471 ], [ 448942.256817832996603, 208998.197096696501831 ], [ 448946.291478303843178, 208991.920958186383359 ], [ 448951.940002962946892, 208984.568910217349185 ], [ 448955.705686069035437, 208980.085954138688976 ], [ 448959.292050931951962, 208975.602998059999663 ], [ 448965.388871198985726, 208968.78890482042334 ], [ 448970.140804642345756, 208964.126630498620216 ], [ 448979.465353286010213, 208954.353786247113021 ], [ 448982.334445176355075, 208949.512193682166981 ], [ 448986.817401255015284, 208943.236055172019405 ], [ 448988.969220172788482, 208940.815258889517281 ], [ 448992.107289427833166, 208938.035826120758429 ], [ 448996.321268141793553, 208933.373551798926201 ], [ 449000.44558773416793, 208928.53195923398016 ], [ 449002.95604313822696, 208924.228321398462867 ], [ 449004.480248205014504, 208921.628206872817827 ], [ 449009.142522526788525, 208916.876273429428693 ], [ 449011.56331880914513, 208913.648545052768895 ], [ 449014.432410699489992, 208910.779453162424034 ], [ 449021.78445866855327, 208902.351495734532364 ], [ 449027.522642449242994, 208893.206265334039927 ], [ 449029.315824880672153, 208890.068196078966139 ], [ 449031.736621163203381, 208884.150694055133499 ], [ 449032.812530622060876, 208880.65398831377388 ], [ 449034.785031296662055, 208876.888305207685335 ], [ 449035.95059987710556, 208874.64682716835523 ], [ 449040.971510685281828, 208865.053301159961848 ], [ 449042.495715752011165, 208861.91523190488806 ], [ 449045.185489399242215, 208858.059889677242609 ], [ 449046.799353587557562, 208855.549434273183579 ], [ 449049.578786356316414, 208852.052728531823959 ], [ 449051.37196878780378, 208850.528523465065518 ], [ 449053.176358609867748, 208848.993111008283449 ], [ 449057.917084662651177, 208844.162725833331933 ], [ 449063.475950200168882, 208838.514201174199115 ], [ 449067.420951549429446, 208832.23806266405154 ], [ 449069.752088710316457, 208827.755106585391331 ], [ 449072.979817087005358, 208821.568627196829766 ], [ 449075.490272491006181, 208816.816693753440632 ], [ 449079.255955597152933, 208810.80953260808019 ], [ 449087.504594781901687, 208798.526232952513965 ], [ 449089.656413699616678, 208796.195095791597851 ], [ 449091.359937009518035, 208792.967367414967157 ], [ 449092.973801197833382, 208789.381002552021528 ], [ 449095.21527923719259, 208784.539409987046383 ], [ 449097.63607551966561, 208780.504749516258016 ], [ 449100.684485653182492, 208776.290770802297629 ], [ 449101.939713355212007, 208773.600997155095683 ], [ 449106.691646798688453, 208767.055881280190079 ], [ 449109.202102202747483, 208763.290198174101533 ], [ 449111.981534971506335, 208758.627923852298409 ], [ 449114.850626861851197, 208753.875990408909274 ], [ 449118.526650846353732, 208746.075646832003258 ], [ 449122.202674830856267, 208740.51678129445645 ], [ 449125.789039693656377, 208734.778597513766726 ], [ 449129.734041042916942, 208728.143822517333319 ], [ 449131.347905231232289, 208723.212570830772165 ], [ 449132.513473811675794, 208720.522797183570219 ], [ 449134.844610972621012, 208715.322568132338347 ], [ 449138.520634957123548, 208712.363817120407475 ], [ 449143.182909279013984, 208706.266996853402816 ], [ 449145.783023804659024, 208700.887449558998924 ], [ 449149.369388667575549, 208696.135516115609789 ], [ 449152.507457922678441, 208691.024946185934823 ], [ 449155.107572448265273, 208684.748807675787248 ], [ 449158.245641703368165, 208679.18994213824044 ], [ 449163.535529876186047, 208671.389598561334424 ], [ 449166.76325825281674, 208667.803233698388794 ], [ 449167.928826833318453, 208666.010051266930532 ], [ 449169.990986629505642, 208659.64425363522605 ], [ 449171.96348730410682, 208653.726751611393411 ], [ 449173.756669735594187, 208646.464362763945246 ], [ 449175.729170410195366, 208640.546860740083503 ], [ 449178.149966692668386, 208635.34663168885163 ], [ 449180.391444732027594, 208629.249811421846971 ], [ 449181.646672434057109, 208624.049582370585995 ], [ 449183.260536622372456, 208620.642535750783281 ], [ 449184.695082567515783, 208617.952762103581335 ], [ 449187.384856214746833, 208611.676623593491968 ], [ 449190.343607226677705, 208603.876280016585952 ], [ 449191.778153171821032, 208598.765710086910985 ], [ 449192.764403509150725, 208593.206844549364178 ], [ 449196.171450128953438, 208585.675478337187087 ], [ 449197.695655195682775, 208580.475249285926111 ], [ 449199.309519383998122, 208576.171611450408818 ], [ 449200.295769721327815, 208574.378429018950555 ], [ 449202.088952152756974, 208568.281608751945896 ], [ 449203.433838976372499, 208562.005470241798321 ], [ 449204.689066678402014, 208555.729331731650745 ], [ 449207.916795055032708, 208546.404783088015392 ], [ 449208.096113298204727, 208542.459781738783931 ], [ 449210.068613972805906, 208536.09398410707945 ], [ 449211.144523431721609, 208530.624777691089548 ], [ 449212.579069376864936, 208526.590117220301181 ], [ 449215.448161267209798, 208523.452047965227393 ], [ 449217.958616671268828, 208518.34147803549422 ], [ 449220.020776467456017, 208510.541134458588203 ], [ 449220.64839031844167, 208504.892609799484489 ], [ 449220.469072075327858, 208499.513062505080597 ], [ 449220.379412953741848, 208495.030106426391285 ], [ 449220.469072075327858, 208489.471240888844477 ], [ 449221.09668592637172, 208483.643397986597847 ], [ 449222.351913628401235, 208470.732484480016865 ], [ 449222.531231871515047, 208465.083959820913151 ], [ 449222.889868357859086, 208462.663163538411027 ], [ 449222.710550114687067, 208459.704412526509259 ], [ 449223.33816396567272, 208450.110886518174084 ], [ 449223.33816396567272, 208443.476111521740677 ], [ 449224.414073424588423, 208437.558609497878933 ], [ 449226.02793761290377, 208432.627357811346883 ], [ 449226.924528828589246, 208428.772015583701432 ], [ 449228.538393016904593, 208424.289059505041223 ], [ 449230.779871056263801, 208416.757693292864133 ], [ 449232.483394366165157, 208409.047008837544126 ], [ 449233.290326460322831, 208404.743371002026834 ], [ 449233.648962946608663, 208402.053597354824888 ], [ 449233.379985581850633, 208398.377573370322352 ], [ 449233.648962946608663, 208389.859956820815569 ], [ 449233.738622068194672, 208384.032113918568939 ], [ 449233.469644703436643, 208378.831884867307963 ], [ 449233.021349095564801, 208374.797224396490492 ], [ 449232.483394366165157, 208368.431426764786011 ], [ 449232.214417001407128, 208364.217448050825624 ], [ 449231.407484907249454, 208360.541424066323088 ], [ 449230.510893691563979, 208356.596422717091627 ], [ 449229.793620718934108, 208352.741080489446176 ], [ 449229.434984232648276, 208350.499602450086968 ], [ 449231.586803150421474, 208343.954486575239571 ], [ 449232.57305348769296, 208339.471530496579362 ], [ 449233.917940311308485, 208334.00232408058946 ], [ 449234.724872405466158, 208327.277889962599147 ], [ 449235.980100107495673, 208320.463796723022824 ], [ 449240.10441969987005, 208310.870270714658545 ], [ 449241.538965645071585, 208307.10458760857 ], [ 449243.332148076500744, 208302.800949773023603 ], [ 449244.94601226481609, 208297.242084235476796 ], [ 449246.918512939475477, 208290.607309239043389 ], [ 449250.684196045564022, 208279.041282556077931 ], [ 449252.029082869121339, 208276.979122759890743 ], [ 449253.015333206451032, 208274.199689991131891 ], [ 449254.898174759466201, 208267.564914994698483 ], [ 449256.781016312539577, 208264.06820925330976 ], [ 449259.829426446056459, 208257.343775135348551 ], [ 449261.622608877485618, 208250.171045409457292 ], [ 449263.415791308972985, 208244.253543385624653 ], [ 449265.746928469859995, 208237.170472781319404 ], [ 449268.436702117091045, 208231.34262987904367 ], [ 449270.767839277978055, 208226.50103731409763 ], [ 449271.126475764322095, 208225.783764341496862 ], [ 449274.892158870352432, 208220.045580560836243 ], [ 449277.671591639169492, 208214.307396780146519 ], [ 449279.554433192184661, 208209.64512245831429 ], [ 449281.168297380500007, 208203.906938677624566 ], [ 449283.589093662973028, 208198.617050504806684 ], [ 449285.561594337632414, 208194.403071790846298 ], [ 449288.251367984863464, 208188.485569766926346 ], [ 449292.106710212479811, 208182.568067743093707 ], [ 449294.886142981296871, 208176.291929232946131 ], [ 449298.741485208913218, 208169.119199507083977 ], [ 449301.7898953424301, 208163.829311334236991 ], [ 449303.762396017031278, 208159.794650863448624 ], [ 449304.748646354360972, 208157.373854580946499 ], [ 449309.141943311376963, 208149.752829247270711 ], [ 449312.548989931179676, 208143.656008980295155 ], [ 449314.521490605780855, 208137.021233983861748 ], [ 449319.273424049199093, 208125.365548179310281 ], [ 449320.70796999434242, 208120.972251222206978 ], [ 449323.039107155229431, 208116.758272508275695 ], [ 449325.997858167160302, 208112.723612037458224 ], [ 449328.956609179091174, 208108.419974201940931 ], [ 449331.736041947850026, 208103.040426907537039 ], [ 449334.87411120289471, 208097.03326576211839 ], [ 449340.701954105170444, 208088.694967455783626 ], [ 449343.302068630815484, 208082.598147188778967 ], [ 449344.019341603387147, 208078.294509353261674 ], [ 449343.840023360273335, 208076.859963408089243 ], [ 449345.633205791702494, 208069.687233682227088 ], [ 449348.322979438933544, 208064.12836814468028 ], [ 449351.909344301850069, 208057.314274905103957 ], [ 449356.93025510996813, 208051.934727610670961 ], [ 449357.647528082539793, 208047.720748896739678 ], [ 449359.799347000254784, 208040.010064441419672 ], [ 449361.68218855332816, 208036.154722213774221 ], [ 449362.399461525899824, 208032.12006174295675 ], [ 449363.475370984757319, 208028.175060393725289 ], [ 449365.806508145702537, 208022.616194856178481 ], [ 449368.406622671289369, 208018.133238777518272 ], [ 449373.696510844165459, 208011.05016817318392 ], [ 449376.924239220796153, 208006.118916486651869 ], [ 449382.034809150500223, 207999.753118854947388 ], [ 449386.248787864402402, 207994.732208046829328 ], [ 449391.538676037278492, 207989.263001630839426 ], [ 449395.931972994352691, 207984.242090822721366 ], [ 449404.270271300687455, 207974.469246571272379 ], [ 449408.484250014589634, 207969.537994884740328 ], [ 449413.325842579593882, 207964.8757205629081 ], [ 449417.001866564096417, 207959.854809754819144 ], [ 449421.484822642756626, 207955.640831040858757 ], [ 449428.926529733347706, 207950.53026111118379 ], [ 449434.037099663051777, 207947.392191856110003 ], [ 449435.505267780914437, 207947.952561364043504 ], [ 449439.147669592697639, 207944.612759087322047 ], [ 449441.299488510470837, 207942.102303683263017 ], [ 449444.168580400815699, 207937.97798409088864 ], [ 449448.651536479475908, 207933.674346255371347 ], [ 449455.465629719081335, 207926.860253015795024 ], [ 449462.907336809672415, 207919.866841533075785 ], [ 449468.017906739318278, 207915.383885454386473 ], [ 449471.245635115948971, 207912.335475320898695 ], [ 449480.390865516499616, 207903.54888140669209 ], [ 449484.066889501002152, 207898.707288841716945 ], [ 449489.446436795406044, 207893.596718912041979 ], [ 449496.35018915659748, 207887.230921280308394 ], [ 449502.895305031444877, 207881.58239662120468 ], [ 449505.674737800203729, 207879.520236824988388 ], [ 449510.60598948673578, 207874.320007773756515 ], [ 449516.882127996825147, 207869.568074330396485 ], [ 449519.033946914598346, 207868.043869263638044 ], [ 449521.185765832371544, 207866.967959804751445 ], [ 449525.579062789445743, 207864.009208792849677 ], [ 449529.79304150340613, 207860.333184808347141 ], [ 449532.572474272223189, 207858.002047647431027 ], [ 449539.207249268656597, 207850.470681435253937 ], [ 449542.166000280529261, 207847.780907788051991 ], [ 449544.94543304934632, 207847.153293937037233 ], [ 449557.497710069583263, 207840.787496305332752 ], [ 449561.084074932557996, 207839.890905089589069 ], [ 449566.553281348547898, 207837.91840441498789 ], [ 449569.691350603592582, 207837.201131442387123 ], [ 449579.912490462942515, 207834.511357795185177 ], [ 449582.064309380715713, 207833.973403065756429 ], [ 449585.292037757346407, 207833.166470971598756 ], [ 449591.657835389079992, 207832.000902391126147 ], [ 449595.513177616754547, 207830.835333810682641 ], [ 449601.968634370015934, 207827.517946312465938 ], [ 449603.492839436745271, 207826.621355096722255 ], [ 449606.989545178133994, 207825.814423002564581 ], [ 449610.57591004105052, 207825.366127394692739 ], [ 449611.562160378380213, 207825.366127394692739 ], [ 449615.955457335512619, 207822.138399018003838 ], [ 449620.169436049473006, 207818.552034155087313 ], [ 449622.052277602488175, 207817.655442939343629 ], [ 449633.707963407039642, 207811.379304429196054 ], [ 449639.984101917187218, 207807.972257809422445 ], [ 449642.494557321246248, 207806.089416256378172 ], [ 449647.78444549406413, 207802.772028758161468 ], [ 449660.067745149659459, 207796.047594640142052 ], [ 449664.909337714489084, 207791.654297683067853 ], [ 449669.840589401021134, 207788.067932820122223 ], [ 449673.247636020823848, 207785.826454780792119 ], [ 449679.882411017257255, 207780.984862215816975 ], [ 449683.379116758645978, 207777.846792960743187 ], [ 449692.345028915966395, 207772.108609180053463 ], [ 449701.310941073403228, 207765.29451594047714 ], [ 449702.924805261718575, 207762.87371965800412 ], [ 449707.587079583550803, 207758.659740944043733 ], [ 449711.8907174190972, 207754.176784865383524 ], [ 449714.042536336812191, 207749.693828786694212 ], [ 449716.373673497757409, 207746.82473689634935 ], [ 449718.077196807658765, 207743.597008519718656 ], [ 449722.918789372546598, 207738.39677946845768 ], [ 449725.249926533491816, 207733.734505146625452 ], [ 449730.270837341551669, 207725.216888597147772 ], [ 449734.036520447640214, 207716.699272047670092 ], [ 449736.457316730171442, 207711.050747388508171 ], [ 449740.760954565717839, 207704.864267999917502 ], [ 449742.464477875619195, 207700.381311921257293 ], [ 449745.154251522792038, 207695.360401113139233 ], [ 449745.871524495421909, 207691.774036250222707 ], [ 449749.816525844682474, 207684.601306524389656 ], [ 449752.237322127155494, 207680.387327810458373 ], [ 449754.837436652800534, 207676.711303825926734 ], [ 449756.72027820587391, 207673.124938963010209 ], [ 449764.251644417992793, 207662.993458225217182 ], [ 449765.237894755322486, 207661.379594036872732 ], [ 449768.824259618239012, 207654.92413728358224 ], [ 449771.962328873341903, 207649.81356735387817 ], [ 449774.831420763686765, 207646.227202490932541 ], [ 449780.838581909134518, 207640.309700467070797 ], [ 449788.280288999725599, 207632.061061282322044 ], [ 449791.508017376356293, 207628.564355540962424 ], [ 449795.273700482444838, 207624.798672434873879 ], [ 449798.770406223775353, 207617.536283587454818 ], [ 449803.253362302435562, 207610.453212983149569 ], [ 449805.853476828080602, 207605.701279539760435 ], [ 449808.274273110553622, 207600.142414002213627 ], [ 449809.708819055755157, 207596.376730896125082 ], [ 449812.398592702927999, 207590.279910629120423 ], [ 449814.72972986381501, 207586.424568401445867 ], [ 449817.598821754159871, 207581.762294079642743 ], [ 449820.198936279804911, 207576.293087663652841 ], [ 449823.247346413321793, 207569.389335302490508 ], [ 449826.206097425252665, 207564.727060980687384 ], [ 449829.882121409696992, 207558.181945105839986 ], [ 449832.213258570642211, 207552.623079568293178 ], [ 449836.337578163016587, 207545.360690720845014 ], [ 449837.772124108159915, 207543.119212681514909 ], [ 449842.165421065292321, 207539.353529575426364 ], [ 449847.903604845982045, 207533.794664037879556 ], [ 449850.952014979615342, 207528.415116743446561 ], [ 449854.538379842531867, 207523.573524178471416 ], [ 449859.110995042778086, 207517.656022154638777 ], [ 449864.66986058029579, 207510.93158803661936 ], [ 449867.53895247069886, 207506.717609322688077 ], [ 449868.794180172728375, 207503.310562702885363 ], [ 449872.739181521930732, 207498.648288381082239 ], [ 449877.222137600474525, 207493.268741086649243 ], [ 449879.194638275075704, 207490.758285682590213 ], [ 449883.498276110622101, 207486.36498872548691 ], [ 449886.277708879380953, 207482.599305619398365 ], [ 449888.519186918740161, 207478.385326905467082 ], [ 449890.760664958041161, 207473.723052583634853 ], [ 449892.464188267942518, 207470.674642450147076 ], [ 449893.898734213144053, 207468.343505289230961 ], [ 449894.436688942601904, 207467.446914073516382 ], [ 449902.326691641181242, 207462.067366779083386 ], [ 449905.644079139397945, 207459.37759313188144 ], [ 449908.423511908156797, 207457.225774214108242 ], [ 449912.637490622117184, 207452.922136378590949 ], [ 449914.878968661418185, 207449.515089758788235 ], [ 449917.658401430235244, 207444.673497193842195 ], [ 449918.375674402806908, 207442.163041789783165 ], [ 449921.244766293093562, 207434.631675577635178 ], [ 449923.934539940324612, 207428.534855310659623 ], [ 449925.010449399182107, 207424.858831326127984 ], [ 449926.355336222797632, 207420.644852612196701 ], [ 449927.251927438541315, 207414.458373223635135 ], [ 449928.238177775812801, 207409.258144172374159 ], [ 449929.493405477842316, 207404.864847215270856 ], [ 449931.734883517143317, 207400.292232014995534 ], [ 449933.617725070216693, 207396.347230665764073 ], [ 449935.141930137062445, 207390.071092155616498 ], [ 449936.755794325377792, 207384.691544861212606 ], [ 449938.100681148993317, 207379.670634053094545 ], [ 449938.548976756806951, 207376.442905676434748 ], [ 449938.997272364678793, 207372.946199935075128 ], [ 449941.328409525624011, 207361.738809738395503 ], [ 449942.045682498195674, 207359.586990820651408 ], [ 449942.852614592353348, 207357.52483102446422 ], [ 449943.569887564925011, 207355.462671228277031 ], [ 449944.466478780668695, 207351.517669879016466 ], [ 449946.349320333683863, 207348.91755535340053 ], [ 449948.859775737742893, 207345.062213125725975 ], [ 449953.611709181161132, 207341.117211776494514 ], [ 449958.722279110806994, 207335.737664482090622 ], [ 449961.681030122737866, 207333.585845564346528 ] ] ] } },
{ "type": "Feature", "properties": { "id": null }, "geometry": { "type": "MultiLineString", "coordinates": [ [ [ 449865.569712774187792, 207343.844081329239998 ], [ 449867.090656862594187, 207344.972554004256381 ], [ 449868.435543686209712, 207346.272611267049797 ], [ 449869.645941827446222, 207347.214032043586485 ], [ 449870.721851286303718, 207347.662327651458327 ], [ 449872.066738109919243, 207348.110623259330168 ], [ 449873.994409223727416, 207349.096873596630758 ], [ 449874.476327004667837, 207349.74690222524805 ], [ 449876.235887263086624, 207350.217612616281258 ], [ 449877.177308039623313, 207350.89005602808902 ], [ 449878.70151310635265, 207351.428010757546872 ], [ 449881.03265026723966, 207352.503920216404367 ], [ 449881.749923239869531, 207352.772897581133293 ], [ 449882.063730165362358, 207352.907386263483204 ], [ 449883.677594353677705, 207352.817727141926298 ], [ 449885.470776785165071, 207352.772897581133293 ], [ 449887.084640973480418, 207352.862556702719303 ], [ 449889.729585059918463, 207352.414261094847461 ], [ 449889.95373286382528, 207352.324601973261451 ], [ 449893.764245530823246, 207351.024544710380724 ], [ 449895.826405326894019, 207350.531419541803189 ], [ 449896.902314785751514, 207349.410680522123585 ], [ 449898.336860730953049, 207348.424430184822995 ], [ 449900.085213601647411, 207347.796816333808238 ], [ 449901.385270864411723, 207346.272611267049797 ], [ 449902.595669005648233, 207344.882894882670371 ], [ 449908.513171029626392, 207342.506928160990356 ], [ 449911.696069845464081, 207341.610336945246672 ], [ 449915.506582512345631, 207340.668916168709984 ], [ 449923.755221697094385, 207339.099881541187642 ], [ 449925.279426763823722, 207338.74124505490181 ], [ 449927.162268316897098, 207338.382608568615979 ], [ 449929.448575916991103, 207337.934312960744137 ], [ 449935.724714427138679, 207336.634255697921617 ], [ 449940.342159188177902, 207335.603175799828023 ], [ 449946.394149894418661, 207334.706584584084339 ], [ 449948.097673204320017, 207334.437607219384518 ], [ 449951.146083337778691, 207334.347948097798508 ], [ 449954.687618639960419, 207333.989311611512676 ], [ 449957.242903604812454, 207333.585845564433839 ], [ 449958.453301746048965, 207333.585845564433839 ], [ 449961.681030122737866, 207333.585845564346528 ], [ 449966.701940930739511, 207332.061640497675398 ], [ 449969.750351064256392, 207330.896071917231893 ], [ 449972.709102076187264, 207330.671924113295972 ], [ 449976.833421668561641, 207329.596014654409373 ], [ 449981.31637774722185, 207328.69942343866569 ], [ 449984.499276563117746, 207327.982150466094026 ], [ 449986.113140751433093, 207327.309707054286264 ], [ 449990.730585512472317, 207326.18896803460666 ], [ 449995.16871203033952, 207324.888910771813244 ], [ 450002.027634830679744, 207323.90266043448355 ], [ 450004.179453748452943, 207323.76817175213364 ], [ 450009.155534995777998, 207323.050898779561976 ], [ 450011.262524352758192, 207322.602603171690134 ], [ 450011.890138203743845, 207322.602603171690134 ], [ 450026.773552384984214, 207319.554193038202357 ], [ 450029.104689545871224, 207319.599022598995361 ], [ 450033.363497820624616, 207319.240386112680426 ], [ 450037.667135656171013, 207318.792090504837688 ], [ 450041.253500519087538, 207318.433454018522752 ], [ 450042.957023828988895, 207318.567942700901767 ], [ 450051.295322135323659, 207318.612772261665668 ], [ 450052.550549837353174, 207318.523113140108762 ], [ 450054.792027876654174, 207318.433454018522752 ], [ 450058.378392739628907, 207318.523113140108762 ], [ 450061.337143751501571, 207318.612772261665668 ], [ 450070.482374151994009, 207318.343794896965846 ], [ 450073.575613846245687, 207318.164476653735619 ], [ 450077.968910803378094, 207317.581692363513866 ], [ 450088.010732419556007, 207316.685101147770183 ], [ 450090.879824309959076, 207316.685101147770183 ], [ 450094.062723125796765, 207316.640271587006282 ], [ 450098.949145251535811, 207316.416123783070361 ], [ 450105.85289761266904, 207316.416123783070361 ], [ 450110.694490177673288, 207316.998908073292114 ], [ 450113.518752507225145, 207317.088567194878124 ], [ 450117.28443561331369, 207317.223055877228035 ], [ 450121.00528915860923, 207316.909248951706104 ], [ 450125.846881723671686, 207316.864419390942203 ], [ 450127.595234594366048, 207316.819589830178302 ], [ 450133.692054861341603, 207316.595442026242381 ], [ 450137.816374453774188, 207316.998908073321218 ], [ 450142.030353167676367, 207317.58169236354297 ], [ 450144.989104179607239, 207317.761010606685886 ], [ 450148.665128164109774, 207317.940328849828802 ], [ 450150.772117521089967, 207318.074817532178713 ], [ 450154.492971066385508, 207318.343794896907639 ], [ 450158.482801976439077, 207319.240386112651322 ], [ 450161.710530353069771, 207319.150726991065312 ], [ 450165.117576972872484, 207319.86799996366608 ], [ 450165.610702141479123, 207322.692262293217937 ], [ 450165.790020384651143, 207326.099308912991546 ], [ 450165.027917851635721, 207327.578684419131605 ] ] ] } },
{ "type": "Feature", "properties": { "id": null }, "geometry": { "type": "MultiLineString", "coordinates": [ [ [ 450190.883367037808057, 207307.696774207230192 ], [ 450189.146221554430667, 207308.077825476706494 ], [ 450187.935823413194157, 207308.705439327721251 ], [ 450186.097811420913786, 207310.229644394450588 ], [ 450185.1115610836423, 207311.440042535687098 ], [ 450184.170140307105612, 207313.009077163238544 ], [ 450182.556276118790265, 207315.654021249647485 ], [ 450181.21138929517474, 207317.043737634026911 ], [ 450177.087069702800363, 207315.878169053583406 ], [ 450176.504285412607715, 207315.69885081044049 ], [ 450175.787012439977843, 207315.250555202568648 ], [ 450174.576614298741333, 207314.712600473139901 ], [ 450172.110988455475308, 207313.950497939746128 ], [ 450170.497124267159961, 207313.726350135810208 ], [ 450168.703941835672595, 207313.905668378953123 ], [ 450167.269395890529267, 207314.443623108410975 ], [ 450165.790020384534728, 207315.922998614376411 ], [ 450165.521043019834906, 207317.357544559548842 ], [ 450165.431383898248896, 207318.20930621449952 ], [ 450165.117576972872484, 207319.86799996366608 ] ] ] } },
{ "type": "Feature", "properties": { "id": null }, "geometry": { "type": "MultiLineString", "coordinates": [ [ [ 450158.482801976439077, 207319.240386112651322 ], [ 450158.482801976206247, 207315.385043884976767 ], [ 450159.110415827250108, 207310.633110441587633 ], [ 450159.64837055670796, 207308.301973280671518 ], [ 450160.186325286107603, 207305.163904025597731 ], [ 450160.365643529279623, 207301.308561797952279 ], [ 450160.365643529279623, 207299.515379366464913 ], [ 450160.724280015565455, 207297.004923962405883 ], [ 450160.903598258737475, 207294.494468558375956 ], [ 450161.441552988137119, 207289.832194236543728 ], [ 450163.414053662796505, 207284.27332869899692 ], [ 450164.31064487848198, 207282.300828024366638 ], [ 450164.848599607939832, 207280.328327349765459 ], [ 450165.296895215811674, 207278.355826675135177 ], [ 450165.745190823683515, 207277.4144058986858 ] ] ] } },
{ "type": "Feature", "properties": { "id": null }, "geometry": { "type": "MultiLineString", "coordinates": [ [ [ 449893.764245530823246, 207351.024544710380724 ], [ 449897.171292150625959, 207351.338351635873551 ], [ 449898.516178974183276, 207350.979715149587719 ], [ 449900.130043162556831, 207350.845226467237808 ], [ 449903.268112417601515, 207350.307271737779956 ], [ 449906.675159037404228, 207349.948635251494125 ], [ 449909.320103123784065, 207349.724487447558204 ], [ 449911.202944676857442, 207349.769317008351209 ], [ 449913.220274912251625, 207349.724487447558204 ], [ 449916.582491971261334, 207349.679657886765199 ], [ 449919.944709030271042, 207349.052044035750441 ], [ 449926.534654465911444, 207348.110623259242857 ], [ 449927.789882167940959, 207347.796816333720926 ], [ 449930.255508011206985, 207347.303691165085183 ], [ 449936.935112568433397, 207346.362270388548495 ], [ 449939.086931486206595, 207345.869145219912753 ], [ 449944.690626584459096, 207345.241531368868891 ], [ 449948.859775737742893, 207345.062213125725975 ], [ 449954.015175228181761, 207344.748406200233148 ], [ 449955.539380294911098, 207344.882894882612163 ], [ 449959.843018130457494, 207344.658747078676242 ], [ 449961.456882318772841, 207344.255281031597406 ], [ 449963.160405628674198, 207343.806985423725564 ], [ 449966.522622687683906, 207342.731075964838965 ], [ 449972.933249880035874, 207341.296530019695638 ], [ 449976.071319135138765, 207340.624086607916979 ], [ 449980.643934335384984, 207339.817154513730202 ], [ 449983.109560178651009, 207339.54817714903038 ], [ 449985.888992947409861, 207339.010222419572528 ], [ 449989.161550884833559, 207338.472267690143781 ], [ 449991.537517606571782, 207338.203290325414855 ], [ 449997.81365611666115, 207337.710165156779112 ], [ 450003.327692093560472, 207336.85840350179933 ], [ 450011.262524352816399, 207335.154880191927077 ], [ 450013.100536345038563, 207335.199709752690978 ], [ 450016.059287356969435, 207334.572095901676221 ], [ 450016.821389890334103, 207334.392777658533305 ], [ 450020.049118266964797, 207334.078970733040478 ], [ 450022.604403231816832, 207333.272038638882805 ], [ 450025.832131608447526, 207333.003061274153879 ], [ 450028.252927890862338, 207332.33061786237522 ], [ 450032.915202212694567, 207331.882322254503379 ], [ 450035.067021130467765, 207331.299537964281626 ], [ 450036.680885318783112, 207330.806412795616779 ], [ 450042.194921295507811, 207329.775332897523185 ], [ 450044.032933287788182, 207329.416696411237353 ], [ 450045.960604401596356, 207328.968400803365512 ], [ 450046.498559131054208, 207328.968400803365512 ], [ 450052.012595107778907, 207328.251127830764744 ], [ 450055.285153045260813, 207327.982150466035819 ], [ 450056.495551186497323, 207327.802832222892903 ], [ 450058.781858786591329, 207327.623513979749987 ], [ 450060.799189021985512, 207327.354536615021061 ], [ 450064.789019932039082, 207327.354536615079269 ], [ 450065.013167735945899, 207327.354536615079269 ], [ 450070.751351516635623, 207326.771752324857516 ], [ 450071.378965367679484, 207326.682093203271506 ], [ 450072.992829555994831, 207326.682093203271506 ], [ 450078.193058607226703, 207326.771752324857516 ], [ 450085.858913501782808, 207326.00964979143464 ], [ 450087.248629886191338, 207325.785501987498719 ], [ 450091.059142553014681, 207325.202717697276967 ], [ 450093.255791031580884, 207325.023399454134051 ], [ 450095.900735118018929, 207324.88891077178414 ], [ 450098.545679204398766, 207324.79925165019813 ], [ 450102.221703188959509, 207324.88891077178414 ], [ 450104.283862985146698, 207325.068229014927056 ], [ 450109.887558083457407, 207324.395785603119293 ], [ 450110.156535448215436, 207324.350956042326288 ], [ 450114.101536797417793, 207323.857830873690546 ], [ 450115.849889668112155, 207323.58885350896162 ], [ 450118.674151997664012, 207323.409535265818704 ], [ 450121.991539495880716, 207323.409535265818704 ], [ 450126.743472939298954, 207323.454364826611709 ], [ 450131.31608813960338, 207322.916410097182961 ], [ 450133.423077496583574, 207322.737091854040045 ], [ 450135.888703339849599, 207322.737091854040045 ], [ 450137.592226649750955, 207322.737091854040045 ], [ 450140.819955026381649, 207322.37845536772511 ], [ 450143.868365159898531, 207322.288796246168204 ], [ 450145.751206712913699, 207322.288796246168204 ], [ 450147.140923097322229, 207322.288796246168204 ], [ 450149.830696744495071, 207322.019818881439278 ], [ 450151.310072250489611, 207322.019818881439278 ], [ 450154.179164140834473, 207321.571523273567436 ], [ 450156.599960423307493, 207320.002488646045094 ], [ 450158.482801976439077, 207319.240386112651322 ] ] ] } },
{ "type": "Feature", "properties": { "id": null }, "geometry": { "type": "MultiLineString", "coordinates": [ [ [ 449882.063730165362358, 207352.907386263483204 ], [ 449883.991401279170532, 207354.700568694970571 ], [ 449885.425947224313859, 207356.135114640143001 ], [ 449888.384698236244731, 207358.2869335579162 ], [ 449891.253790126589593, 207359.631820381502621 ], [ 449894.929814111092128, 207361.335343691403978 ], [ 449897.619587758323178, 207363.397503487591166 ], [ 449900.39902052708203, 207365.72864064850728 ], [ 449904.164703633170575, 207369.494323754595825 ], [ 449909.364932684402447, 207375.860121386300307 ], [ 449913.489252276776824, 207379.356827127659926 ], [ 449923.351755649840925, 207387.067511582979932 ], [ 449925.951870175485965, 207390.295239959610626 ], [ 449928.014029971673153, 207391.909104147925973 ], [ 449929.71755328157451, 207393.164331849955488 ], [ 449931.241758348303847, 207394.598877795127919 ], [ 449933.617725070216693, 207396.347230665764073 ], [ 449938.504147195781115, 207400.9646754268324 ], [ 449940.207670505682472, 207402.668198736733757 ], [ 449943.345739760727156, 207406.792518329108134 ], [ 449945.856195164786186, 207408.944337246881332 ], [ 449947.828695839387365, 207410.916837921482511 ], [ 449948.904605298303068, 207411.634110894083278 ], [ 449954.01517522794893, 207414.772180149157066 ], [ 449956.166994145722128, 207417.192976431630086 ], [ 449958.229153941909317, 207419.255136227817275 ], [ 449962.981087385327555, 207423.558774063334567 ], [ 449967.015747856115922, 207428.848662236181553 ], [ 449969.167566773889121, 207431.44877676179749 ], [ 449972.305636028933804, 207434.317868652142351 ], [ 449977.774842444923706, 207438.98014297397458 ], [ 449981.899162037298083, 207442.566507836920209 ], [ 449986.830413723830134, 207445.973554456693819 ], [ 449986.740754602244124, 207446.063213578279829 ], [ 449990.237460343632847, 207450.277192292240215 ], [ 449993.913484328135382, 207453.146284182585077 ], [ 449996.423939732194412, 207455.298103100329172 ], [ 449999.741327230411116, 207458.525831476988969 ], [ 450002.700078242341988, 207461.215605124190915 ], [ 450006.376102226844523, 207464.443333500821609 ], [ 450010.769399183918722, 207468.029698363767238 ], [ 450014.714400533179287, 207470.450494646240259 ], [ 450016.417923843080644, 207472.154017956141615 ], [ 450018.659401882381644, 207474.216177752328804 ], [ 450021.618152894312516, 207477.264587885816582 ], [ 450023.500994447385892, 207479.864702411461622 ], [ 450023.859630933671724, 207480.312998019333463 ], [ 450028.701223498617765, 207485.423567949008429 ], [ 450031.122019781090785, 207488.113341596210375 ], [ 450032.108270118420478, 207490.982433486555237 ], [ 450034.439407279307488, 207496.451639902516035 ], [ 450038.384408628568053, 207503.355392263678368 ], [ 450039.549977209011558, 207505.865847667737398 ], [ 450043.943274166085757, 207508.914257801225176 ], [ 450044.391569773957599, 207510.169485503254691 ], [ 450047.529639029002283, 207518.687102052732371 ], [ 450048.784866731031798, 207522.183807794121094 ], [ 450050.040094433061313, 207525.411536170751788 ], [ 450051.65395862137666, 207528.908241912111407 ], [ 450052.729868080292363, 207533.839493598643458 ], [ 450056.047255578509066, 207540.115632108791033 ], [ 450058.199074496282265, 207547.557339199382113 ], [ 450061.606121116084978, 207557.330183450889308 ], [ 450062.951007939642295, 207561.902798651135527 ], [ 450064.56487212801585, 207566.296095608238829 ], [ 450066.358054559445009, 207569.613483106455533 ], [ 450066.89600928890286, 207572.661893239943311 ], [ 450066.98566841048887, 207574.813712157716509 ], [ 450067.478793579619378, 207579.879452526685782 ] ] ] } },
{ "type": "Feature", "properties": { "id": null }, "geometry": { "type": "MultiLineString", "coordinates": [ [ [ 449902.326691641181242, 207462.067366779083386 ], [ 449909.813228292332496, 207462.73981019097846 ], [ 449912.682320182677358, 207463.008787555707386 ], [ 449919.048117814410944, 207463.815719649865059 ], [ 449925.593233689258341, 207464.622651744022733 ], [ 449937.338578615395818, 207465.877879446052248 ], [ 449940.745625235140324, 207466.774470661795931 ], [ 449947.201081988459919, 207468.119357485382352 ], [ 449954.015175228007138, 207468.836630457983119 ], [ 449960.649950224440545, 207470.091858160012634 ], [ 449971.409044813248329, 207471.25742674045614 ], [ 449982.078480280470103, 207473.947200387658086 ], [ 449990.506437708390877, 207475.650723697559442 ], [ 450001.355191418726463, 207478.161179101618472 ], [ 450010.5004218192189, 207480.312998019362567 ], [ 450017.224855937238317, 207482.016521329263924 ], [ 450021.976789380656555, 207483.540726396022364 ], [ 450028.701223498617765, 207485.423567949008429 ] ] ] } },
{ "type": "Feature", "properties": { "id": null }, "geometry": { "type": "MultiLineString", "coordinates": [ [ [ 450045.960604401596356, 207328.968400803365512 ], [ 450044.570888017013203, 207333.182379517471418 ], [ 450043.94327416602755, 207336.679085258860141 ], [ 450043.405319436569698, 207339.637836270761909 ], [ 450044.301910652313381, 207345.196701808308717 ], [ 450046.45372957008658, 207356.583410248102155 ], [ 450047.081343421130441, 207363.038867001392646 ], [ 450047.439979907416273, 207369.225346389954211 ], [ 450047.171002542658243, 207376.667053480545292 ], [ 450047.081343421130441, 207381.32932780237752 ], [ 450046.633047813258599, 207387.33648894779617 ], [ 450046.812366056372412, 207391.191831175441621 ], [ 450046.36407044850057, 207394.509218673658324 ], [ 450046.274411326856352, 207408.675359882239718 ], [ 450045.377820111170877, 207414.772180149215274 ], [ 450044.929524503299035, 207422.393205482978374 ], [ 450045.646797475870699, 207428.759003114682855 ], [ 450046.274411326856352, 207433.869573044357821 ], [ 450046.453729570028372, 207437.007642299431609 ], [ 450047.529639029002283, 207450.904806143371388 ], [ 450045.736456597514916, 207461.932878096878994 ], [ 450045.557138354401104, 207465.070947351952782 ], [ 450044.660547138657421, 207468.836630458041327 ], [ 450043.763955922913738, 207474.126518630888313 ], [ 450043.315660315041896, 207478.609474709548522 ], [ 450044.122592409199569, 207488.471978082641726 ], [ 450044.301910652313381, 207491.87902470244444 ], [ 450044.301910652313381, 207500.30698213033611 ], [ 450044.570888017071411, 207505.507211181597086 ], [ 450043.943274166085757, 207508.914257801225176 ], [ 450042.598387342470232, 207513.66619124475983 ], [ 450042.060432613012381, 207518.59744293129188 ], [ 450041.970773491426371, 207522.721762523666257 ], [ 450042.150091734598391, 207528.370287182799075 ], [ 450042.329409977712203, 207534.198130085045705 ], [ 450042.329409977712203, 207539.488018257892691 ], [ 450043.046682950342074, 207545.136542917025508 ], [ 450043.405319436627906, 207550.067794603557559 ], [ 450043.85361504444154, 207558.137115545105189 ], [ 450043.94327416602755, 207562.889048988523427 ], [ 450043.85361504444154, 207567.909959796612384 ], [ 450043.405319436569698, 207574.365416549902875 ], [ 450042.688046463998035, 207579.834622965892777 ], [ 450042.060432613012381, 207586.290079719183268 ], [ 450041.074182275682688, 207592.117922621429898 ], [ 450040.267250181466807, 207603.952926669211593 ], [ 450040.177591059939004, 207606.104745586955687 ], [ 450040.087931938352995, 207611.125656395073747 ], [ 450038.65338599315146, 207617.93974963465007 ], [ 450037.846453898993786, 207624.484865509497467 ], [ 450037.577476534293965, 207628.519525980314938 ], [ 450037.936113020579796, 207633.092141180561157 ], [ 450038.025772142165806, 207638.561347596551059 ], [ 450037.577476534293965, 207644.120213134097867 ], [ 450037.667135655821767, 207652.996466169861378 ], [ 450038.47406774997944, 207658.107036099536344 ], [ 450038.025772142107598, 207664.114197244954994 ], [ 450037.577476534235757, 207670.928290484531317 ], [ 450037.577476534235757, 207677.204428994678892 ], [ 450037.129180926363915, 207684.197840477398131 ], [ 450036.501567075378262, 207687.066932367742993 ], [ 450036.411907953734044, 207689.936024258087855 ], [ 450036.949862683191895, 207696.839776619250188 ], [ 450037.936113020521589, 207704.460801952984184 ], [ 450039.639636330422945, 207709.481712761102244 ], [ 450040.087931938294787, 207715.488873906520894 ], [ 450041.701796126610134, 207719.792511742038187 ], [ 450042.688046463881619, 207723.558194848126732 ], [ 450043.943274165969342, 207728.041150926786941 ], [ 450045.019183624826837, 207731.986152276018402 ], [ 450047.708957272057887, 207737.096722205722472 ], [ 450048.964184974087402, 207742.476269500126364 ], [ 450049.502139703487046, 207747.317862065072404 ], [ 450052.191913350718096, 207753.056045845762128 ], [ 450055.778278213634621, 207763.635822191397892 ], [ 450056.764528550964314, 207765.877300230727997 ], [ 450058.737029225565493, 207770.987870160402963 ], [ 450061.785439359082375, 207779.326168466737727 ], [ 450065.192485978885088, 207786.409239071042975 ], [ 450067.88225962605793, 207792.685377581161447 ], [ 450068.778850841801614, 207796.271742444107076 ], [ 450069.316805571259465, 207797.526970146136591 ], [ 450070.303055908530951, 207801.561630616954062 ], [ 450074.113568576110993, 207805.192825040634489 ] ] ] } },
{ "type": "Feature", "properties": { "id": null }, "geometry": { "type": "MultiLineString", "coordinates": [ [ [ 449918.375674402806908, 207442.163041789783165 ], [ 449922.813800920266658, 207437.724915272119688 ], [ 449925.234597202739678, 207435.57309635434649 ], [ 449928.910621187242214, 207431.98673149140086 ], [ 449933.39357726596063, 207427.14513892645482 ], [ 449936.262669156305492, 207420.958659537893254 ], [ 449941.104261721251532, 207412.710020353115397 ], [ 449941.911193815409206, 207412.172065623686649 ], [ 449945.856195164786186, 207408.944337246881332 ], [ 449949.711537392286118, 207405.895927113539074 ], [ 449955.09108468669001, 207399.171492995548761 ], [ 449958.856767792778555, 207395.13683252473129 ], [ 449962.353473534167279, 207391.102172053942923 ], [ 449964.325974208768457, 207388.681375771440798 ], [ 449967.464043463813141, 207384.826033543795347 ], [ 449971.857340420945548, 207381.060350437706802 ], [ 449974.726432311290409, 207377.832622061076108 ], [ 449978.133478931093123, 207373.080688617686974 ], [ 449982.616435009753332, 207367.701141323283082 ], [ 449994.003143449488562, 207360.797388962149853 ], [ 449995.617007637803908, 207359.273183895391412 ], [ 450000.727577567507979, 207355.955796397174709 ], [ 450007.362352563941386, 207350.845226467499742 ], [ 450014.086786681902595, 207345.286360929952934 ], [ 450019.287015733192675, 207341.520677823864389 ], [ 450020.811220799922012, 207340.265450121834874 ], [ 450022.514744109823368, 207338.741245055076433 ], [ 450025.204517757054418, 207337.037721745175077 ], [ 450028.970200863142963, 207334.347948097973131 ], [ 450032.915202212694567, 207331.882322254503379 ] ] ] } },
{ "type": "Feature", "properties": { "id": null }, "geometry": { "type": "MultiLineString", "coordinates": [ [ [ 449807.680281432287302, 207537.851739286648808 ], [ 449810.022625980782323, 207538.00864275204367 ], [ 449810.919217196526006, 207538.187960995186586 ], [ 449813.788309086870868, 207538.412108799122507 ], [ 449816.478082734101918, 207538.322449677536497 ], [ 449821.85763002850581, 207538.725915724615334 ], [ 449825.712972256180365, 207539.174211332487175 ], [ 449827.685472930781543, 207539.443188697216101 ], [ 449831.182178672112059, 207539.398359136423096 ], [ 449833.558145393850282, 207539.532847818773007 ], [ 449835.396157386072446, 207539.532847818773007 ], [ 449839.789454343204852, 207539.712166061945027 ], [ 449842.165421065292321, 207539.353529575426364 ] ] ] } },
{ "type": "Feature", "properties": { "id": null }, "geometry": { "type": "MultiLineString", "coordinates": [ [ [ 449232.483394366165157, 208368.431426764786011 ], [ 449237.549134734552354, 208364.889891462953528 ], [ 449239.52163540921174, 208362.110458694165573 ], [ 449241.135499597527087, 208358.075798223377205 ], [ 449245.439137433015276, 208350.365113768057199 ], [ 449247.142660742916632, 208347.675340120855253 ], [ 449249.653116146975663, 208343.640679650037782 ], [ 449257.453459723852575, 208333.778176276973682 ], [ 449260.322551614197437, 208329.922834049299126 ], [ 449263.281302626128308, 208324.184650268609403 ], [ 449265.343462422315497, 208319.522375946806278 ], [ 449267.136644853802864, 208314.949760746560059 ], [ 449268.84016816370422, 208311.45305500520044 ], [ 449273.502442485420033, 208305.266575616609771 ], [ 449274.668011065863539, 208301.32157426737831 ], [ 449277.088807348336559, 208294.417821906245081 ], [ 449279.419944509281777, 208288.679638125526253 ], [ 449282.109718156454619, 208283.479409074265277 ], [ 449283.813241466355976, 208280.251680697634583 ], [ 449286.951310721458867, 208275.051451646373607 ], [ 449293.317108353134245, 208263.575084084965056 ], [ 449297.351768823922612, 208258.912809763132827 ], [ 449300.131201592739671, 208252.726330374571262 ], [ 449301.745065781055018, 208251.202125307841925 ], [ 449305.510748887143563, 208245.553600648738211 ], [ 449308.021204291202594, 208241.160303691634908 ], [ 449312.324842126690783, 208234.794506059930427 ], [ 449315.014615773921832, 208230.759845589112956 ], [ 449317.166434691695031, 208224.214729714265559 ], [ 449319.318253609410021, 208219.373137149290415 ], [ 449325.235755633271765, 208207.896769587881863 ], [ 449329.539393468818162, 208199.827448646276025 ], [ 449333.125758331734687, 208192.385741555684945 ], [ 449335.994850222079549, 208186.737216896552127 ], [ 449340.388147179153748, 208182.433579061034834 ], [ 449347.291899540345185, 208171.315847985941218 ], [ 449349.981673187576234, 208163.425845287478296 ], [ 449355.89917521137977, 208151.411522996640997 ], [ 449364.147814396128524, 208138.500609490060015 ], [ 449367.823838380689267, 208133.659016925113974 ], [ 449371.320544122019783, 208127.472537536523305 ], [ 449377.238046145881526, 208117.520375041873194 ], [ 449380.914070130384061, 208110.16832707283902 ], [ 449386.203958303201944, 208103.892188562720548 ], [ 449388.893731950432993, 208099.767868970346171 ], [ 449398.666576201969292, 208086.050023369607516 ], [ 449400.639076876570471, 208080.042862224188866 ], [ 449404.853055590530857, 208075.111610537656816 ], [ 449410.770557614392601, 208068.566494662809419 ], [ 449413.908626869437285, 208061.214446693775244 ], [ 449418.301923826569691, 208055.565922034642426 ], [ 449421.619311324786395, 208050.007056497095618 ], [ 449425.38499443087494, 208044.627509202691726 ], [ 449428.254086321219802, 208040.951485218189191 ], [ 449429.688632266421337, 208039.42728015143075 ], [ 449438.564885302155744, 208028.847503805765882 ], [ 449441.613295435672626, 208024.005911240819842 ], [ 449443.115085722063668, 208023.28863826818997 ], [ 449444.235824741772376, 208022.145484468113864 ], [ 449445.065171616326552, 208021.4282114955422 ], [ 449447.799774824234191, 208017.460795365943341 ], [ 449449.77227549883537, 208015.03999908347032 ], [ 449452.910344753880054, 208010.467383883224102 ], [ 449455.779436644224916, 208006.701700777135557 ], [ 449459.365801507141441, 208003.025676792633021 ], [ 449461.517620424914639, 207999.618630172830308 ], [ 449465.731599138875026, 207993.252832541125827 ], [ 449469.676600488135591, 207988.231921733007766 ], [ 449472.814669743180275, 207984.466238626919221 ] ] ] } },
{ "type": "Feature", "properties": { "id": null }, "geometry": { "type": "MultiLineString", "coordinates": [ [ [ 449472.814669743180275, 207984.466238626919221 ], [ 449482.228877508372534, 207976.621065489191096 ], [ 449487.249788316490594, 207971.779472924215952 ], [ 449488.684334261692129, 207969.986290492757689 ], [ 449489.849902842135634, 207968.193108061299426 ], [ 449492.450017367780674, 207959.854809754935559 ], [ 449494.332858920854051, 207953.847648609516909 ], [ 449497.381269054312725, 207945.599009424768155 ], [ 449499.891724458371755, 207938.784916185191832 ], [ 449501.595247768273111, 207932.508777675044257 ], [ 449502.671157227188814, 207926.591275651211618 ], [ 449504.195362293918151, 207919.866841533192201 ], [ 449505.360930874361657, 207912.33547532101511 ], [ 449507.243772427435033, 207903.190244920522673 ], [ 449509.395591345150024, 207895.927856073074508 ], [ 449511.637069384509232, 207882.12035135080805 ], [ 449511.995705870795064, 207877.906372636847664 ], [ 449510.60598948673578, 207874.320007773756515 ] ] ] } },
{ "type": "Feature", "properties": { "id": null }, "geometry": { "type": "MultiLineString", "coordinates": [ [ [ 449130.574595308746211, 208531.63344280817546 ], [ 449133.118672881566454, 208529.817845597106498 ], [ 449136.974015109241009, 208528.293640530348057 ], [ 449140.560379972157534, 208526.141821612603962 ], [ 449145.222654293989763, 208523.541707086958922 ], [ 449152.485043141467031, 208520.313978710328229 ], [ 449154.3678846944822, 208518.789773643569788 ], [ 449155.981748882797547, 208517.534545941540273 ], [ 449158.671522530028597, 208515.831022631638916 ], [ 449163.154478608688805, 208511.437725674564717 ], [ 449168.982321510964539, 208507.223746960604331 ], [ 449174.272209683782421, 208502.740790881915018 ], [ 449181.086302923387848, 208498.795789532712661 ], [ 449184.403690421604551, 208495.478402034495957 ], [ 449188.79698737867875, 208490.905786834249739 ], [ 449190.052215080708265, 208489.202263524348382 ], [ 449197.045626563427504, 208481.31226082588546 ], [ 449202.694151222531218, 208475.48441792363883 ], [ 449208.611653246392962, 208470.37384799393476 ], [ 449212.287677230895497, 208467.235778738860972 ], [ 449215.78438297228422, 208465.621914550545625 ], [ 449217.039610674313735, 208464.814982456387952 ], [ 449222.710550114687067, 208459.704412526509259 ], [ 449225.467568102176301, 208458.000889216811629 ], [ 449231.833365733968094, 208452.083387192978989 ], [ 449235.33007147529861, 208448.317704086890444 ], [ 449239.364731946086977, 208445.986566926003434 ], [ 449243.220074173761532, 208443.027815914072562 ], [ 449251.110076872224454, 208438.544859835412353 ], [ 449252.365304574253969, 208437.827586862811586 ], [ 449259.179397813859396, 208433.972244635166135 ], [ 449265.096899837662932, 208431.013493623235263 ], [ 449271.014401861524675, 208427.247810517146718 ], [ 449278.097472465829924, 208421.868263222742826 ], [ 449286.884066380036529, 208415.054169983166503 ], [ 449293.070545768598095, 208410.75053214764921 ], [ 449296.477592388400808, 208407.881440257304348 ], [ 449298.360433941415977, 208405.63996221794514 ], [ 449305.712481910421047, 208396.943027425353648 ], [ 449311.450665691110771, 208390.756548036792083 ], [ 449313.51282548729796, 208388.7840473621618 ], [ 449317.906122444430366, 208384.121773040358676 ], [ 449319.968282240617555, 208381.163022028427804 ], [ 449325.347829535021447, 208371.210859533777693 ], [ 449333.058513990254141, 208361.348356160684489 ], [ 449336.913856217928696, 208355.161876772122923 ], [ 449339.334652500401717, 208347.092555830517085 ], [ 449341.307153175002895, 208340.637099077226594 ], [ 449344.714199794805609, 208331.940164284605999 ], [ 449349.555792359751649, 208323.063911248842487 ], [ 449352.155906885396689, 208318.760273413325194 ], [ 449354.307725803169888, 208315.532545036694501 ], [ 449360.314886948559433, 208304.952768691029632 ], [ 449364.080570054647978, 208296.704129506280879 ], [ 449366.322048093948979, 208289.172763294103788 ], [ 449369.370458227465861, 208279.489578164182603 ], [ 449371.432618023653049, 208273.392757897177944 ], [ 449373.943073427712079, 208268.730483575374819 ], [ 449374.660346400283743, 208266.399346414458705 ], [ 449378.067393020086456, 208259.674912296410184 ], [ 449380.757166667317506, 208251.157295746932505 ], [ 449382.729667341918685, 208244.701838993642014 ], [ 449385.329781867563725, 208238.515359605080448 ], [ 449389.902397067809943, 208231.701266365504125 ], [ 449391.157624769781251, 208229.370129204588011 ], [ 449394.654330511228181, 208219.148989345208975 ], [ 449396.985467672173399, 208213.590123807662167 ], [ 449398.957968346774578, 208209.107167729001958 ], [ 449400.930469021375757, 208203.996597799297888 ], [ 449402.275355844991282, 208199.961937328509521 ], [ 449403.620242668606807, 208196.734208951849723 ], [ 449408.372176111850422, 208187.768296794471098 ], [ 449413.572405163140502, 208179.60931673127925 ], [ 449415.455246716155671, 208172.346927883831086 ], [ 449417.517406512342859, 208167.774312683584867 ], [ 449419.848543673288077, 208163.112038361781742 ], [ 449423.703885900904424, 208154.953058298589895 ], [ 449425.945363940263633, 208151.187375192530453 ], [ 449433.745707517198753, 208141.414530941023258 ], [ 449438.945936568430625, 208136.393620132934302 ], [ 449445.760029808036052, 208130.476118109072559 ], [ 449450.601622372982092, 208124.648275206796825 ], [ 449454.277646357484628, 208119.627364398678765 ], [ 449456.519124396843836, 208117.116908994648838 ], [ 449462.134026888175867, 208112.118412965239258 ] ] ] } },
{ "type": "Feature", "properties": { "id": null }, "geometry": { "type": "MultiLineString", "coordinates": [ [ [ 449296.477592388400808, 208407.881440257304348 ], [ 449301.58816231804667, 208406.805530798301334 ], [ 449304.546913329977542, 208405.281325731571997 ], [ 449308.402255557652097, 208403.846779786370462 ], [ 449315.306007918785326, 208402.770870327512966 ], [ 449319.699304875859525, 208401.874279111769283 ], [ 449324.720215683977585, 208400.798369652882684 ], [ 449331.713627166696824, 208397.660300397808896 ], [ 449336.913856217986904, 208395.956777087936644 ], [ 449346.059086618479341, 208394.522231142735109 ], [ 449353.321475465898402, 208394.163594656449277 ], [ 449354.307725803228095, 208394.073935534892371 ], [ 449366.142729850893375, 208386.094273714843439 ], [ 449372.060231874755118, 208381.52165851459722 ], [ 449375.556937616085634, 208379.01120311053819 ], [ 449381.115803153661545, 208375.783474733907497 ], [ 449385.240122746035922, 208373.362678451434476 ], [ 449386.405691326479428, 208371.928132506232942 ], [ 449391.516261256183498, 208369.507336223759921 ], [ 449397.254445036873221, 208368.07279027858749 ], [ 449409.35842644929653, 208363.14153859205544 ], [ 449412.048200096469373, 208362.782902105769608 ], [ 449416.172519688843749, 208362.424265619454673 ], [ 449424.869454481464345, 208355.879149744607275 ], [ 449432.759457179927267, 208350.858238936489215 ], [ 449435.718208191858139, 208349.244374748173868 ], [ 449443.877188255020883, 208346.285623736242997 ], [ 449450.153326765168458, 208343.68550921062706 ], [ 449459.836511895118747, 208341.17505380656803 ], [ 449462.346967299177777, 208339.292212253523758 ], [ 449464.140149730606936, 208337.678348065208411 ], [ 449466.885960331535898, 208335.279966561880428 ], [ 449472.209470672241878, 208333.64368759439094 ], [ 449479.92015512753278, 208330.595277460903162 ], [ 449487.092884853424039, 208329.340049758873647 ], [ 449497.583002077532001, 208329.340049758873647 ], [ 449503.231526736635715, 208330.595277460903162 ], [ 449505.921300383808557, 208331.312550433474826 ], [ 449513.273348352871835, 208327.457208205829374 ], [ 449518.832213890447747, 208326.201980503799859 ], [ 449524.032442941679619, 208322.884593005583156 ], [ 449531.384490910742898, 208321.808683546696557 ], [ 449542.143585499550682, 208320.912092330981977 ], [ 449546.805859821324702, 208319.567205507366452 ], [ 449554.426885155087803, 208317.594704832765274 ], [ 449558.730522990634199, 208316.69811361702159 ], [ 449561.868592245678883, 208316.69811361702159 ], [ 449573.165641563828103, 208311.946180173690664 ], [ 449581.414280748576857, 208309.077088283316698 ], [ 449587.331782772380393, 208308.359815310745034 ], [ 449593.787239525699988, 208307.642542338144267 ], [ 449599.973718914261553, 208308.180497067602118 ], [ 449603.291106412478257, 208307.463224095001351 ] ] ] } },
{ "type": "Feature", "properties": { "id": null }, "geometry": { "type": "MultiLineString", "coordinates": [ [ [ 449965.35705410776427, 207958.420263809588505 ], [ 449962.734524800325744, 207960.392764484276995 ], [ 449960.179239835531916, 207962.365265158878174 ], [ 449958.072250478551723, 207963.889470225636614 ], [ 449955.78594287839951, 207965.503334413951961 ], [ 449952.916850988054648, 207966.758562115981476 ], [ 449946.775201160286088, 207969.134528837690596 ], [ 449944.802700485684909, 207970.434586100484012 ], [ 449939.512812312925234, 207973.39333711238578 ], [ 449930.681388837925624, 207979.041861771518597 ], [ 449928.036444751487579, 207980.431578155898023 ], [ 449922.52240877476288, 207983.34549960703589 ], [ 449918.263600500009488, 207985.586977646395098 ], [ 449914.722065197885968, 207988.097433050425025 ], [ 449908.5804153700592, 207994.418401121365605 ], [ 449905.487175675807521, 207996.525390478345798 ], [ 449902.483595103083644, 207999.887607537355507 ], [ 449899.166207604866941, 208002.801528988493374 ], [ 449895.310865377192385, 208006.298234729852993 ], [ 449892.621091730019543, 208009.167326620197855 ], [ 449889.931318082788493, 208012.215736753685633 ], [ 449888.18296521215234, 208014.098578306729905 ], [ 449885.448362004128285, 208016.788351953931851 ], [ 449874.958244780020323, 208027.68193522511865 ], [ 449873.703017077990808, 208029.206140291877091 ], [ 449871.282220795517787, 208031.985573060635943 ], [ 449868.502788026758935, 208035.840915288310498 ], [ 449866.261309987399727, 208039.158302786527202 ], [ 449864.288809312798548, 208041.803246872936143 ], [ 449862.450797320518177, 208045.882736904517515 ], [ 449859.4472167477943, 208050.813988591049565 ], [ 449857.340227390814107, 208056.821149736468215 ], [ 449856.578124857449438, 208059.421264262113255 ], [ 449852.364146143489052, 208068.880301588098519 ], [ 449851.467554927745368, 208070.359677094063954 ], [ 449848.508803915872704, 208074.215019321709406 ], [ 449842.815449695975985, 208081.387749047600664 ], [ 449839.991187366424128, 208086.319000734132715 ], [ 449837.66005020547891, 208088.739797016605735 ], [ 449834.701299193606246, 208091.160593299107859 ], [ 449832.101184667961206, 208093.357241777644958 ], [ 449829.590729263902176, 208096.764288397447672 ], [ 449827.618228589300998, 208100.93343755058595 ], [ 449825.914705279399641, 208102.636960860487306 ], [ 449820.938624032074586, 208107.478553425462451 ], [ 449818.428168628015555, 208110.168327072664397 ], [ 449815.603906298463698, 208113.037418963009259 ], [ 449813.27276913751848, 208115.189237880782457 ], [ 449810.986461537424475, 208117.29622723776265 ], [ 449807.22077843133593, 208120.882592100679176 ], [ 449804.172368297819048, 208123.437877065531211 ], [ 449799.375605293607805, 208128.996742603078019 ], [ 449796.461683842469938, 208132.986573513073381 ], [ 449788.840658508765046, 208140.562769286043476 ], [ 449786.509521347819827, 208142.893906446959591 ], [ 449783.730088579060975, 208145.897487019654363 ], [ 449779.829916790593415, 208149.663170125742909 ], [ 449776.691847535548732, 208152.218455090594944 ], [ 449771.805425409809686, 208155.894479075097479 ], [ 449768.757015276292805, 208158.494593600713415 ], [ 449764.677525244711433, 208161.498174173437292 ], [ 449762.346388083824422, 208163.112038361752639 ], [ 449759.38763707189355, 208165.75698244816158 ], [ 449753.828771534317639, 208170.060620283707976 ], [ 449750.063088428287301, 208172.705564370087814 ], [ 449745.983598396705929, 208176.785054401698289 ], [ 449742.980017823982053, 208180.012782778328983 ], [ 449741.455812757194508, 208181.805965209787246 ], [ 449737.197004482499324, 208184.944034464861033 ], [ 449733.431321376410779, 208188.171762841520831 ], [ 449729.307001784036402, 208191.578809461294441 ], [ 449722.313590301317163, 208197.092845438077347 ], [ 449717.875463783508167, 208199.827448646072298 ], [ 449716.485747399099637, 208201.710290199116571 ], [ 449713.975291995040607, 208204.400063846318517 ], [ 449712.495916489104275, 208206.10358715619077 ], [ 449706.937050951528363, 208210.586543234880082 ], [ 449703.261026967025828, 208213.590123807574855 ], [ 449700.705742002173793, 208216.593704380298732 ], [ 449695.64000163320452, 208219.283478027500678 ], [ 449692.726080182066653, 208222.600865525717381 ], [ 449690.574261264293455, 208224.66302532190457 ], [ 449687.301703326869756, 208228.249390184850199 ], [ 449683.580849781574216, 208231.566777683066903 ], [ 449679.366871067613829, 208234.794506059697596 ], [ 449677.215052149840631, 208236.722177173534874 ], [ 449676.18397225177614, 208237.708427510835463 ], [ 449671.790675294643734, 208239.860246428579558 ], [ 449669.056072086677887, 208242.639679197367514 ], [ 449666.859423608111683, 208245.060475479840534 ], [ 449664.169649960938841, 208248.019226491771406 ], [ 449661.300558070593979, 208251.022807064495282 ], [ 449657.355556721333414, 208254.385024123475887 ], [ 449654.531294391781557, 208256.805820405978011 ], [ 449648.748281050298829, 208261.109458241495304 ], [ 449645.251575308910105, 208264.875141347583849 ], [ 449642.561801661737263, 208267.833892359514721 ], [ 449639.692709771392401, 208270.523666006716667 ], [ 449634.895946767181158, 208273.75139438334736 ], [ 449632.340661802329123, 208276.710145395278232 ], [ 449629.068103864905424, 208280.296510258223861 ], [ 449623.285090523480903, 208285.58639843101264 ], [ 449622.657476672437042, 208286.572648768313229 ], [ 449620.684975997835863, 208289.486570219451096 ], [ 449616.381338162347674, 208294.372992345190141 ], [ 449612.974291542544961, 208297.466232039470924 ], [ 449611.001790867885575, 208299.349073592515197 ], [ 449608.670653706998564, 208301.321574267145479 ], [ 449603.291106412478257, 208307.463224095001351 ], [ 449600.153037157491781, 208310.735782032337738 ], [ 449598.763320773141459, 208312.215157538303174 ], [ 449595.356274153338745, 208315.398056354169967 ], [ 449592.7113300669007, 208318.132659562164918 ], [ 449589.618090372649021, 208321.13624013485969 ], [ 449587.376612333289813, 208323.332888613425894 ], [ 449584.910986490023788, 208325.395048409613082 ], [ 449581.190132944728248, 208327.726185570500093 ], [ 449576.034733454231173, 208332.926414621731965 ], [ 449574.869164873787668, 208335.167892661062069 ], [ 449572.762175516807474, 208338.171473233756842 ], [ 449569.041321971511934, 208341.175053806480719 ], [ 449565.679104912502225, 208344.537270865490427 ], [ 449562.989331265329383, 208346.689089783234522 ], [ 449561.958251367206685, 208347.63051055977121 ], [ 449557.968420457211323, 208350.678920693258988 ], [ 449555.323476370831486, 208353.099716975732008 ], [ 449550.840520292171277, 208355.923979305312969 ], [ 449546.581712017417885, 208359.017218999593752 ], [ 449542.547051546629518, 208361.841481329145608 ], [ 449536.270913036481943, 208367.355517305899411 ], [ 449536.181253914895933, 208367.445176427485421 ], [ 449529.949944965424947, 208373.22818976896815 ], [ 449527.798126047651749, 208375.066201761219418 ], [ 449525.287670643592719, 208377.890464090800378 ], [ 449522.597896996419877, 208380.804385541938245 ], [ 449520.446078078646678, 208382.776886216539424 ], [ 449518.025281796173658, 208385.018364255869528 ], [ 449514.259598690085113, 208388.604729118815158 ], [ 449507.848971497616731, 208392.729048711160431 ], [ 449506.100618626922369, 208394.791208507347619 ], [ 449502.424594642419834, 208397.749959519278491 ], [ 449498.076127246080432, 208400.663880970416358 ], [ 449493.862148532120045, 208403.75712066469714 ], [ 449489.782658500538673, 208407.25382640605676 ], [ 449487.58601002197247, 208409.226327080687042 ], [ 449484.447940766927786, 208412.36439633576083 ], [ 449479.875325566681568, 208416.040420320292469 ], [ 449477.544188405794557, 208419.178489575366257 ], [ 449474.675096515449695, 208422.854513559868792 ], [ 449471.895663746632636, 208426.127071497292491 ], [ 449468.847253613173962, 208429.130652070016367 ], [ 449466.336798209114932, 208431.192811866203556 ], [ 449464.050490608962718, 208433.075653419218725 ], [ 449460.95725091471104, 208435.765427066449774 ], [ 449457.953670341987163, 208437.468950376322027 ], [ 449454.961297162284609, 208439.553524951974396 ], [ 449453.425884702533949, 208441.548440407903399 ], [ 449451.408554467139766, 208443.386452400154667 ], [ 449448.180826090509072, 208445.762419121863786 ], [ 449441.859858019568492, 208450.110886518174084 ], [ 449434.283662246656604, 208454.145546988991555 ], [ 449429.038603634573519, 208456.566343271464575 ], [ 449423.703885900962632, 208459.256116918666521 ], [ 449421.238260057696607, 208460.914810667774873 ], [ 449417.607065633987077, 208462.52867485609022 ], [ 449414.558655500470195, 208465.12878938173526 ], [ 449410.165358543395996, 208468.984131609380711 ], [ 449408.641153476666659, 208470.239359311410226 ], [ 449399.182116150623187, 208476.874134307814529 ], [ 449396.088876456313301, 208479.788055758952396 ], [ 449392.412852471810766, 208482.970954574819189 ], [ 449389.588590142258909, 208485.077943931799382 ], [ 449386.271202644042205, 208487.22976284957258 ], [ 449379.232961600529961, 208491.264423320360947 ], [ 449377.619097412214614, 208492.429991900804453 ], [ 449376.229381027806085, 208493.461071798898047 ], [ 449373.539607380633242, 208496.374993250035914 ], [ 449371.746424949145876, 208499.423403383552795 ], [ 449370.132560760830529, 208500.678631085553207 ], [ 449365.111649952712469, 208505.29607584659243 ], [ 449359.23897748964373, 208509.734202364488738 ], [ 449355.69744218752021, 208512.199828207754763 ], [ 449351.169656548066996, 208514.844772294163704 ], [ 449343.010676484904252, 208521.658865533740027 ], [ 449340.141584594501182, 208523.990002694656141 ], [ 449334.806866860890295, 208528.56261789490236 ], [ 449332.161922774510458, 208530.98341417737538 ], [ 449328.441069229214918, 208535.914665863936534 ], [ 449326.872034601692576, 208537.797507416980807 ], [ 449322.030442036688328, 208542.370122617227025 ], [ 449318.713054538471624, 208546.046146601729561 ], [ 449316.96470166783547, 208548.33245420185267 ], [ 449313.512825487239752, 208553.174046766827814 ], [ 449310.598904036101885, 208555.639672610093839 ], [ 449307.281516537885182, 208558.508764500438701 ], [ 449303.964129039668478, 208561.108879026083741 ], [ 449300.153616372786928, 208564.336607402714435 ], [ 449291.277363337110728, 208573.347349120856961 ], [ 449288.318612325179856, 208575.275020234665135 ], [ 449282.759746787662152, 208578.592407732881838 ], [ 449279.666507093352266, 208580.206271921197185 ], [ 449274.824914528406225, 208582.76155688604922 ], [ 449259.358716056973208, 208592.175764651241479 ], [ 449259.269056935387198, 208592.444742015970405 ], [ 449258.41729528043652, 208593.520651474857004 ], [ 449253.979168762569316, 208597.062186777009629 ], [ 449249.989337852515746, 208600.020937788911397 ], [ 449245.416722652269527, 208602.934859240049263 ], [ 449234.702457624312956, 208610.421395891462453 ], [ 449233.357570800697431, 208612.214578322920715 ], [ 449230.264331106387544, 208615.262988456408493 ], [ 449225.781375027727336, 208618.625205515418202 ], [ 449219.998361686244607, 208622.166740817570826 ], [ 449213.27392756822519, 208628.173901962989476 ], [ 449210.718642603373155, 208630.549868684698595 ], [ 449207.759891591442283, 208632.746517163235694 ], [ 449203.590742438274901, 208635.570779492787551 ], [ 449200.497502744023222, 208637.677768849767745 ], [ 449194.266193794668652, 208642.609020536299795 ], [ 449186.779657143284567, 208648.97481816803338 ], [ 449184.627838225511368, 208650.947318842663663 ], [ 449180.727666437102016, 208654.219876780087361 ], [ 449177.410278938885313, 208656.864820866496302 ], [ 449174.092891440668609, 208660.182208364713006 ], [ 449172.120390766009223, 208662.42368640404311 ], [ 449170.909992624772713, 208663.678914106072625 ], [ 449167.928826833318453, 208666.010051266930532 ] ] ] } },
{ "type": "Feature", "properties": { "id": null }, "geometry": { "type": "MultiLineString", "coordinates": [ [ [ 448852.989954917051364, 209201.476740084326593 ], [ 448860.151477251260076, 209199.571483750391053 ], [ 448868.40011643600883, 209196.523073616903275 ], [ 448875.034891432442237, 209195.088527671730844 ], [ 448882.028302915161476, 209193.474663483415497 ], [ 448892.428761017683428, 209190.426253349898616 ], [ 448902.111946147575509, 209187.557161459553754 ], [ 448910.360585332324263, 209185.584660784952575 ], [ 448917.533315058215521, 209186.122615514381323 ], [ 448929.009682619594969, 209184.867387812351808 ], [ 448940.306731937860604, 209183.253523624036461 ], [ 448944.789688016520813, 209182.715568894607713 ], [ 448950.886508283554576, 209181.460341192578198 ], [ 448959.852420440874994, 209180.205113490548683 ], [ 448968.101059625623748, 209179.667158761090832 ], [ 448977.246290026116185, 209177.873976329632569 ], [ 448983.701746779377572, 209176.79806687074597 ], [ 448989.977885289525148, 209176.260112141317222 ], [ 448997.329933258588426, 209175.901475655002287 ], [ 449002.530162309820298, 209176.080793898174306 ], [ 449006.295845415908843, 209176.260112141317222 ], [ 449009.164937306253705, 209175.722157411859371 ], [ 449015.429868427279871, 209174.545381441363133 ], [ 449022.793123785406351, 209172.315110792085761 ], [ 449032.29699067218462, 209168.728745929140132 ], [ 449040.904266343277413, 209165.680335795652354 ], [ 449050.408133230055682, 209164.066471607337007 ], [ 449057.760181199060753, 209162.273289175849641 ], [ 449064.753592681779992, 209160.83874323067721 ], [ 449070.491776462469716, 209159.404197285504779 ], [ 449081.430189294449519, 209155.997150665731169 ], [ 449090.754737938055769, 209154.383286477415822 ], [ 449108.14860752329696, 209151.514194587041857 ], [ 449115.321337249188218, 209150.079648641869426 ], [ 449125.542477108538151, 209148.645102696696995 ], [ 449134.508389265916776, 209146.851920265238732 ], [ 449138.991345344576985, 209145.776010806352133 ], [ 449145.08816561155254, 209143.265555402293103 ], [ 449150.1090764196706, 209140.575781755091157 ], [ 449159.422417675319593, 209139.992997465538792 ], [ 449173.420448028773535, 209135.375552703830181 ], [ 449179.69658653892111, 209132.147824327170383 ], [ 449190.634999370842706, 209128.740777707396774 ], [ 449198.525002069305629, 209126.051004060194828 ], [ 449208.566823685541749, 209123.361230412992882 ], [ 449222.015691921580583, 209118.519637848017737 ], [ 449228.829785161127802, 209116.009182443958707 ], [ 449236.719787859590724, 209114.753954741929192 ], [ 449246.402972989541013, 209111.705544608441414 ], [ 449256.444794605718926, 209107.401906772924121 ], [ 449266.486616221955046, 209103.815541909978492 ], [ 449280.114802701107692, 209097.718721642973833 ], [ 449287.646168913284782, 209095.566902725229738 ], [ 449296.970717556949239, 209091.263264889712445 ], [ 449299.481172961008269, 209090.545991917111678 ], [ 449308.805721604614519, 209087.318263540480984 ], [ 449314.005950655904599, 209086.242354081594385 ], [ 449317.412997275649104, 209085.166444622707786 ], [ 449321.895953354367521, 209083.911216920678271 ], [ 449329.248001323314384, 209079.428260841988958 ], [ 449334.806866860890295, 209076.379850708501181 ], [ 449338.034595237520989, 209074.586668277013814 ], [ 449340.545050641580019, 209073.510758818156319 ], [ 449342.338233073067386, 209072.43484935926972 ], [ 449343.952097261382733, 209071.717576386668952 ], [ 449349.298022387549281, 209069.050217520125443 ], [ 449356.683692524791695, 209065.800074362836313 ], [ 449371.567106705973856, 209058.98598112325999 ], [ 449377.30529048666358, 209054.682343287742697 ], [ 449381.788246565323789, 209051.095978424797067 ], [ 449390.216203993244562, 209048.04756829130929 ], [ 449403.844390472397208, 209043.026657483191229 ], [ 449409.40325600997312, 209039.619610863388516 ], [ 449414.24484857491916, 209038.185064918216085 ], [ 449435.763037752651144, 209029.757107490295311 ], [ 449440.245993831311353, 209027.605288572522113 ], [ 449448.315314772946294, 209023.480968980147736 ], [ 449457.460545173438732, 209020.970513576088706 ], [ 449463.557365440414287, 209017.204830470029265 ], [ 449467.681685032788664, 209012.901192634482868 ], [ 449471.447368138877209, 209012.183919661911204 ], [ 449476.46827894699527, 209011.466646689310437 ], [ 449480.413280296255834, 209010.570055473595858 ], [ 449484.716918131744023, 209008.776873042108491 ], [ 449498.165786367782857, 209003.218007504561683 ], [ 449503.007378932728898, 209001.783461559389252 ], [ 449506.952380281989463, 209000.886870343645569 ], [ 449509.283517442876473, 208999.810960884788074 ], [ 449514.483746495214291, 208999.45232439841493 ], [ 449521.297839733713772, 208996.762550751300296 ], [ 449534.208753240294755, 208992.817549402068835 ], [ 449544.250574856472667, 208989.948457511723973 ], [ 449548.195576205733232, 208987.617320350807859 ], [ 449556.444215390481986, 208984.030955487862229 ], [ 449563.796263359487057, 208979.727317652344937 ], [ 449575.093312677752692, 208974.706406844226876 ], [ 449580.114223485870752, 208972.913224412768614 ], [ 449589.618090372649021, 208970.044132522423752 ], [ 449597.508093071111944, 208968.430268334108405 ], [ 449600.556503204570618, 208967.892313604650553 ], [ 449605.218777526402846, 208966.099131173192291 ], [ 449607.370596444176044, 208964.305948741704924 ], [ 449608.625824146205559, 208963.947312255419092 ] ] ] } },
{ "type": "Feature", "properties": { "id": null }, "geometry": { "type": "MultiLineString", "coordinates": [ [ [ 449608.625824146205559, 208963.947312255419092 ], [ 449600.287525839812588, 208974.796065965667367 ], [ 449598.494343408325221, 208977.665157856041333 ], [ 449592.845818749221507, 208983.493000758317066 ], [ 449588.542180913675111, 208989.679480146878632 ], [ 449583.70058834872907, 208997.031528115883702 ], [ 449578.231381932739168, 209002.68005277501652 ], [ 449570.072401869576424, 209012.811533512809547 ], [ 449560.209898496454116, 209025.632787897746312 ], [ 449559.044329916010611, 209029.039834517549025 ], [ 449548.016257962503005, 209043.116316604573512 ], [ 449541.829778573941439, 209053.247797342366539 ], [ 449533.401821146020666, 209061.855073013430228 ], [ 449531.877616079291329, 209064.006891931174323 ], [ 449528.470569460652769, 209067.144961186335422 ] ] ] } },
{ "type": "Feature", "properties": { "id": null }, "geometry": { "type": "MultiLineString", "coordinates": [ [ [ 449526.677387029165402, 209063.110300715547055 ], [ 449522.37374919251306, 209064.544846660573967 ], [ 449517.980452235380653, 209065.44143787631765 ], [ 449514.394087372464128, 209066.786324699904071 ], [ 449507.221357646572869, 209069.745075711834943 ], [ 449500.945219136425294, 209071.717576386465225 ], [ 449494.489762383163907, 209073.152122331637656 ], [ 449487.317032657272648, 209074.138372668938246 ], [ 449479.964984688267577, 209076.200532465125434 ], [ 449472.792254962376319, 209078.621328747598454 ], [ 449466.785093816986773, 209080.145533814356895 ], [ 449458.805431996937841, 209081.849057124258252 ], [ 449447.149746192386374, 209083.462921312573599 ], [ 449431.011104309174698, 209086.690649689233396 ], [ 449425.721216136298608, 209086.332013202918461 ], [ 449419.714054990909062, 209085.794058473489713 ], [ 449409.49291513155913, 209086.332013202918461 ], [ 449400.258025609480683, 209087.49758178339107 ], [ 449391.023136087402236, 209089.470082457992248 ], [ 449378.739836431865115, 209093.773720293509541 ], [ 449372.463697921717539, 209093.863379415095551 ], [ 449369.684265152958687, 209093.325424685666803 ], [ 449359.283807050436735, 209091.263264889479615 ], [ 449348.166075975343119, 209089.02178685014951 ], [ 449342.607210437825415, 209088.125195634405827 ], [ 449339.43551901448518, 209087.071700956410496 ], [ 449331.668797605845612, 209085.794058473489713 ], [ 449325.840954703569878, 209083.642239555745618 ], [ 449324.854704366298392, 209083.552580434159609 ], [ 449321.895953354367521, 209083.911216920678271 ], [ 449316.157769573677797, 209081.58007975955843 ], [ 449312.302427346003242, 209080.235192935942905 ], [ 449303.874469918082468, 209077.724737531883875 ], [ 449295.625830733333714, 209075.034963884681929 ], [ 449288.004805399570614, 209073.331440574780572 ], [ 449273.838664190960117, 209070.910644292307552 ], [ 449263.707183453137986, 209069.027802739263279 ], [ 449250.527292581857182, 209064.186210174288135 ], [ 449242.81660812656628, 209063.11030071543064 ], [ 449234.030014212359674, 209060.689504432928516 ], [ 449228.829785161127802, 209057.730753421026748 ], [ 449227.215920972754247, 209056.475525718997233 ], [ 449218.877622666361276, 209047.688931804819731 ], [ 449207.401255104981828, 209039.260974376928061 ], [ 449194.490341598400846, 209029.039834517549025 ], [ 449180.503518632962368, 209020.432558846514439 ], [ 449169.385787557868753, 209013.797783850081032 ], [ 449158.268056482716929, 209009.31482777139172 ], [ 449144.998506489850115, 209002.142098045529565 ], [ 449136.929185548273381, 208994.072777103923727 ], [ 449127.783955147780944, 208984.210273730830522 ], [ 449117.921451774716843, 208977.037544004968368 ], [ 449093.354852463584393, 208963.767994012101553 ], [ 449084.209622063091956, 208956.95390077252523 ], [ 449077.216210580372717, 208950.857080505520571 ], [ 449072.912572744884528, 208947.808670372032793 ], [ 449065.201888289535418, 208943.505032536486397 ], [ 449060.53961396770319, 208940.99457713245647 ], [ 449050.800391888187733, 208935.738311130553484 ], [ 449047.270063974836376, 208932.387301461392781 ], [ 449044.759608570777345, 208929.697527814190835 ], [ 449042.428471409890335, 208927.545708896417636 ], [ 449032.924604523112066, 208923.421389304043259 ], [ 449027.903693714994006, 208922.166161602013744 ], [ 449023.062101150047965, 208921.269570386299165 ], [ 449018.758463314501569, 208919.835024441126734 ], [ 449016.96528088307241, 208919.297069711668883 ], [ 449012.123688318068162, 208918.041842009639367 ], [ 449009.142522526788525, 208916.876273429428693 ], [ 448991.143453869968653, 208910.689794040663401 ], [ 448980.922314010560513, 208906.386156205146108 ], [ 448975.542766716156621, 208904.055019044229994 ], [ 448971.597765366954263, 208903.33774607165833 ], [ 448968.549355233437382, 208903.875700801087078 ], [ 448966.576854558836203, 208904.592973773687845 ], [ 448958.608400130760856, 208908.560389903490432 ], [ 448952.410713350225706, 208908.537975122919306 ], [ 448949.182984973595012, 208908.896611609205138 ], [ 448942.906846463447437, 208908.000020393461455 ], [ 448938.244572141615208, 208905.310246746259509 ], [ 448930.713205929438118, 208902.082518369628815 ], [ 448925.154340391920414, 208900.289335938141448 ], [ 448916.009109991427977, 208897.958198777254438 ], [ 448909.37433499499457, 208897.061607561510755 ], [ 448904.712060673162341, 208897.420244047796587 ], [ 448902.739559998561163, 208897.420244047796587 ], [ 448895.566830272669904, 208895.627061616338324 ], [ 448892.697738382325042, 208894.909788643737556 ], [ 448881.042052577773575, 208890.426832565048244 ], [ 448875.57284616358811, 208887.602570236107567 ], [ 448869.565685016394127, 208885.5852400000731 ], [ 448850.19931475649355, 208878.053873787896009 ], [ 448848.047495838778559, 208877.336600815324346 ], [ 448844.640449218975846, 208875.543418383836979 ], [ 448840.874766112887301, 208873.929554195521632 ], [ 448840.336811383429449, 208873.929554195521632 ], [ 448835.932307037466671, 208874.501131096039899 ] ] ] } },
{ "type": "Feature", "properties": { "id": null }, "geometry": { "type": "MultiLineString", "coordinates": [ [ [ 449526.677387029165402, 209063.110300715547055 ], [ 449524.3462498668232, 209061.317118283972377 ], [ 449523.091022164793685, 209059.79291321724304 ], [ 449519.952952909749001, 209056.834162205312168 ], [ 449516.545906289946288, 209054.144388558110222 ], [ 449513.497496156487614, 209051.813251397194108 ], [ 449511.524995481828228, 209049.930409844149835 ], [ 449509.283517442527227, 209046.971658832248067 ], [ 449507.848971497325692, 209046.075067616504384 ], [ 449504.666072681488004, 209041.950748024100903 ], [ 449502.4694242029218, 209037.781598870933522 ], [ 449500.13828704203479, 209034.105574886430986 ], [ 449498.255445488961414, 209032.222733333386714 ], [ 449496.507092618267052, 209029.757107490120688 ], [ 449494.624251065251883, 209027.156992964504752 ], [ 449491.755159174907021, 209023.391309858445311 ], [ 449488.079135190404486, 209018.908353779755998 ], [ 449487.048055292281788, 209017.115171348297736 ], [ 449485.254872860852629, 209015.142670673667453 ], [ 449480.413280296255834, 209010.570055473595858 ], [ 449477.589017966238316, 209005.504315104539273 ], [ 449473.375039252336137, 209001.738631998450728 ], [ 449468.085151079460047, 208994.924538758874405 ], [ 449463.602195000799838, 208987.213854303554399 ], [ 449458.222647706395946, 208981.296352279692655 ], [ 449453.739691627735738, 208978.606578632490709 ], [ 449449.705031156947371, 208974.571918161702342 ], [ 449443.787529133085627, 208967.488847557397094 ], [ 449434.821616975823417, 208958.25395803534775 ], [ 449430.517979140277021, 208952.964069862500764 ], [ 449427.559228128346149, 208949.915659729012987 ], [ 449424.331499751715455, 208947.405204324953957 ], [ 449422.717635563400108, 208946.149976622924441 ], [ 449419.310588943597395, 208943.639521218865411 ], [ 449416.710474417952355, 208941.308384057978401 ], [ 449414.648314621765167, 208939.515201626491034 ], [ 449412.137859217706136, 208938.080655681318603 ], [ 449409.19031559873838, 208936.982331442239229 ], [ 449401.199446385726333, 208930.100993861269671 ], [ 449392.323193349991925, 208923.017923256993527 ], [ 449383.177962949499488, 208916.562466503703035 ], [ 449369.549776470346842, 208905.982690158038167 ], [ 449363.90125181118492, 208902.575643538235454 ], [ 449357.535454179509543, 208898.989278675318928 ], [ 449347.583291684859432, 208892.892458408314269 ], [ 449340.769198445254005, 208887.602570235467283 ], [ 449329.65146737016039, 208880.340181388019118 ], [ 449316.650894741993397, 208872.001883081713459 ], [ 449311.540324812347535, 208868.684495583496755 ], [ 449306.160777517943643, 208865.725744571565883 ], [ 449300.06395725090988, 208860.973811128176749 ], [ 449296.029296780121513, 208858.732333088846644 ], [ 449294.505091713392176, 208858.284037480974803 ], [ 449289.573840026860125, 208853.263126672885846 ], [ 449281.773496449983213, 208849.228466202068375 ], [ 449274.062811994634103, 208845.55244221756584 ], [ 449270.566106253303587, 208843.579941542964661 ], [ 449265.365877202013507, 208841.517781746777473 ], [ 449261.33121673122514, 208839.545281072147191 ], [ 449251.110076871875208, 208833.627779048314551 ], [ 449238.378481608408038, 208826.455049322423292 ], [ 449233.895525529747829, 208822.330729730048915 ], [ 449227.888364384358283, 208818.116751016117632 ], [ 449220.805293780053034, 208810.854362168640364 ], [ 449215.24642824253533, 208803.054018591763452 ], [ 449212.018699865904637, 208796.508902716886951 ], [ 449203.411424194811843, 208787.274013194837607 ], [ 449195.07312588847708, 208778.308101037488086 ], [ 449190.948806296102703, 208771.673326041054679 ], [ 449184.762326907541137, 208765.576505774079124 ], [ 449173.19630022457568, 208758.762412534502801 ], [ 449167.278798200830352, 208748.8999091614387 ], [ 449164.768342796771321, 208743.699680110177724 ], [ 449160.733682325982954, 208737.064905113744317 ], [ 449152.843679627520032, 208729.35422065842431 ], [ 449149.88492861558916, 208726.216151403350523 ], [ 449145.939927266386803, 208722.091831810976146 ], [ 449138.520634957123548, 208712.363817120407475 ], [ 449131.953104300890118, 208705.953189927793574 ], [ 449124.511397210299037, 208697.345914256758988 ], [ 449118.235258700151462, 208690.711139260325581 ], [ 449112.138438433175907, 208685.510910209064605 ], [ 449108.103777962387539, 208681.386590616690228 ], [ 449104.696731342584826, 208676.903634538000915 ], [ 449099.586161412880756, 208668.475677110109245 ], [ 449092.054795200820081, 208659.330446709558601 ], [ 449087.930475608445704, 208653.412944685725961 ], [ 449084.344110745470971, 208648.661011242336826 ], [ 449082.19229182775598, 208644.805669014662271 ], [ 449080.847405004140455, 208640.86066766543081 ], [ 449079.771495545224752, 208636.377711586770602 ], [ 449079.68183642369695, 208633.239642331696814 ], [ 449079.861154666810762, 208629.473959225608269 ], [ 449080.578427639324218, 208622.480547742918134 ], [ 449080.365487227565609, 208620.575291409157217 ] ] ] } },
{ "type": "Feature", "properties": { "id": null }, "geometry": { "type": "MultiLineString", "coordinates": [ [ [ 450074.205259939597454, 207845.63456734950887 ], [ 450071.222061904205475, 207840.473689379490679 ], [ 450071.222061904205475, 207837.425279245973798 ], [ 450070.863425417861436, 207835.452778571372619 ], [ 450069.78751595900394, 207832.763004924170673 ], [ 450068.19606655248208, 207830.342208641930483 ] ] ] } },
{ "type": "Feature", "properties": { "id": null }, "geometry": { "type": "MultiLineString", "coordinates": [ [ [ 448714.085560819425154, 209298.611190918716602 ], [ 448711.339750220009591, 209300.505239861289738 ], [ 448710.263840761152096, 209301.939785806462169 ], [ 448706.677475898177363, 209304.808877696807031 ], [ 448704.167020494118333, 209307.677969587151892 ], [ 448703.449747521546669, 209308.215924316609744 ], [ 448701.297928603773471, 209310.188424991210923 ], [ 448699.863382658630144, 209311.981607422669185 ], [ 448698.070200227142777, 209314.492062826728215 ], [ 448696.814972525113262, 209316.285245258215582 ], [ 448695.380426579969935, 209319.154337148560444 ], [ 448693.766562391654588, 209322.920020254648989 ], [ 448692.332016446453054, 209325.789112144993851 ], [ 448691.43542523070937, 209327.76161281959503 ], [ 448690.359515771851875, 209330.630704709939891 ], [ 448689.642242799222004, 209335.651615518057952 ], [ 448689.462924556108192, 209339.775935110432329 ], [ 448689.462924556108192, 209342.645027000777191 ], [ 448689.462924556108192, 209346.948664836323587 ], [ 448687.311105638334993, 209355.376622264215257 ], [ 448686.952469152049161, 209357.528441181988455 ], [ 448685.338604963733815, 209362.907988476392347 ], [ 448685.159286720561795, 209363.983897935249843 ], [ 448684.0833772617043, 209367.928899284481304 ], [ 448683.366104289132636, 209373.667083065200131 ], [ 448683.007467802788597, 209377.253447928116657 ], [ 448683.007467802788597, 209382.453676979377633 ], [ 448682.828149559674785, 209386.936633058066946 ], [ 448682.469513073388953, 209389.08845197581104 ], [ 448681.752240100817289, 209391.778225623012986 ], [ 448679.779739426157903, 209395.902545215387363 ], [ 448679.062466453586239, 209399.13027359204716 ], [ 448678.88314821041422, 209402.178683725534938 ], [ 448679.062466453586239, 209404.151184400165221 ], [ 448679.959057669329923, 209405.406412102194736 ], [ 448683.724740775418468, 209407.020276290510083 ], [ 448688.170974276203196, 209408.791181462060194 ] ] ] } },
{ "type": "Feature", "properties": { "id": null }, "geometry": { "type": "MultiLineString", "coordinates": [ [ [ 448679.959057669329923, 209405.406412102194736 ], [ 448680.765989763312973, 209407.378912776795914 ], [ 448680.855648884898983, 209411.323914126027375 ], [ 448681.214285371184815, 209413.386073922214564 ], [ 448682.021217465342488, 209415.627551961544668 ], [ 448683.186786045785993, 209416.882779663574183 ], [ 448686.324855300888885, 209418.317325608746614 ], [ 448687.938719489204232, 209418.944939459761372 ], [ 448693.228607662022114, 209420.917440134391654 ], [ 448699.953041780041531, 209423.248577295278665 ], [ 448701.835883333056699, 209424.414145875751274 ], [ 448703.629065764544066, 209425.131418848322937 ], [ 448708.829294815834146, 209427.10391952295322 ], [ 448712.863955286622513, 209428.538465468125651 ], [ 448718.871116432012059, 209430.421307021169923 ], [ 448720.484980620327406, 209430.869602629041765 ], [ 448725.326573185331654, 209431.138579993741587 ], [ 448727.119755616760813, 209431.766193844756344 ], [ 448729.450892777706031, 209431.766193844756344 ], [ 448730.526802236563526, 209431.676534723199438 ], [ 448734.202826221066061, 209429.435056683869334 ], [ 448735.940348271396942, 209428.390505558927543 ] ] ] } }
]
}
